W0329 16:34:40.978000 140508108342464 torch/distributed/run.py:779] 
W0329 16:34:40.978000 140508108342464 torch/distributed/run.py:779] *****************************************
W0329 16:34:40.978000 140508108342464 torch/distributed/run.py:779] Setting OMP_NUM_THREADS environment variable for each process to be 1 in default, to avoid your system being overloaded, please further tune the variable for optimal performance in your application as needed. 
W0329 16:34:40.978000 140508108342464 torch/distributed/run.py:779] *****************************************
swanlab: Tracking run with swanlab version 0.7.13
swanlab: Run data will be saved locally in /home/yjp/em_bench/learn/minimind/trainer/swanlog/run-20260329_163448-48vtjgldxt7fiiudntyr6
swanlab: 👋 Hi lanze,welcome to swanlab!
swanlab: Syncing run MiniMind-GRPO-Epoch-1-BS-2-LR-8e-08 to the cloud
swanlab: 🏠 View project at https://swanlab.cn/@lanze/MiniMind-GRPO
swanlab: 🚀 View run at https://swanlab.cn/@lanze/MiniMind-GRPO/runs/48vtjgldxt7fiiudntyr6
`torch_dtype` is deprecated! Use `dtype` instead!
Model Params: 104.03M
Trainable Params: 104.031M
Loading checkpoint shards:   0%|          | 0/2 [00:00<?, ?it/s]Loading checkpoint shards: 100%|██████████| 2/2 [00:00<00:00, 67.27it/s]
torch.compile enabled
Model Params: 104.03M
Trainable Params: 104.031M
`torch_dtype` is deprecated! Use `dtype` instead!
Loading checkpoint shards:   0%|          | 0/2 [00:00<?, ?it/s]Loading checkpoint shards: 100%|██████████| 2/2 [00:00<00:00, 75.59it/s]
past_key_values should not be None in from_legacy_cache()
past_key_values should not be None in from_legacy_cache()
Epoch:[1/1](1/2500), Actor Loss: 0.0000, Aux Loss: 0.0000, Reward: -0.3211, Avg Response Len: 248.25, Learning Rate: 0.00000008
Epoch:[1/1](2/2500), Actor Loss: 0.0000, Aux Loss: 0.0000, Reward: 0.4277, Avg Response Len: 209.50, Learning Rate: 0.00000008
Epoch:[1/1](3/2500), Actor Loss: 0.0000, Aux Loss: 0.0000, Reward: -0.6599, Avg Response Len: 286.94, Learning Rate: 0.00000008
Epoch:[1/1](4/2500), Actor Loss: 0.0000, Aux Loss: 0.0000, Reward: -0.2633, Avg Response Len: 299.19, Learning Rate: 0.00000008
Epoch:[1/1](5/2500), Actor Loss: 0.0000, Aux Loss: 0.0000, Reward: -0.1331, Avg Response Len: 397.00, Learning Rate: 0.00000008
Epoch:[1/1](6/2500), Actor Loss: 0.0000, Aux Loss: 0.0000, Reward: -0.2901, Avg Response Len: 270.69, Learning Rate: 0.00000008
Epoch:[1/1](7/2500), Actor Loss: 0.0000, Aux Loss: 0.0000, Reward: -0.6232, Avg Response Len: 328.12, Learning Rate: 0.00000008
Epoch:[1/1](8/2500), Actor Loss: 0.0000, Aux Loss: 0.0000, Reward: -0.0750, Avg Response Len: 151.62, Learning Rate: 0.00000008
Epoch:[1/1](9/2500), Actor Loss: 0.0002, Aux Loss: 0.0000, Reward: -0.9245, Avg Response Len: 269.12, Learning Rate: 0.00000008
Epoch:[1/1](10/2500), Actor Loss: 0.0004, Aux Loss: 0.0000, Reward: -0.6549, Avg Response Len: 432.25, Learning Rate: 0.00000008
Epoch:[1/1](11/2500), Actor Loss: 0.0003, Aux Loss: 0.0000, Reward: 0.3983, Avg Response Len: 228.88, Learning Rate: 0.00000008
Epoch:[1/1](12/2500), Actor Loss: 0.0023, Aux Loss: 0.0000, Reward: -0.1561, Avg Response Len: 116.06, Learning Rate: 0.00000008
Epoch:[1/1](13/2500), Actor Loss: 0.0006, Aux Loss: 0.0000, Reward: 0.1421, Avg Response Len: 331.69, Learning Rate: 0.00000008
Epoch:[1/1](14/2500), Actor Loss: 0.0003, Aux Loss: 0.0000, Reward: -0.5651, Avg Response Len: 230.75, Learning Rate: 0.00000008
Epoch:[1/1](15/2500), Actor Loss: 0.0009, Aux Loss: 0.0000, Reward: 0.6271, Avg Response Len: 433.31, Learning Rate: 0.00000008
Epoch:[1/1](16/2500), Actor Loss: 0.0002, Aux Loss: 0.0000, Reward: -0.3502, Avg Response Len: 325.19, Learning Rate: 0.00000008
Epoch:[1/1](17/2500), Actor Loss: 0.0002, Aux Loss: 0.0000, Reward: 0.0321, Avg Response Len: 237.69, Learning Rate: 0.00000008
Epoch:[1/1](18/2500), Actor Loss: 0.0038, Aux Loss: 0.0000, Reward: 0.0196, Avg Response Len: 251.25, Learning Rate: 0.00000008
Epoch:[1/1](19/2500), Actor Loss: 0.0005, Aux Loss: 0.0000, Reward: -0.5865, Avg Response Len: 360.44, Learning Rate: 0.00000008
Epoch:[1/1](20/2500), Actor Loss: 0.0003, Aux Loss: 0.0000, Reward: 0.4091, Avg Response Len: 377.69, Learning Rate: 0.00000008
Epoch:[1/1](21/2500), Actor Loss: 0.0041, Aux Loss: 0.0000, Reward: -1.3019, Avg Response Len: 289.12, Learning Rate: 0.00000008
Epoch:[1/1](22/2500), Actor Loss: 0.0026, Aux Loss: 0.0000, Reward: -0.1564, Avg Response Len: 250.38, Learning Rate: 0.00000008
Epoch:[1/1](23/2500), Actor Loss: 0.0006, Aux Loss: 0.0000, Reward: -0.4436, Avg Response Len: 211.81, Learning Rate: 0.00000008
Epoch:[1/1](24/2500), Actor Loss: 0.0002, Aux Loss: 0.0000, Reward: -0.3802, Avg Response Len: 269.50, Learning Rate: 0.00000008
Epoch:[1/1](25/2500), Actor Loss: 0.0007, Aux Loss: 0.0000, Reward: -0.1548, Avg Response Len: 352.56, Learning Rate: 0.00000008
Epoch:[1/1](26/2500), Actor Loss: 0.0004, Aux Loss: 0.0000, Reward: -0.7459, Avg Response Len: 333.94, Learning Rate: 0.00000008
Epoch:[1/1](27/2500), Actor Loss: 0.0003, Aux Loss: 0.0000, Reward: 0.0421, Avg Response Len: 349.56, Learning Rate: 0.00000008
Epoch:[1/1](28/2500), Actor Loss: 0.0003, Aux Loss: 0.0000, Reward: 0.0482, Avg Response Len: 304.25, Learning Rate: 0.00000008
Epoch:[1/1](29/2500), Actor Loss: 0.0007, Aux Loss: 0.0000, Reward: -0.5873, Avg Response Len: 239.38, Learning Rate: 0.00000008
Epoch:[1/1](30/2500), Actor Loss: 0.0004, Aux Loss: 0.0000, Reward: -0.2301, Avg Response Len: 321.75, Learning Rate: 0.00000008
Epoch:[1/1](31/2500), Actor Loss: 0.0008, Aux Loss: 0.0000, Reward: 0.8934, Avg Response Len: 335.88, Learning Rate: 0.00000008
Epoch:[1/1](32/2500), Actor Loss: 0.0400, Aux Loss: 0.0000, Reward: -0.9868, Avg Response Len: 321.56, Learning Rate: 0.00000008
Epoch:[1/1](33/2500), Actor Loss: 0.0002, Aux Loss: 0.0000, Reward: -0.5143, Avg Response Len: 310.44, Learning Rate: 0.00000008
Epoch:[1/1](34/2500), Actor Loss: 0.0004, Aux Loss: 0.0000, Reward: -0.0854, Avg Response Len: 217.31, Learning Rate: 0.00000008
Epoch:[1/1](35/2500), Actor Loss: 0.0004, Aux Loss: 0.0000, Reward: -0.8612, Avg Response Len: 221.25, Learning Rate: 0.00000008
Epoch:[1/1](36/2500), Actor Loss: 0.0003, Aux Loss: 0.0000, Reward: 1.1824, Avg Response Len: 253.56, Learning Rate: 0.00000008
Epoch:[1/1](37/2500), Actor Loss: 0.0002, Aux Loss: 0.0000, Reward: -0.3136, Avg Response Len: 404.56, Learning Rate: 0.00000008
Epoch:[1/1](38/2500), Actor Loss: 0.0003, Aux Loss: 0.0000, Reward: 0.0999, Avg Response Len: 171.12, Learning Rate: 0.00000008
Epoch:[1/1](39/2500), Actor Loss: 0.0001, Aux Loss: 0.0000, Reward: -0.0357, Avg Response Len: 366.44, Learning Rate: 0.00000008
Epoch:[1/1](40/2500), Actor Loss: 0.0001, Aux Loss: 0.0000, Reward: 0.0723, Avg Response Len: 364.19, Learning Rate: 0.00000008
Epoch:[1/1](41/2500), Actor Loss: 0.0008, Aux Loss: 0.0000, Reward: -0.8691, Avg Response Len: 208.75, Learning Rate: 0.00000008
Epoch:[1/1](42/2500), Actor Loss: 0.0002, Aux Loss: 0.0000, Reward: -0.8784, Avg Response Len: 325.94, Learning Rate: 0.00000008
Epoch:[1/1](43/2500), Actor Loss: 0.0003, Aux Loss: 0.0000, Reward: 0.3315, Avg Response Len: 244.38, Learning Rate: 0.00000008
Epoch:[1/1](44/2500), Actor Loss: 0.0002, Aux Loss: 0.0000, Reward: -0.3755, Avg Response Len: 276.44, Learning Rate: 0.00000008
Epoch:[1/1](45/2500), Actor Loss: 0.0007, Aux Loss: 0.0000, Reward: -1.1385, Avg Response Len: 311.06, Learning Rate: 0.00000008
Epoch:[1/1](46/2500), Actor Loss: 0.0002, Aux Loss: 0.0000, Reward: -0.1366, Avg Response Len: 366.44, Learning Rate: 0.00000008
Epoch:[1/1](47/2500), Actor Loss: 0.0001, Aux Loss: 0.0000, Reward: -0.7134, Avg Response Len: 485.12, Learning Rate: 0.00000008
Epoch:[1/1](48/2500), Actor Loss: 0.0001, Aux Loss: 0.0000, Reward: -1.1974, Avg Response Len: 463.69, Learning Rate: 0.00000008
Epoch:[1/1](49/2500), Actor Loss: 0.0002, Aux Loss: 0.0000, Reward: -0.6398, Avg Response Len: 328.50, Learning Rate: 0.00000008
Epoch:[1/1](50/2500), Actor Loss: 0.0002, Aux Loss: 0.0000, Reward: -1.0991, Avg Response Len: 371.69, Learning Rate: 0.00000008
Epoch:[1/1](51/2500), Actor Loss: 0.0003, Aux Loss: 0.0000, Reward: -0.1607, Avg Response Len: 254.31, Learning Rate: 0.00000008
Epoch:[1/1](52/2500), Actor Loss: 0.0001, Aux Loss: 0.0000, Reward: -0.6370, Avg Response Len: 491.94, Learning Rate: 0.00000008
Epoch:[1/1](53/2500), Actor Loss: 0.0002, Aux Loss: 0.0000, Reward: -0.0190, Avg Response Len: 328.19, Learning Rate: 0.00000008
Epoch:[1/1](54/2500), Actor Loss: 0.0001, Aux Loss: 0.0000, Reward: 0.1620, Avg Response Len: 407.44, Learning Rate: 0.00000008
Epoch:[1/1](55/2500), Actor Loss: 0.0002, Aux Loss: 0.0000, Reward: 0.4831, Avg Response Len: 333.38, Learning Rate: 0.00000008
Epoch:[1/1](56/2500), Actor Loss: 0.0001, Aux Loss: 0.0000, Reward: 0.7173, Avg Response Len: 348.56, Learning Rate: 0.00000008
Epoch:[1/1](57/2500), Actor Loss: 0.0002, Aux Loss: 0.0000, Reward: -0.8227, Avg Response Len: 189.88, Learning Rate: 0.00000008
Epoch:[1/1](58/2500), Actor Loss: 0.0002, Aux Loss: 0.0000, Reward: 0.1151, Avg Response Len: 363.00, Learning Rate: 0.00000008
Epoch:[1/1](59/2500), Actor Loss: 0.0002, Aux Loss: 0.0000, Reward: -1.3651, Avg Response Len: 329.31, Learning Rate: 0.00000008
Epoch:[1/1](60/2500), Actor Loss: 0.0001, Aux Loss: 0.0000, Reward: -1.3648, Avg Response Len: 395.44, Learning Rate: 0.00000008
Epoch:[1/1](61/2500), Actor Loss: 0.0001, Aux Loss: 0.0000, Reward: -1.7738, Avg Response Len: 427.56, Learning Rate: 0.00000008
Epoch:[1/1](62/2500), Actor Loss: 0.0003, Aux Loss: 0.0000, Reward: -0.6973, Avg Response Len: 324.56, Learning Rate: 0.00000008
Epoch:[1/1](63/2500), Actor Loss: 0.0005, Aux Loss: 0.0000, Reward: -0.8271, Avg Response Len: 336.38, Learning Rate: 0.00000008
Epoch:[1/1](64/2500), Actor Loss: 0.0006, Aux Loss: 0.0000, Reward: -0.9880, Avg Response Len: 228.25, Learning Rate: 0.00000008
Epoch:[1/1](65/2500), Actor Loss: 0.0003, Aux Loss: 0.0000, Reward: 0.6334, Avg Response Len: 249.12, Learning Rate: 0.00000008
Epoch:[1/1](66/2500), Actor Loss: 0.0013, Aux Loss: 0.0000, Reward: 0.4818, Avg Response Len: 181.00, Learning Rate: 0.00000008
Epoch:[1/1](67/2500), Actor Loss: 0.0002, Aux Loss: 0.0000, Reward: 0.0963, Avg Response Len: 226.31, Learning Rate: 0.00000008
Epoch:[1/1](68/2500), Actor Loss: 0.0005, Aux Loss: 0.0000, Reward: -0.9608, Avg Response Len: 59.56, Learning Rate: 0.00000008
Epoch:[1/1](69/2500), Actor Loss: 0.0001, Aux Loss: 0.0000, Reward: -0.5806, Avg Response Len: 121.50, Learning Rate: 0.00000008
Epoch:[1/1](70/2500), Actor Loss: 0.0002, Aux Loss: 0.0000, Reward: -0.6911, Avg Response Len: 260.12, Learning Rate: 0.00000008
Epoch:[1/1](71/2500), Actor Loss: 0.0002, Aux Loss: 0.0000, Reward: -0.3115, Avg Response Len: 284.62, Learning Rate: 0.00000008
Epoch:[1/1](72/2500), Actor Loss: 0.0002, Aux Loss: 0.0000, Reward: -0.2806, Avg Response Len: 258.38, Learning Rate: 0.00000008
Epoch:[1/1](73/2500), Actor Loss: 0.0002, Aux Loss: 0.0000, Reward: -0.5686, Avg Response Len: 180.44, Learning Rate: 0.00000008
Epoch:[1/1](74/2500), Actor Loss: 0.0001, Aux Loss: 0.0000, Reward: 0.5597, Avg Response Len: 452.38, Learning Rate: 0.00000008
Epoch:[1/1](75/2500), Actor Loss: 0.0001, Aux Loss: 0.0000, Reward: -0.9140, Avg Response Len: 512.56, Learning Rate: 0.00000008
Epoch:[1/1](76/2500), Actor Loss: 0.0002, Aux Loss: 0.0000, Reward: -1.1250, Avg Response Len: 387.69, Learning Rate: 0.00000008
Epoch:[1/1](77/2500), Actor Loss: 0.0003, Aux Loss: 0.0000, Reward: -1.4714, Avg Response Len: 389.25, Learning Rate: 0.00000008
Epoch:[1/1](78/2500), Actor Loss: 0.0003, Aux Loss: 0.0000, Reward: -0.3078, Avg Response Len: 287.56, Learning Rate: 0.00000008
Epoch:[1/1](79/2500), Actor Loss: 0.0003, Aux Loss: 0.0000, Reward: -0.0029, Avg Response Len: 310.81, Learning Rate: 0.00000008
Epoch:[1/1](80/2500), Actor Loss: 0.0002, Aux Loss: 0.0000, Reward: 0.0314, Avg Response Len: 609.31, Learning Rate: 0.00000008
Epoch:[1/1](81/2500), Actor Loss: 0.0003, Aux Loss: 0.0000, Reward: -0.7836, Avg Response Len: 266.44, Learning Rate: 0.00000008
Epoch:[1/1](82/2500), Actor Loss: 0.0011, Aux Loss: 0.0000, Reward: -0.7760, Avg Response Len: 269.31, Learning Rate: 0.00000008
Epoch:[1/1](83/2500), Actor Loss: 0.0001, Aux Loss: 0.0000, Reward: -0.8290, Avg Response Len: 285.62, Learning Rate: 0.00000008
Epoch:[1/1](84/2500), Actor Loss: 0.0006, Aux Loss: 0.0000, Reward: 0.0647, Avg Response Len: 161.94, Learning Rate: 0.00000008
Epoch:[1/1](85/2500), Actor Loss: 0.0004, Aux Loss: 0.0000, Reward: 0.0172, Avg Response Len: 49.31, Learning Rate: 0.00000008
Epoch:[1/1](86/2500), Actor Loss: 0.0002, Aux Loss: 0.0000, Reward: 0.0367, Avg Response Len: 376.00, Learning Rate: 0.00000008
Epoch:[1/1](87/2500), Actor Loss: 0.0002, Aux Loss: 0.0000, Reward: 0.5266, Avg Response Len: 386.56, Learning Rate: 0.00000008
Epoch:[1/1](88/2500), Actor Loss: 0.0002, Aux Loss: 0.0000, Reward: -0.9501, Avg Response Len: 422.44, Learning Rate: 0.00000008
Epoch:[1/1](89/2500), Actor Loss: 0.0004, Aux Loss: 0.0000, Reward: -0.3112, Avg Response Len: 202.00, Learning Rate: 0.00000008
Epoch:[1/1](90/2500), Actor Loss: 0.0002, Aux Loss: 0.0000, Reward: -1.4044, Avg Response Len: 409.12, Learning Rate: 0.00000008
Epoch:[1/1](91/2500), Actor Loss: 0.0002, Aux Loss: 0.0000, Reward: 0.2375, Avg Response Len: 385.31, Learning Rate: 0.00000008
Epoch:[1/1](92/2500), Actor Loss: 0.0011, Aux Loss: 0.0000, Reward: 0.1989, Avg Response Len: 130.69, Learning Rate: 0.00000008
Epoch:[1/1](93/2500), Actor Loss: 0.0007, Aux Loss: 0.0000, Reward: 0.2252, Avg Response Len: 270.38, Learning Rate: 0.00000008
Epoch:[1/1](94/2500), Actor Loss: 0.0002, Aux Loss: 0.0000, Reward: 0.0153, Avg Response Len: 319.00, Learning Rate: 0.00000008
Epoch:[1/1](95/2500), Actor Loss: 0.0003, Aux Loss: 0.0000, Reward: 0.2246, Avg Response Len: 178.31, Learning Rate: 0.00000008
Epoch:[1/1](96/2500), Actor Loss: 0.0002, Aux Loss: 0.0000, Reward: 0.2479, Avg Response Len: 180.25, Learning Rate: 0.00000008
Epoch:[1/1](97/2500), Actor Loss: 0.0014, Aux Loss: 0.0000, Reward: -0.9294, Avg Response Len: 426.06, Learning Rate: 0.00000008
Epoch:[1/1](98/2500), Actor Loss: 0.0002, Aux Loss: 0.0000, Reward: 0.0304, Avg Response Len: 332.69, Learning Rate: 0.00000008
Epoch:[1/1](99/2500), Actor Loss: 0.0002, Aux Loss: 0.0000, Reward: -0.0841, Avg Response Len: 439.19, Learning Rate: 0.00000008
Epoch:[1/1](100/2500), Actor Loss: 0.0012, Aux Loss: 0.0000, Reward: 0.6103, Avg Response Len: 169.38, Learning Rate: 0.00000008
Epoch:[1/1](101/2500), Actor Loss: 0.0003, Aux Loss: 0.0000, Reward: -0.5023, Avg Response Len: 344.62, Learning Rate: 0.00000008
Epoch:[1/1](102/2500), Actor Loss: 0.0003, Aux Loss: 0.0000, Reward: 0.1497, Avg Response Len: 289.25, Learning Rate: 0.00000008
Epoch:[1/1](103/2500), Actor Loss: 0.0005, Aux Loss: 0.0000, Reward: -1.3449, Avg Response Len: 269.44, Learning Rate: 0.00000008
Epoch:[1/1](104/2500), Actor Loss: 0.0002, Aux Loss: 0.0000, Reward: -0.4297, Avg Response Len: 303.56, Learning Rate: 0.00000008
Epoch:[1/1](105/2500), Actor Loss: 0.0002, Aux Loss: 0.0000, Reward: -1.0266, Avg Response Len: 398.00, Learning Rate: 0.00000008
Epoch:[1/1](106/2500), Actor Loss: 0.0002, Aux Loss: 0.0000, Reward: -1.2293, Avg Response Len: 184.75, Learning Rate: 0.00000008
Epoch:[1/1](107/2500), Actor Loss: 0.0003, Aux Loss: 0.0000, Reward: -0.6651, Avg Response Len: 227.31, Learning Rate: 0.00000008
Epoch:[1/1](108/2500), Actor Loss: 0.0002, Aux Loss: 0.0000, Reward: 0.1570, Avg Response Len: 261.94, Learning Rate: 0.00000008
Epoch:[1/1](109/2500), Actor Loss: 0.0002, Aux Loss: 0.0000, Reward: -0.4813, Avg Response Len: 322.00, Learning Rate: 0.00000008
Epoch:[1/1](110/2500), Actor Loss: 0.0002, Aux Loss: 0.0000, Reward: -0.7695, Avg Response Len: 390.19, Learning Rate: 0.00000008
Epoch:[1/1](111/2500), Actor Loss: 0.0009, Aux Loss: 0.0000, Reward: 0.1769, Avg Response Len: 319.50, Learning Rate: 0.00000008
Epoch:[1/1](112/2500), Actor Loss: 0.0001, Aux Loss: 0.0000, Reward: -1.1599, Avg Response Len: 504.25, Learning Rate: 0.00000008
Epoch:[1/1](113/2500), Actor Loss: 0.0015, Aux Loss: 0.0000, Reward: -0.5076, Avg Response Len: 113.31, Learning Rate: 0.00000008
Epoch:[1/1](114/2500), Actor Loss: 0.0004, Aux Loss: 0.0000, Reward: -0.1589, Avg Response Len: 236.69, Learning Rate: 0.00000008
Epoch:[1/1](115/2500), Actor Loss: 0.0003, Aux Loss: 0.0000, Reward: -0.0945, Avg Response Len: 382.50, Learning Rate: 0.00000008
Epoch:[1/1](116/2500), Actor Loss: 0.0002, Aux Loss: 0.0000, Reward: 0.1141, Avg Response Len: 298.00, Learning Rate: 0.00000008
Epoch:[1/1](117/2500), Actor Loss: 0.0002, Aux Loss: 0.0000, Reward: -0.9500, Avg Response Len: 268.06, Learning Rate: 0.00000008
Epoch:[1/1](118/2500), Actor Loss: 0.0002, Aux Loss: 0.0000, Reward: 0.5332, Avg Response Len: 331.31, Learning Rate: 0.00000008
Epoch:[1/1](119/2500), Actor Loss: 0.0005, Aux Loss: 0.0000, Reward: 0.3229, Avg Response Len: 111.50, Learning Rate: 0.00000008
Epoch:[1/1](120/2500), Actor Loss: 0.0002, Aux Loss: 0.0000, Reward: -0.2180, Avg Response Len: 387.62, Learning Rate: 0.00000008
Epoch:[1/1](121/2500), Actor Loss: 0.0002, Aux Loss: 0.0000, Reward: 0.1972, Avg Response Len: 388.44, Learning Rate: 0.00000008
Epoch:[1/1](122/2500), Actor Loss: 0.0003, Aux Loss: 0.0000, Reward: -0.3833, Avg Response Len: 330.81, Learning Rate: 0.00000008
Epoch:[1/1](123/2500), Actor Loss: 0.0009, Aux Loss: 0.0000, Reward: 0.2371, Avg Response Len: 121.19, Learning Rate: 0.00000008
Epoch:[1/1](124/2500), Actor Loss: 0.0002, Aux Loss: 0.0000, Reward: -2.0599, Avg Response Len: 438.31, Learning Rate: 0.00000008
Epoch:[1/1](125/2500), Actor Loss: 0.0003, Aux Loss: 0.0000, Reward: -0.2368, Avg Response Len: 288.19, Learning Rate: 0.00000008
Epoch:[1/1](126/2500), Actor Loss: 0.0002, Aux Loss: 0.0000, Reward: -0.5847, Avg Response Len: 300.69, Learning Rate: 0.00000008
Epoch:[1/1](127/2500), Actor Loss: 0.0003, Aux Loss: 0.0000, Reward: 0.6965, Avg Response Len: 319.06, Learning Rate: 0.00000008
Epoch:[1/1](128/2500), Actor Loss: 0.0004, Aux Loss: 0.0000, Reward: -0.7113, Avg Response Len: 222.50, Learning Rate: 0.00000008
Epoch:[1/1](129/2500), Actor Loss: 0.0004, Aux Loss: 0.0000, Reward: -1.3183, Avg Response Len: 208.06, Learning Rate: 0.00000008
Epoch:[1/1](130/2500), Actor Loss: 0.0002, Aux Loss: 0.0000, Reward: -1.1083, Avg Response Len: 322.56, Learning Rate: 0.00000008
Epoch:[1/1](131/2500), Actor Loss: 0.0002, Aux Loss: 0.0000, Reward: -0.3571, Avg Response Len: 374.19, Learning Rate: 0.00000008
Epoch:[1/1](132/2500), Actor Loss: 0.0002, Aux Loss: 0.0000, Reward: 0.1628, Avg Response Len: 333.56, Learning Rate: 0.00000008
Epoch:[1/1](133/2500), Actor Loss: 0.0004, Aux Loss: 0.0000, Reward: 1.0085, Avg Response Len: 364.50, Learning Rate: 0.00000008
Epoch:[1/1](134/2500), Actor Loss: 0.0005, Aux Loss: 0.0000, Reward: -0.3435, Avg Response Len: 250.50, Learning Rate: 0.00000008
Epoch:[1/1](135/2500), Actor Loss: 0.0003, Aux Loss: 0.0000, Reward: -0.6459, Avg Response Len: 294.69, Learning Rate: 0.00000008
Epoch:[1/1](136/2500), Actor Loss: 0.0002, Aux Loss: 0.0000, Reward: -0.2355, Avg Response Len: 220.62, Learning Rate: 0.00000008
Epoch:[1/1](137/2500), Actor Loss: 0.0002, Aux Loss: 0.0000, Reward: -0.4329, Avg Response Len: 435.12, Learning Rate: 0.00000008
Epoch:[1/1](138/2500), Actor Loss: 0.0004, Aux Loss: 0.0000, Reward: 0.3224, Avg Response Len: 289.38, Learning Rate: 0.00000008
Epoch:[1/1](139/2500), Actor Loss: 0.0002, Aux Loss: 0.0000, Reward: -1.0612, Avg Response Len: 354.00, Learning Rate: 0.00000008
Epoch:[1/1](140/2500), Actor Loss: 0.0006, Aux Loss: 0.0000, Reward: -0.6179, Avg Response Len: 290.88, Learning Rate: 0.00000008
Epoch:[1/1](141/2500), Actor Loss: 0.0006, Aux Loss: 0.0000, Reward: -0.3190, Avg Response Len: 345.25, Learning Rate: 0.00000008
Epoch:[1/1](142/2500), Actor Loss: 0.0002, Aux Loss: 0.0000, Reward: -0.1956, Avg Response Len: 350.69, Learning Rate: 0.00000008
Epoch:[1/1](143/2500), Actor Loss: 0.0003, Aux Loss: 0.0000, Reward: -0.7725, Avg Response Len: 321.31, Learning Rate: 0.00000008
Epoch:[1/1](144/2500), Actor Loss: 0.0003, Aux Loss: 0.0000, Reward: -1.7748, Avg Response Len: 322.00, Learning Rate: 0.00000008
Epoch:[1/1](145/2500), Actor Loss: 0.0002, Aux Loss: 0.0000, Reward: -0.6314, Avg Response Len: 305.50, Learning Rate: 0.00000008
Epoch:[1/1](146/2500), Actor Loss: 0.0002, Aux Loss: 0.0000, Reward: 0.0385, Avg Response Len: 409.38, Learning Rate: 0.00000008
Epoch:[1/1](147/2500), Actor Loss: 0.0056, Aux Loss: 0.0000, Reward: -0.3205, Avg Response Len: 88.06, Learning Rate: 0.00000008
Epoch:[1/1](148/2500), Actor Loss: 0.0006, Aux Loss: 0.0000, Reward: -0.4038, Avg Response Len: 353.31, Learning Rate: 0.00000008
Epoch:[1/1](149/2500), Actor Loss: 0.0002, Aux Loss: 0.0000, Reward: -0.8744, Avg Response Len: 449.25, Learning Rate: 0.00000008
Epoch:[1/1](150/2500), Actor Loss: 0.0002, Aux Loss: 0.0000, Reward: -0.6541, Avg Response Len: 438.81, Learning Rate: 0.00000008
Epoch:[1/1](151/2500), Actor Loss: 0.0026, Aux Loss: 0.0000, Reward: -0.6268, Avg Response Len: 177.56, Learning Rate: 0.00000008
Epoch:[1/1](152/2500), Actor Loss: 0.0008, Aux Loss: 0.0000, Reward: -1.0311, Avg Response Len: 154.56, Learning Rate: 0.00000008
Epoch:[1/1](153/2500), Actor Loss: 0.0003, Aux Loss: 0.0000, Reward: -0.1224, Avg Response Len: 527.06, Learning Rate: 0.00000008
Epoch:[1/1](154/2500), Actor Loss: 0.0028, Aux Loss: 0.0000, Reward: -0.8315, Avg Response Len: 303.44, Learning Rate: 0.00000008
Epoch:[1/1](155/2500), Actor Loss: 0.0005, Aux Loss: 0.0000, Reward: -0.5952, Avg Response Len: 175.25, Learning Rate: 0.00000008
Epoch:[1/1](156/2500), Actor Loss: 0.0004, Aux Loss: 0.0000, Reward: 0.6573, Avg Response Len: 330.94, Learning Rate: 0.00000008
Epoch:[1/1](157/2500), Actor Loss: 0.0002, Aux Loss: 0.0000, Reward: -0.1619, Avg Response Len: 382.69, Learning Rate: 0.00000008
Epoch:[1/1](158/2500), Actor Loss: 0.0003, Aux Loss: 0.0000, Reward: -0.7329, Avg Response Len: 261.88, Learning Rate: 0.00000008
Epoch:[1/1](159/2500), Actor Loss: 0.0002, Aux Loss: 0.0000, Reward: -1.3435, Avg Response Len: 307.94, Learning Rate: 0.00000008
Epoch:[1/1](160/2500), Actor Loss: 0.0009, Aux Loss: 0.0000, Reward: -1.1027, Avg Response Len: 244.56, Learning Rate: 0.00000008
Epoch:[1/1](161/2500), Actor Loss: 0.0007, Aux Loss: 0.0000, Reward: 0.0462, Avg Response Len: 31.00, Learning Rate: 0.00000008
Epoch:[1/1](162/2500), Actor Loss: 0.0002, Aux Loss: 0.0000, Reward: -0.2036, Avg Response Len: 387.81, Learning Rate: 0.00000008
Epoch:[1/1](163/2500), Actor Loss: 0.0009, Aux Loss: 0.0000, Reward: 0.3423, Avg Response Len: 228.75, Learning Rate: 0.00000008
Epoch:[1/1](164/2500), Actor Loss: 0.0002, Aux Loss: 0.0000, Reward: -0.0350, Avg Response Len: 370.00, Learning Rate: 0.00000008
Epoch:[1/1](165/2500), Actor Loss: 0.0003, Aux Loss: 0.0000, Reward: -1.4596, Avg Response Len: 365.00, Learning Rate: 0.00000008
Epoch:[1/1](166/2500), Actor Loss: 0.0002, Aux Loss: 0.0000, Reward: -0.3982, Avg Response Len: 381.50, Learning Rate: 0.00000008
Epoch:[1/1](167/2500), Actor Loss: 0.0002, Aux Loss: 0.0000, Reward: 0.7831, Avg Response Len: 415.12, Learning Rate: 0.00000008
Epoch:[1/1](168/2500), Actor Loss: 0.0017, Aux Loss: 0.0000, Reward: -1.1482, Avg Response Len: 317.44, Learning Rate: 0.00000008
Epoch:[1/1](169/2500), Actor Loss: 0.0007, Aux Loss: 0.0000, Reward: -0.9335, Avg Response Len: 263.06, Learning Rate: 0.00000008
Epoch:[1/1](170/2500), Actor Loss: 0.0005, Aux Loss: 0.0000, Reward: 0.5407, Avg Response Len: 249.31, Learning Rate: 0.00000008
Epoch:[1/1](171/2500), Actor Loss: 0.0002, Aux Loss: 0.0000, Reward: -0.9176, Avg Response Len: 446.94, Learning Rate: 0.00000008
Epoch:[1/1](172/2500), Actor Loss: 0.0003, Aux Loss: 0.0000, Reward: -0.5587, Avg Response Len: 286.56, Learning Rate: 0.00000008
Epoch:[1/1](173/2500), Actor Loss: 0.0005, Aux Loss: 0.0000, Reward: -1.3532, Avg Response Len: 202.75, Learning Rate: 0.00000008
Epoch:[1/1](174/2500), Actor Loss: 0.0004, Aux Loss: 0.0000, Reward: 0.5762, Avg Response Len: 265.25, Learning Rate: 0.00000008
Epoch:[1/1](175/2500), Actor Loss: 0.0019, Aux Loss: 0.0000, Reward: 0.1559, Avg Response Len: 250.00, Learning Rate: 0.00000008
Epoch:[1/1](176/2500), Actor Loss: 0.0011, Aux Loss: 0.0000, Reward: 0.6228, Avg Response Len: 165.25, Learning Rate: 0.00000008
Epoch:[1/1](177/2500), Actor Loss: 0.0005, Aux Loss: 0.0000, Reward: 0.5471, Avg Response Len: 274.62, Learning Rate: 0.00000008
Epoch:[1/1](178/2500), Actor Loss: 0.0059, Aux Loss: 0.0000, Reward: -0.4857, Avg Response Len: 132.31, Learning Rate: 0.00000008
Epoch:[1/1](179/2500), Actor Loss: 0.0004, Aux Loss: 0.0000, Reward: -0.2970, Avg Response Len: 189.75, Learning Rate: 0.00000008
Epoch:[1/1](180/2500), Actor Loss: 0.0016, Aux Loss: 0.0000, Reward: -1.6768, Avg Response Len: 220.19, Learning Rate: 0.00000008
Epoch:[1/1](181/2500), Actor Loss: 0.0017, Aux Loss: 0.0000, Reward: -0.1418, Avg Response Len: 56.19, Learning Rate: 0.00000008
Epoch:[1/1](182/2500), Actor Loss: 0.0023, Aux Loss: 0.0000, Reward: 0.2634, Avg Response Len: 233.69, Learning Rate: 0.00000008
Epoch:[1/1](183/2500), Actor Loss: 0.0002, Aux Loss: 0.0000, Reward: -0.6007, Avg Response Len: 423.44, Learning Rate: 0.00000008
Epoch:[1/1](184/2500), Actor Loss: 0.0003, Aux Loss: 0.0000, Reward: -1.3256, Avg Response Len: 283.62, Learning Rate: 0.00000008
Epoch:[1/1](185/2500), Actor Loss: 0.0003, Aux Loss: 0.0000, Reward: -0.4069, Avg Response Len: 340.62, Learning Rate: 0.00000008
Epoch:[1/1](186/2500), Actor Loss: 0.0004, Aux Loss: 0.0000, Reward: -0.2626, Avg Response Len: 254.06, Learning Rate: 0.00000008
Epoch:[1/1](187/2500), Actor Loss: 0.0001, Aux Loss: 0.0000, Reward: -0.1498, Avg Response Len: 596.81, Learning Rate: 0.00000008
Epoch:[1/1](188/2500), Actor Loss: 0.0002, Aux Loss: 0.0000, Reward: 0.6584, Avg Response Len: 397.94, Learning Rate: 0.00000008
Epoch:[1/1](189/2500), Actor Loss: 0.0011, Aux Loss: 0.0000, Reward: -0.2672, Avg Response Len: 249.00, Learning Rate: 0.00000008
Epoch:[1/1](190/2500), Actor Loss: 0.0004, Aux Loss: 0.0000, Reward: 0.1704, Avg Response Len: 305.44, Learning Rate: 0.00000008
Epoch:[1/1](191/2500), Actor Loss: 0.0010, Aux Loss: 0.0000, Reward: 0.6807, Avg Response Len: 247.00, Learning Rate: 0.00000008
Epoch:[1/1](192/2500), Actor Loss: 0.0003, Aux Loss: 0.0000, Reward: 0.4982, Avg Response Len: 266.56, Learning Rate: 0.00000008
Epoch:[1/1](193/2500), Actor Loss: 0.0009, Aux Loss: 0.0000, Reward: -0.7903, Avg Response Len: 239.94, Learning Rate: 0.00000008
Epoch:[1/1](194/2500), Actor Loss: 0.0004, Aux Loss: 0.0000, Reward: -0.2709, Avg Response Len: 319.75, Learning Rate: 0.00000008
Epoch:[1/1](195/2500), Actor Loss: 0.0012, Aux Loss: 0.0000, Reward: -1.1121, Avg Response Len: 181.00, Learning Rate: 0.00000008
Epoch:[1/1](196/2500), Actor Loss: 0.0026, Aux Loss: 0.0000, Reward: 0.0164, Avg Response Len: 165.00, Learning Rate: 0.00000008
Epoch:[1/1](197/2500), Actor Loss: 0.0004, Aux Loss: 0.0000, Reward: 0.1666, Avg Response Len: 208.56, Learning Rate: 0.00000008
Epoch:[1/1](198/2500), Actor Loss: 0.0008, Aux Loss: 0.0000, Reward: 0.9395, Avg Response Len: 287.94, Learning Rate: 0.00000008
Epoch:[1/1](199/2500), Actor Loss: 0.0006, Aux Loss: 0.0000, Reward: -0.4872, Avg Response Len: 290.88, Learning Rate: 0.00000008
Epoch:[1/1](200/2500), Actor Loss: 0.0003, Aux Loss: 0.0000, Reward: -0.7003, Avg Response Len: 339.44, Learning Rate: 0.00000008
Epoch:[1/1](201/2500), Actor Loss: 0.0008, Aux Loss: 0.0000, Reward: -0.0987, Avg Response Len: 187.69, Learning Rate: 0.00000008
Epoch:[1/1](202/2500), Actor Loss: 0.0039, Aux Loss: 0.0000, Reward: -0.0273, Avg Response Len: 341.31, Learning Rate: 0.00000008
Epoch:[1/1](203/2500), Actor Loss: 0.0004, Aux Loss: 0.0000, Reward: -1.3433, Avg Response Len: 232.12, Learning Rate: 0.00000008
Epoch:[1/1](204/2500), Actor Loss: 0.0005, Aux Loss: 0.0000, Reward: -0.4523, Avg Response Len: 415.62, Learning Rate: 0.00000008
Epoch:[1/1](205/2500), Actor Loss: 0.0002, Aux Loss: 0.0000, Reward: 0.7727, Avg Response Len: 445.62, Learning Rate: 0.00000008
Epoch:[1/1](206/2500), Actor Loss: 0.0003, Aux Loss: 0.0000, Reward: -0.4160, Avg Response Len: 459.81, Learning Rate: 0.00000008
Epoch:[1/1](207/2500), Actor Loss: 0.0005, Aux Loss: 0.0000, Reward: -0.8948, Avg Response Len: 299.12, Learning Rate: 0.00000008
Epoch:[1/1](208/2500), Actor Loss: 0.0007, Aux Loss: 0.0000, Reward: -0.0581, Avg Response Len: 153.69, Learning Rate: 0.00000008
Epoch:[1/1](209/2500), Actor Loss: 0.0010, Aux Loss: 0.0000, Reward: 0.1208, Avg Response Len: 174.12, Learning Rate: 0.00000008
Epoch:[1/1](210/2500), Actor Loss: 0.1502, Aux Loss: 0.0000, Reward: -0.4201, Avg Response Len: 381.44, Learning Rate: 0.00000008
Epoch:[1/1](211/2500), Actor Loss: 0.0003, Aux Loss: 0.0000, Reward: 0.0631, Avg Response Len: 283.50, Learning Rate: 0.00000008
Epoch:[1/1](212/2500), Actor Loss: 0.0005, Aux Loss: 0.0000, Reward: -0.8430, Avg Response Len: 350.69, Learning Rate: 0.00000008
Epoch:[1/1](213/2500), Actor Loss: 0.0007, Aux Loss: 0.0000, Reward: -0.0757, Avg Response Len: 334.00, Learning Rate: 0.00000008
Epoch:[1/1](214/2500), Actor Loss: 0.0013, Aux Loss: 0.0000, Reward: -0.8870, Avg Response Len: 167.06, Learning Rate: 0.00000008
Epoch:[1/1](215/2500), Actor Loss: 0.0021, Aux Loss: 0.0000, Reward: -0.6975, Avg Response Len: 227.06, Learning Rate: 0.00000008
Epoch:[1/1](216/2500), Actor Loss: 0.0004, Aux Loss: 0.0000, Reward: -1.0851, Avg Response Len: 228.19, Learning Rate: 0.00000008
Epoch:[1/1](217/2500), Actor Loss: 0.0009, Aux Loss: 0.0000, Reward: -0.2620, Avg Response Len: 415.50, Learning Rate: 0.00000008
Epoch:[1/1](218/2500), Actor Loss: 0.0002, Aux Loss: 0.0000, Reward: -0.1420, Avg Response Len: 494.75, Learning Rate: 0.00000008
Epoch:[1/1](219/2500), Actor Loss: 0.0006, Aux Loss: 0.0000, Reward: 0.1282, Avg Response Len: 302.19, Learning Rate: 0.00000008
Epoch:[1/1](220/2500), Actor Loss: 0.0002, Aux Loss: 0.0000, Reward: -1.0587, Avg Response Len: 413.31, Learning Rate: 0.00000008
Epoch:[1/1](221/2500), Actor Loss: 0.0003, Aux Loss: 0.0000, Reward: -0.7925, Avg Response Len: 346.88, Learning Rate: 0.00000008
Epoch:[1/1](222/2500), Actor Loss: 0.0002, Aux Loss: 0.0000, Reward: 0.1854, Avg Response Len: 355.44, Learning Rate: 0.00000008
Epoch:[1/1](223/2500), Actor Loss: 0.0003, Aux Loss: 0.0000, Reward: 0.0640, Avg Response Len: 292.38, Learning Rate: 0.00000008
Epoch:[1/1](224/2500), Actor Loss: 0.0029, Aux Loss: 0.0000, Reward: -0.3357, Avg Response Len: 251.50, Learning Rate: 0.00000008
Epoch:[1/1](225/2500), Actor Loss: 0.0015, Aux Loss: 0.0000, Reward: -0.2475, Avg Response Len: 298.50, Learning Rate: 0.00000008
Epoch:[1/1](226/2500), Actor Loss: 0.0010, Aux Loss: 0.0000, Reward: 0.3311, Avg Response Len: 229.56, Learning Rate: 0.00000008
Epoch:[1/1](227/2500), Actor Loss: 0.0007, Aux Loss: 0.0000, Reward: -0.7169, Avg Response Len: 193.88, Learning Rate: 0.00000008
Epoch:[1/1](228/2500), Actor Loss: 0.0029, Aux Loss: 0.0000, Reward: -0.6913, Avg Response Len: 255.56, Learning Rate: 0.00000008
Epoch:[1/1](229/2500), Actor Loss: 0.0003, Aux Loss: 0.0000, Reward: -0.8104, Avg Response Len: 312.75, Learning Rate: 0.00000008
Epoch:[1/1](230/2500), Actor Loss: 0.0023, Aux Loss: 0.0000, Reward: -0.2495, Avg Response Len: 315.88, Learning Rate: 0.00000008
Epoch:[1/1](231/2500), Actor Loss: 0.0006, Aux Loss: 0.0000, Reward: -1.0744, Avg Response Len: 143.62, Learning Rate: 0.00000008
Epoch:[1/1](232/2500), Actor Loss: 0.0013, Aux Loss: 0.0000, Reward: -1.1013, Avg Response Len: 297.56, Learning Rate: 0.00000008
Epoch:[1/1](233/2500), Actor Loss: 0.0004, Aux Loss: 0.0000, Reward: 0.3295, Avg Response Len: 281.31, Learning Rate: 0.00000008
Epoch:[1/1](234/2500), Actor Loss: 0.0007, Aux Loss: 0.0000, Reward: 0.6500, Avg Response Len: 61.06, Learning Rate: 0.00000008
Epoch:[1/1](235/2500), Actor Loss: 0.0012, Aux Loss: 0.0000, Reward: -0.5142, Avg Response Len: 340.19, Learning Rate: 0.00000008
Epoch:[1/1](236/2500), Actor Loss: 0.0008, Aux Loss: 0.0000, Reward: -1.1752, Avg Response Len: 165.69, Learning Rate: 0.00000008
Epoch:[1/1](237/2500), Actor Loss: 0.0002, Aux Loss: 0.0000, Reward: -0.6121, Avg Response Len: 440.88, Learning Rate: 0.00000008
Epoch:[1/1](238/2500), Actor Loss: 0.0030, Aux Loss: 0.0000, Reward: -0.0052, Avg Response Len: 294.44, Learning Rate: 0.00000008
Epoch:[1/1](239/2500), Actor Loss: 0.0002, Aux Loss: 0.0000, Reward: -0.0031, Avg Response Len: 382.88, Learning Rate: 0.00000008
Epoch:[1/1](240/2500), Actor Loss: 0.0007, Aux Loss: 0.0000, Reward: 0.2672, Avg Response Len: 302.06, Learning Rate: 0.00000008
Epoch:[1/1](241/2500), Actor Loss: 0.0005, Aux Loss: 0.0000, Reward: -0.1276, Avg Response Len: 333.44, Learning Rate: 0.00000008
Epoch:[1/1](242/2500), Actor Loss: 0.0004, Aux Loss: 0.0000, Reward: -0.1879, Avg Response Len: 330.31, Learning Rate: 0.00000008
Epoch:[1/1](243/2500), Actor Loss: 0.0003, Aux Loss: 0.0000, Reward: -0.1722, Avg Response Len: 396.50, Learning Rate: 0.00000008
Epoch:[1/1](244/2500), Actor Loss: 0.0002, Aux Loss: 0.0000, Reward: -0.2977, Avg Response Len: 474.75, Learning Rate: 0.00000008
Epoch:[1/1](245/2500), Actor Loss: 0.0003, Aux Loss: 0.0000, Reward: -0.5456, Avg Response Len: 424.06, Learning Rate: 0.00000008
Epoch:[1/1](246/2500), Actor Loss: 0.0008, Aux Loss: 0.0000, Reward: -0.9797, Avg Response Len: 181.69, Learning Rate: 0.00000008
Epoch:[1/1](247/2500), Actor Loss: 0.0005, Aux Loss: 0.0000, Reward: -0.8907, Avg Response Len: 242.00, Learning Rate: 0.00000008
Epoch:[1/1](248/2500), Actor Loss: 0.0003, Aux Loss: 0.0000, Reward: -0.6410, Avg Response Len: 248.88, Learning Rate: 0.00000008
Epoch:[1/1](249/2500), Actor Loss: 0.0003, Aux Loss: 0.0000, Reward: -0.1244, Avg Response Len: 451.81, Learning Rate: 0.00000008
Epoch:[1/1](250/2500), Actor Loss: 0.0031, Aux Loss: 0.0000, Reward: -0.6287, Avg Response Len: 167.38, Learning Rate: 0.00000008
Epoch:[1/1](251/2500), Actor Loss: 0.0025, Aux Loss: 0.0000, Reward: -0.7638, Avg Response Len: 199.56, Learning Rate: 0.00000008
Epoch:[1/1](252/2500), Actor Loss: 0.0006, Aux Loss: 0.0000, Reward: 1.3560, Avg Response Len: 420.88, Learning Rate: 0.00000008
Epoch:[1/1](253/2500), Actor Loss: 0.0005, Aux Loss: 0.0000, Reward: -1.7538, Avg Response Len: 238.75, Learning Rate: 0.00000008
Epoch:[1/1](254/2500), Actor Loss: 0.0016, Aux Loss: 0.0000, Reward: -0.2045, Avg Response Len: 196.69, Learning Rate: 0.00000008
Epoch:[1/1](255/2500), Actor Loss: 0.0002, Aux Loss: 0.0000, Reward: 0.8650, Avg Response Len: 396.81, Learning Rate: 0.00000008
Epoch:[1/1](256/2500), Actor Loss: 0.0005, Aux Loss: 0.0000, Reward: -0.7736, Avg Response Len: 313.81, Learning Rate: 0.00000008
Epoch:[1/1](257/2500), Actor Loss: 0.0002, Aux Loss: 0.0000, Reward: -1.2914, Avg Response Len: 371.62, Learning Rate: 0.00000008
Epoch:[1/1](258/2500), Actor Loss: 0.0003, Aux Loss: 0.0000, Reward: -0.3587, Avg Response Len: 347.44, Learning Rate: 0.00000008
Epoch:[1/1](259/2500), Actor Loss: 0.0011, Aux Loss: 0.0000, Reward: -0.2447, Avg Response Len: 49.50, Learning Rate: 0.00000008
Epoch:[1/1](260/2500), Actor Loss: 0.0003, Aux Loss: 0.0000, Reward: -0.9604, Avg Response Len: 353.44, Learning Rate: 0.00000008
Epoch:[1/1](261/2500), Actor Loss: 0.0002, Aux Loss: 0.0000, Reward: 0.7282, Avg Response Len: 485.44, Learning Rate: 0.00000008
Epoch:[1/1](262/2500), Actor Loss: 0.0008, Aux Loss: 0.0000, Reward: -0.0578, Avg Response Len: 138.44, Learning Rate: 0.00000008
Epoch:[1/1](263/2500), Actor Loss: 0.0005, Aux Loss: 0.0000, Reward: -1.2147, Avg Response Len: 247.69, Learning Rate: 0.00000008
Epoch:[1/1](264/2500), Actor Loss: 0.0004, Aux Loss: 0.0000, Reward: -0.7646, Avg Response Len: 330.88, Learning Rate: 0.00000008
Epoch:[1/1](265/2500), Actor Loss: 0.0004, Aux Loss: 0.0000, Reward: 0.3858, Avg Response Len: 388.06, Learning Rate: 0.00000008
Epoch:[1/1](266/2500), Actor Loss: 0.0006, Aux Loss: 0.0000, Reward: 0.1949, Avg Response Len: 208.62, Learning Rate: 0.00000008
Epoch:[1/1](267/2500), Actor Loss: 0.0008, Aux Loss: 0.0000, Reward: -0.5400, Avg Response Len: 368.25, Learning Rate: 0.00000008
Epoch:[1/1](268/2500), Actor Loss: 0.0006, Aux Loss: 0.0000, Reward: -0.3011, Avg Response Len: 403.81, Learning Rate: 0.00000008
Epoch:[1/1](269/2500), Actor Loss: 0.0009, Aux Loss: 0.0000, Reward: -0.3806, Avg Response Len: 247.56, Learning Rate: 0.00000008
Epoch:[1/1](270/2500), Actor Loss: 0.0015, Aux Loss: 0.0000, Reward: -0.2706, Avg Response Len: 186.44, Learning Rate: 0.00000008
Epoch:[1/1](271/2500), Actor Loss: 0.0005, Aux Loss: 0.0000, Reward: -0.4516, Avg Response Len: 295.44, Learning Rate: 0.00000008
Epoch:[1/1](272/2500), Actor Loss: 0.0003, Aux Loss: 0.0000, Reward: -0.2147, Avg Response Len: 424.81, Learning Rate: 0.00000008
Epoch:[1/1](273/2500), Actor Loss: 0.0002, Aux Loss: 0.0000, Reward: 0.5798, Avg Response Len: 453.44, Learning Rate: 0.00000008
Epoch:[1/1](274/2500), Actor Loss: 0.0013, Aux Loss: 0.0000, Reward: -0.7301, Avg Response Len: 163.00, Learning Rate: 0.00000008
Epoch:[1/1](275/2500), Actor Loss: 0.0002, Aux Loss: 0.0000, Reward: -0.5176, Avg Response Len: 444.56, Learning Rate: 0.00000008
Epoch:[1/1](276/2500), Actor Loss: 0.0002, Aux Loss: 0.0000, Reward: -0.4007, Avg Response Len: 272.12, Learning Rate: 0.00000008
Epoch:[1/1](277/2500), Actor Loss: 0.0007, Aux Loss: 0.0000, Reward: -1.2002, Avg Response Len: 377.81, Learning Rate: 0.00000008
Epoch:[1/1](278/2500), Actor Loss: 0.0003, Aux Loss: 0.0000, Reward: -0.5008, Avg Response Len: 118.25, Learning Rate: 0.00000008
Epoch:[1/1](279/2500), Actor Loss: 0.0002, Aux Loss: 0.0000, Reward: 0.1182, Avg Response Len: 410.12, Learning Rate: 0.00000008
Epoch:[1/1](280/2500), Actor Loss: 0.0003, Aux Loss: 0.0000, Reward: -1.3867, Avg Response Len: 302.50, Learning Rate: 0.00000008
Epoch:[1/1](281/2500), Actor Loss: 0.0006, Aux Loss: 0.0000, Reward: -0.5730, Avg Response Len: 280.62, Learning Rate: 0.00000008
Epoch:[1/1](282/2500), Actor Loss: 0.0002, Aux Loss: 0.0000, Reward: -0.8214, Avg Response Len: 361.06, Learning Rate: 0.00000008
Epoch:[1/1](283/2500), Actor Loss: 0.0003, Aux Loss: 0.0000, Reward: 0.0210, Avg Response Len: 407.31, Learning Rate: 0.00000008
Epoch:[1/1](284/2500), Actor Loss: 0.0003, Aux Loss: 0.0000, Reward: -1.1831, Avg Response Len: 362.81, Learning Rate: 0.00000008
Epoch:[1/1](285/2500), Actor Loss: 0.0022, Aux Loss: 0.0000, Reward: -0.7115, Avg Response Len: 319.12, Learning Rate: 0.00000008
Epoch:[1/1](286/2500), Actor Loss: 0.0004, Aux Loss: 0.0000, Reward: -0.5341, Avg Response Len: 297.75, Learning Rate: 0.00000008
Epoch:[1/1](287/2500), Actor Loss: 0.0006, Aux Loss: 0.0000, Reward: -0.8284, Avg Response Len: 153.38, Learning Rate: 0.00000008
Epoch:[1/1](288/2500), Actor Loss: 0.0002, Aux Loss: 0.0000, Reward: 0.4471, Avg Response Len: 420.00, Learning Rate: 0.00000008
Epoch:[1/1](289/2500), Actor Loss: 0.0003, Aux Loss: 0.0000, Reward: -0.8735, Avg Response Len: 440.12, Learning Rate: 0.00000008
Epoch:[1/1](290/2500), Actor Loss: 0.0005, Aux Loss: 0.0000, Reward: 0.0026, Avg Response Len: 211.44, Learning Rate: 0.00000008
Epoch:[1/1](291/2500), Actor Loss: 0.0020, Aux Loss: 0.0000, Reward: -0.4214, Avg Response Len: 312.44, Learning Rate: 0.00000008
Epoch:[1/1](292/2500), Actor Loss: 0.0002, Aux Loss: 0.0000, Reward: -0.1939, Avg Response Len: 437.38, Learning Rate: 0.00000008
Epoch:[1/1](293/2500), Actor Loss: 0.0003, Aux Loss: 0.0000, Reward: -0.4061, Avg Response Len: 365.44, Learning Rate: 0.00000008
Epoch:[1/1](294/2500), Actor Loss: 0.0010, Aux Loss: 0.0000, Reward: -0.2381, Avg Response Len: 173.81, Learning Rate: 0.00000008
Epoch:[1/1](295/2500), Actor Loss: 0.0003, Aux Loss: 0.0000, Reward: -0.3993, Avg Response Len: 394.12, Learning Rate: 0.00000008
Epoch:[1/1](296/2500), Actor Loss: 0.0005, Aux Loss: 0.0000, Reward: -0.0670, Avg Response Len: 230.06, Learning Rate: 0.00000008
Epoch:[1/1](297/2500), Actor Loss: 0.0003, Aux Loss: 0.0000, Reward: 0.0404, Avg Response Len: 385.88, Learning Rate: 0.00000008
Epoch:[1/1](298/2500), Actor Loss: 0.0002, Aux Loss: 0.0000, Reward: -0.1461, Avg Response Len: 434.94, Learning Rate: 0.00000008
Epoch:[1/1](299/2500), Actor Loss: 0.0001, Aux Loss: 0.0000, Reward: -0.1969, Avg Response Len: 351.12, Learning Rate: 0.00000008
Epoch:[1/1](300/2500), Actor Loss: 0.0018, Aux Loss: 0.0000, Reward: -1.4017, Avg Response Len: 359.56, Learning Rate: 0.00000008
Epoch:[1/1](301/2500), Actor Loss: 0.0514, Aux Loss: 0.0000, Reward: -0.3171, Avg Response Len: 263.69, Learning Rate: 0.00000008
Epoch:[1/1](302/2500), Actor Loss: 0.0012, Aux Loss: 0.0000, Reward: -0.6176, Avg Response Len: 253.25, Learning Rate: 0.00000008
Epoch:[1/1](303/2500), Actor Loss: 0.0003, Aux Loss: 0.0000, Reward: -0.5263, Avg Response Len: 324.25, Learning Rate: 0.00000008
Epoch:[1/1](304/2500), Actor Loss: 0.0002, Aux Loss: 0.0000, Reward: -0.5233, Avg Response Len: 430.56, Learning Rate: 0.00000008
Epoch:[1/1](305/2500), Actor Loss: 0.0003, Aux Loss: 0.0000, Reward: -1.4077, Avg Response Len: 369.00, Learning Rate: 0.00000008
Epoch:[1/1](306/2500), Actor Loss: 0.0003, Aux Loss: 0.0000, Reward: 0.3161, Avg Response Len: 362.00, Learning Rate: 0.00000008
Epoch:[1/1](307/2500), Actor Loss: 0.0003, Aux Loss: 0.0000, Reward: 0.2077, Avg Response Len: 281.88, Learning Rate: 0.00000008
Epoch:[1/1](308/2500), Actor Loss: 0.0005, Aux Loss: 0.0000, Reward: 0.2674, Avg Response Len: 322.88, Learning Rate: 0.00000008
Epoch:[1/1](309/2500), Actor Loss: 0.0002, Aux Loss: 0.0000, Reward: -0.8471, Avg Response Len: 635.19, Learning Rate: 0.00000008
Epoch:[1/1](310/2500), Actor Loss: 0.0006, Aux Loss: 0.0000, Reward: -0.1963, Avg Response Len: 278.44, Learning Rate: 0.00000008
Epoch:[1/1](311/2500), Actor Loss: 0.0003, Aux Loss: 0.0000, Reward: 0.9756, Avg Response Len: 420.12, Learning Rate: 0.00000008
Epoch:[1/1](312/2500), Actor Loss: 0.0019, Aux Loss: 0.0000, Reward: -0.3292, Avg Response Len: 353.62, Learning Rate: 0.00000008
Epoch:[1/1](313/2500), Actor Loss: 0.0003, Aux Loss: 0.0000, Reward: -0.7254, Avg Response Len: 296.81, Learning Rate: 0.00000008
Epoch:[1/1](314/2500), Actor Loss: 0.0004, Aux Loss: 0.0000, Reward: -0.1744, Avg Response Len: 231.19, Learning Rate: 0.00000008
Epoch:[1/1](315/2500), Actor Loss: 0.0003, Aux Loss: 0.0000, Reward: 0.4431, Avg Response Len: 444.56, Learning Rate: 0.00000008
Epoch:[1/1](316/2500), Actor Loss: 0.0021, Aux Loss: 0.0000, Reward: -0.5270, Avg Response Len: 272.12, Learning Rate: 0.00000008
Epoch:[1/1](317/2500), Actor Loss: 0.0003, Aux Loss: 0.0000, Reward: -1.3225, Avg Response Len: 478.56, Learning Rate: 0.00000008
Epoch:[1/1](318/2500), Actor Loss: 0.0002, Aux Loss: 0.0000, Reward: -0.6043, Avg Response Len: 382.19, Learning Rate: 0.00000008
Epoch:[1/1](319/2500), Actor Loss: 0.0004, Aux Loss: 0.0000, Reward: -0.3610, Avg Response Len: 229.62, Learning Rate: 0.00000008
Epoch:[1/1](320/2500), Actor Loss: 0.0007, Aux Loss: 0.0000, Reward: -0.3487, Avg Response Len: 168.75, Learning Rate: 0.00000008
Epoch:[1/1](321/2500), Actor Loss: 0.0003, Aux Loss: 0.0000, Reward: -0.6274, Avg Response Len: 533.94, Learning Rate: 0.00000008
Epoch:[1/1](322/2500), Actor Loss: 0.0004, Aux Loss: 0.0000, Reward: -0.3576, Avg Response Len: 244.56, Learning Rate: 0.00000008
Epoch:[1/1](323/2500), Actor Loss: 0.0005, Aux Loss: 0.0000, Reward: -0.5096, Avg Response Len: 266.38, Learning Rate: 0.00000008
Epoch:[1/1](324/2500), Actor Loss: 0.0003, Aux Loss: 0.0000, Reward: -0.6730, Avg Response Len: 503.94, Learning Rate: 0.00000008
Epoch:[1/1](325/2500), Actor Loss: 0.0003, Aux Loss: 0.0000, Reward: -0.1554, Avg Response Len: 400.69, Learning Rate: 0.00000008
Epoch:[1/1](326/2500), Actor Loss: 0.0004, Aux Loss: 0.0000, Reward: -0.4844, Avg Response Len: 195.12, Learning Rate: 0.00000008
Epoch:[1/1](327/2500), Actor Loss: 0.0015, Aux Loss: 0.0000, Reward: -0.4898, Avg Response Len: 215.88, Learning Rate: 0.00000008
Epoch:[1/1](328/2500), Actor Loss: 0.0006, Aux Loss: 0.0000, Reward: -0.4917, Avg Response Len: 295.94, Learning Rate: 0.00000008
Epoch:[1/1](329/2500), Actor Loss: 0.0004, Aux Loss: 0.0000, Reward: -0.1889, Avg Response Len: 309.62, Learning Rate: 0.00000008
Epoch:[1/1](330/2500), Actor Loss: 0.0004, Aux Loss: 0.0000, Reward: -0.4292, Avg Response Len: 436.50, Learning Rate: 0.00000008
Epoch:[1/1](331/2500), Actor Loss: 0.0004, Aux Loss: 0.0000, Reward: -1.8571, Avg Response Len: 317.06, Learning Rate: 0.00000008
Epoch:[1/1](332/2500), Actor Loss: 0.0003, Aux Loss: 0.0000, Reward: -1.0341, Avg Response Len: 320.00, Learning Rate: 0.00000008
Epoch:[1/1](333/2500), Actor Loss: 0.0007, Aux Loss: 0.0000, Reward: -0.0800, Avg Response Len: 163.88, Learning Rate: 0.00000008
Epoch:[1/1](334/2500), Actor Loss: 0.0003, Aux Loss: 0.0000, Reward: 0.3807, Avg Response Len: 266.25, Learning Rate: 0.00000008
Epoch:[1/1](335/2500), Actor Loss: 0.0007, Aux Loss: 0.0000, Reward: -0.8701, Avg Response Len: 176.00, Learning Rate: 0.00000008
Epoch:[1/1](336/2500), Actor Loss: 0.0009, Aux Loss: 0.0000, Reward: 0.7268, Avg Response Len: 249.81, Learning Rate: 0.00000008
Epoch:[1/1](337/2500), Actor Loss: 0.0005, Aux Loss: 0.0000, Reward: 1.0125, Avg Response Len: 226.19, Learning Rate: 0.00000008
Epoch:[1/1](338/2500), Actor Loss: 0.0004, Aux Loss: 0.0000, Reward: 0.0369, Avg Response Len: 266.19, Learning Rate: 0.00000008
Epoch:[1/1](339/2500), Actor Loss: 0.0015, Aux Loss: 0.0000, Reward: -0.5461, Avg Response Len: 174.56, Learning Rate: 0.00000008
Epoch:[1/1](340/2500), Actor Loss: 0.0007, Aux Loss: 0.0000, Reward: -0.6852, Avg Response Len: 370.12, Learning Rate: 0.00000008
Epoch:[1/1](341/2500), Actor Loss: 0.0002, Aux Loss: 0.0000, Reward: -1.0229, Avg Response Len: 517.19, Learning Rate: 0.00000008
Epoch:[1/1](342/2500), Actor Loss: 0.0005, Aux Loss: 0.0000, Reward: 0.7247, Avg Response Len: 275.06, Learning Rate: 0.00000008
Epoch:[1/1](343/2500), Actor Loss: 0.0007, Aux Loss: 0.0000, Reward: 0.8549, Avg Response Len: 333.25, Learning Rate: 0.00000008
Epoch:[1/1](344/2500), Actor Loss: 0.0003, Aux Loss: 0.0000, Reward: -1.3286, Avg Response Len: 471.06, Learning Rate: 0.00000008
Epoch:[1/1](345/2500), Actor Loss: 0.0004, Aux Loss: 0.0000, Reward: -0.1071, Avg Response Len: 310.38, Learning Rate: 0.00000008
Epoch:[1/1](346/2500), Actor Loss: 0.0003, Aux Loss: 0.0000, Reward: -0.9430, Avg Response Len: 330.38, Learning Rate: 0.00000008
Epoch:[1/1](347/2500), Actor Loss: 0.0004, Aux Loss: 0.0000, Reward: -0.1722, Avg Response Len: 317.25, Learning Rate: 0.00000008
Epoch:[1/1](348/2500), Actor Loss: 0.0003, Aux Loss: 0.0000, Reward: 0.0710, Avg Response Len: 356.38, Learning Rate: 0.00000008
Epoch:[1/1](349/2500), Actor Loss: 0.0006, Aux Loss: 0.0000, Reward: -0.2822, Avg Response Len: 329.56, Learning Rate: 0.00000008
Epoch:[1/1](350/2500), Actor Loss: 0.0005, Aux Loss: 0.0000, Reward: -0.2452, Avg Response Len: 363.00, Learning Rate: 0.00000008
Epoch:[1/1](351/2500), Actor Loss: 0.0003, Aux Loss: 0.0000, Reward: -0.1785, Avg Response Len: 325.69, Learning Rate: 0.00000008
Epoch:[1/1](352/2500), Actor Loss: 0.0004, Aux Loss: 0.0000, Reward: -0.7034, Avg Response Len: 389.69, Learning Rate: 0.00000008
Epoch:[1/1](353/2500), Actor Loss: 0.0004, Aux Loss: 0.0000, Reward: -0.6880, Avg Response Len: 313.44, Learning Rate: 0.00000008
Epoch:[1/1](354/2500), Actor Loss: 0.0004, Aux Loss: 0.0000, Reward: 0.1301, Avg Response Len: 408.50, Learning Rate: 0.00000008
Epoch:[1/1](355/2500), Actor Loss: 0.0002, Aux Loss: 0.0000, Reward: -0.6904, Avg Response Len: 369.50, Learning Rate: 0.00000008
Epoch:[1/1](356/2500), Actor Loss: 0.0003, Aux Loss: 0.0000, Reward: 0.8159, Avg Response Len: 174.00, Learning Rate: 0.00000008
Epoch:[1/1](357/2500), Actor Loss: 0.0024, Aux Loss: 0.0000, Reward: -0.1295, Avg Response Len: 424.31, Learning Rate: 0.00000008
Epoch:[1/1](358/2500), Actor Loss: 0.0006, Aux Loss: 0.0000, Reward: -0.6781, Avg Response Len: 350.12, Learning Rate: 0.00000008
Epoch:[1/1](359/2500), Actor Loss: 0.0009, Aux Loss: 0.0000, Reward: -0.5240, Avg Response Len: 199.69, Learning Rate: 0.00000008
Epoch:[1/1](360/2500), Actor Loss: 0.0058, Aux Loss: 0.0000, Reward: 0.0739, Avg Response Len: 111.31, Learning Rate: 0.00000008
Epoch:[1/1](361/2500), Actor Loss: 0.0003, Aux Loss: 0.0000, Reward: 0.8204, Avg Response Len: 338.31, Learning Rate: 0.00000008
Epoch:[1/1](362/2500), Actor Loss: 0.0003, Aux Loss: 0.0000, Reward: -1.1949, Avg Response Len: 651.19, Learning Rate: 0.00000008
Epoch:[1/1](363/2500), Actor Loss: 0.0003, Aux Loss: 0.0000, Reward: 0.4625, Avg Response Len: 495.19, Learning Rate: 0.00000008
Epoch:[1/1](364/2500), Actor Loss: 0.0004, Aux Loss: 0.0000, Reward: -0.7948, Avg Response Len: 325.19, Learning Rate: 0.00000008
Epoch:[1/1](365/2500), Actor Loss: 0.0003, Aux Loss: 0.0000, Reward: 1.0673, Avg Response Len: 402.44, Learning Rate: 0.00000008
Epoch:[1/1](366/2500), Actor Loss: 0.0002, Aux Loss: 0.0000, Reward: -1.6074, Avg Response Len: 371.38, Learning Rate: 0.00000008
Epoch:[1/1](367/2500), Actor Loss: 0.0004, Aux Loss: 0.0000, Reward: 0.7652, Avg Response Len: 441.88, Learning Rate: 0.00000008
Epoch:[1/1](368/2500), Actor Loss: 0.0003, Aux Loss: 0.0000, Reward: -0.9136, Avg Response Len: 431.75, Learning Rate: 0.00000008
Epoch:[1/1](369/2500), Actor Loss: 0.0006, Aux Loss: 0.0000, Reward: 0.3084, Avg Response Len: 171.94, Learning Rate: 0.00000008
Epoch:[1/1](370/2500), Actor Loss: 0.0005, Aux Loss: 0.0000, Reward: -0.8369, Avg Response Len: 297.81, Learning Rate: 0.00000008
Epoch:[1/1](371/2500), Actor Loss: 0.0013, Aux Loss: 0.0000, Reward: -1.2477, Avg Response Len: 223.44, Learning Rate: 0.00000008
Epoch:[1/1](372/2500), Actor Loss: 0.0002, Aux Loss: 0.0000, Reward: -0.0096, Avg Response Len: 361.50, Learning Rate: 0.00000008
Epoch:[1/1](373/2500), Actor Loss: 0.0005, Aux Loss: 0.0000, Reward: -0.9562, Avg Response Len: 324.69, Learning Rate: 0.00000008
Epoch:[1/1](374/2500), Actor Loss: 0.0005, Aux Loss: 0.0000, Reward: -0.1659, Avg Response Len: 260.44, Learning Rate: 0.00000008
Epoch:[1/1](375/2500), Actor Loss: 0.0003, Aux Loss: 0.0000, Reward: -0.4705, Avg Response Len: 355.69, Learning Rate: 0.00000008
Epoch:[1/1](376/2500), Actor Loss: 0.0003, Aux Loss: 0.0000, Reward: -1.0428, Avg Response Len: 457.12, Learning Rate: 0.00000008
Epoch:[1/1](377/2500), Actor Loss: 0.0002, Aux Loss: 0.0000, Reward: -0.9225, Avg Response Len: 689.75, Learning Rate: 0.00000008
Epoch:[1/1](378/2500), Actor Loss: 0.0003, Aux Loss: 0.0000, Reward: -1.0097, Avg Response Len: 391.00, Learning Rate: 0.00000008
Epoch:[1/1](379/2500), Actor Loss: 0.0016, Aux Loss: 0.0000, Reward: 0.4206, Avg Response Len: 246.38, Learning Rate: 0.00000008
Epoch:[1/1](380/2500), Actor Loss: 0.0009, Aux Loss: 0.0000, Reward: 0.1337, Avg Response Len: 274.38, Learning Rate: 0.00000008
Epoch:[1/1](381/2500), Actor Loss: 0.0013, Aux Loss: 0.0000, Reward: -1.3327, Avg Response Len: 155.81, Learning Rate: 0.00000008
Epoch:[1/1](382/2500), Actor Loss: 0.0002, Aux Loss: 0.0000, Reward: 0.1261, Avg Response Len: 444.25, Learning Rate: 0.00000008
Epoch:[1/1](383/2500), Actor Loss: 0.0005, Aux Loss: 0.0000, Reward: -0.0876, Avg Response Len: 289.12, Learning Rate: 0.00000008
Epoch:[1/1](384/2500), Actor Loss: 0.0012, Aux Loss: 0.0000, Reward: -0.8394, Avg Response Len: 232.94, Learning Rate: 0.00000008
Epoch:[1/1](385/2500), Actor Loss: 0.0004, Aux Loss: 0.0000, Reward: -0.1770, Avg Response Len: 262.56, Learning Rate: 0.00000008
Epoch:[1/1](386/2500), Actor Loss: 0.0003, Aux Loss: 0.0000, Reward: 0.0739, Avg Response Len: 374.75, Learning Rate: 0.00000008
Epoch:[1/1](387/2500), Actor Loss: 0.0004, Aux Loss: 0.0000, Reward: -0.9302, Avg Response Len: 218.88, Learning Rate: 0.00000008
Epoch:[1/1](388/2500), Actor Loss: 0.0002, Aux Loss: 0.0000, Reward: 0.0207, Avg Response Len: 227.44, Learning Rate: 0.00000008
Epoch:[1/1](389/2500), Actor Loss: 0.0003, Aux Loss: 0.0000, Reward: -0.2237, Avg Response Len: 490.88, Learning Rate: 0.00000008
Epoch:[1/1](390/2500), Actor Loss: 0.0003, Aux Loss: 0.0000, Reward: -0.7179, Avg Response Len: 364.06, Learning Rate: 0.00000008
Epoch:[1/1](391/2500), Actor Loss: 0.0004, Aux Loss: 0.0000, Reward: -0.5736, Avg Response Len: 476.56, Learning Rate: 0.00000008
Epoch:[1/1](392/2500), Actor Loss: 0.0013, Aux Loss: 0.0000, Reward: -0.8297, Avg Response Len: 433.31, Learning Rate: 0.00000008
Epoch:[1/1](393/2500), Actor Loss: 0.0006, Aux Loss: 0.0000, Reward: -0.4135, Avg Response Len: 213.94, Learning Rate: 0.00000008
Epoch:[1/1](394/2500), Actor Loss: 0.0003, Aux Loss: 0.0000, Reward: -1.2387, Avg Response Len: 493.75, Learning Rate: 0.00000008
Epoch:[1/1](395/2500), Actor Loss: 0.0004, Aux Loss: 0.0000, Reward: 0.1867, Avg Response Len: 430.94, Learning Rate: 0.00000008
Epoch:[1/1](396/2500), Actor Loss: 0.0003, Aux Loss: 0.0000, Reward: -0.3657, Avg Response Len: 283.19, Learning Rate: 0.00000008
Epoch:[1/1](397/2500), Actor Loss: 0.0010, Aux Loss: 0.0000, Reward: -0.3414, Avg Response Len: 264.19, Learning Rate: 0.00000008
Epoch:[1/1](398/2500), Actor Loss: 0.0014, Aux Loss: 0.0000, Reward: 0.5127, Avg Response Len: 116.25, Learning Rate: 0.00000008
Epoch:[1/1](399/2500), Actor Loss: 0.0009, Aux Loss: 0.0000, Reward: -0.9109, Avg Response Len: 378.62, Learning Rate: 0.00000008
Epoch:[1/1](400/2500), Actor Loss: 0.0132, Aux Loss: 0.0000, Reward: 0.9149, Avg Response Len: 180.31, Learning Rate: 0.00000008
Epoch:[1/1](401/2500), Actor Loss: 0.0032, Aux Loss: 0.0000, Reward: -1.0752, Avg Response Len: 321.25, Learning Rate: 0.00000008
Epoch:[1/1](402/2500), Actor Loss: 0.0004, Aux Loss: 0.0000, Reward: 0.3536, Avg Response Len: 362.31, Learning Rate: 0.00000008
Epoch:[1/1](403/2500), Actor Loss: 0.0010, Aux Loss: 0.0000, Reward: -1.1562, Avg Response Len: 221.44, Learning Rate: 0.00000008
Epoch:[1/1](404/2500), Actor Loss: 0.0006, Aux Loss: 0.0000, Reward: 0.2580, Avg Response Len: 196.44, Learning Rate: 0.00000008
Epoch:[1/1](405/2500), Actor Loss: 0.0002, Aux Loss: 0.0000, Reward: 0.1656, Avg Response Len: 387.50, Learning Rate: 0.00000008
Epoch:[1/1](406/2500), Actor Loss: 0.0007, Aux Loss: 0.0000, Reward: -0.0800, Avg Response Len: 367.25, Learning Rate: 0.00000008
Epoch:[1/1](407/2500), Actor Loss: 0.0009, Aux Loss: 0.0000, Reward: -0.6796, Avg Response Len: 261.06, Learning Rate: 0.00000008
Epoch:[1/1](408/2500), Actor Loss: 0.0004, Aux Loss: 0.0000, Reward: 1.2555, Avg Response Len: 456.69, Learning Rate: 0.00000008
Epoch:[1/1](409/2500), Actor Loss: 0.0002, Aux Loss: 0.0000, Reward: -0.2160, Avg Response Len: 347.50, Learning Rate: 0.00000008
Epoch:[1/1](410/2500), Actor Loss: 0.0003, Aux Loss: 0.0000, Reward: -0.8478, Avg Response Len: 281.88, Learning Rate: 0.00000008
Epoch:[1/1](411/2500), Actor Loss: 0.0006, Aux Loss: 0.0000, Reward: -0.6917, Avg Response Len: 200.88, Learning Rate: 0.00000008
Epoch:[1/1](412/2500), Actor Loss: 0.0010, Aux Loss: 0.0000, Reward: 0.0116, Avg Response Len: 219.12, Learning Rate: 0.00000008
Epoch:[1/1](413/2500), Actor Loss: 0.0007, Aux Loss: 0.0000, Reward: 0.5028, Avg Response Len: 294.00, Learning Rate: 0.00000008
Epoch:[1/1](414/2500), Actor Loss: 0.0004, Aux Loss: 0.0000, Reward: -0.0586, Avg Response Len: 188.75, Learning Rate: 0.00000008
Epoch:[1/1](415/2500), Actor Loss: 0.0003, Aux Loss: 0.0000, Reward: -1.1974, Avg Response Len: 505.12, Learning Rate: 0.00000008
Epoch:[1/1](416/2500), Actor Loss: 0.0003, Aux Loss: 0.0000, Reward: -0.0651, Avg Response Len: 338.50, Learning Rate: 0.00000008
Epoch:[1/1](417/2500), Actor Loss: 0.0003, Aux Loss: 0.0000, Reward: -1.0422, Avg Response Len: 324.81, Learning Rate: 0.00000008
Epoch:[1/1](418/2500), Actor Loss: 0.0004, Aux Loss: 0.0000, Reward: 0.0597, Avg Response Len: 390.44, Learning Rate: 0.00000008
Epoch:[1/1](419/2500), Actor Loss: 0.0003, Aux Loss: 0.0000, Reward: -0.5128, Avg Response Len: 301.06, Learning Rate: 0.00000008
Epoch:[1/1](420/2500), Actor Loss: 0.0009, Aux Loss: 0.0000, Reward: 0.4084, Avg Response Len: 152.56, Learning Rate: 0.00000008
Epoch:[1/1](421/2500), Actor Loss: 0.0003, Aux Loss: 0.0000, Reward: -0.3010, Avg Response Len: 353.56, Learning Rate: 0.00000008
Epoch:[1/1](422/2500), Actor Loss: 0.0006, Aux Loss: 0.0000, Reward: -1.0501, Avg Response Len: 218.12, Learning Rate: 0.00000008
Epoch:[1/1](423/2500), Actor Loss: 0.0005, Aux Loss: 0.0000, Reward: 0.1244, Avg Response Len: 232.38, Learning Rate: 0.00000008
Epoch:[1/1](424/2500), Actor Loss: 0.0004, Aux Loss: 0.0000, Reward: -0.5504, Avg Response Len: 320.38, Learning Rate: 0.00000007
Epoch:[1/1](425/2500), Actor Loss: 0.0007, Aux Loss: 0.0000, Reward: 0.9029, Avg Response Len: 373.69, Learning Rate: 0.00000007
Epoch:[1/1](426/2500), Actor Loss: 0.0005, Aux Loss: 0.0000, Reward: -1.3167, Avg Response Len: 502.19, Learning Rate: 0.00000007
Epoch:[1/1](427/2500), Actor Loss: 0.0017, Aux Loss: 0.0000, Reward: 0.1129, Avg Response Len: 327.94, Learning Rate: 0.00000007
Epoch:[1/1](428/2500), Actor Loss: 0.0007, Aux Loss: 0.0000, Reward: -0.0263, Avg Response Len: 267.00, Learning Rate: 0.00000007
Epoch:[1/1](429/2500), Actor Loss: 0.0025, Aux Loss: 0.0000, Reward: 0.3266, Avg Response Len: 351.19, Learning Rate: 0.00000007
Epoch:[1/1](430/2500), Actor Loss: 0.0003, Aux Loss: 0.0000, Reward: -0.1499, Avg Response Len: 361.69, Learning Rate: 0.00000007
Epoch:[1/1](431/2500), Actor Loss: 0.0004, Aux Loss: 0.0000, Reward: -0.1275, Avg Response Len: 342.06, Learning Rate: 0.00000007
Epoch:[1/1](432/2500), Actor Loss: 0.0012, Aux Loss: 0.0000, Reward: 0.0036, Avg Response Len: 221.38, Learning Rate: 0.00000007
Epoch:[1/1](433/2500), Actor Loss: 0.0003, Aux Loss: 0.0000, Reward: -0.4245, Avg Response Len: 512.19, Learning Rate: 0.00000007
Epoch:[1/1](434/2500), Actor Loss: 0.0013, Aux Loss: 0.0000, Reward: -0.1095, Avg Response Len: 206.00, Learning Rate: 0.00000007
Epoch:[1/1](435/2500), Actor Loss: 0.0007, Aux Loss: 0.0000, Reward: -0.4966, Avg Response Len: 345.25, Learning Rate: 0.00000007
Epoch:[1/1](436/2500), Actor Loss: 0.0004, Aux Loss: 0.0000, Reward: -0.1169, Avg Response Len: 380.88, Learning Rate: 0.00000007
Epoch:[1/1](437/2500), Actor Loss: 0.0003, Aux Loss: 0.0000, Reward: -0.7843, Avg Response Len: 452.81, Learning Rate: 0.00000007
Epoch:[1/1](438/2500), Actor Loss: 0.0003, Aux Loss: 0.0000, Reward: -0.9046, Avg Response Len: 409.94, Learning Rate: 0.00000007
Epoch:[1/1](439/2500), Actor Loss: 0.0004, Aux Loss: 0.0000, Reward: 0.9465, Avg Response Len: 400.69, Learning Rate: 0.00000007
Epoch:[1/1](440/2500), Actor Loss: 0.0003, Aux Loss: 0.0000, Reward: -0.2861, Avg Response Len: 253.94, Learning Rate: 0.00000007
Epoch:[1/1](441/2500), Actor Loss: 0.0004, Aux Loss: 0.0000, Reward: 0.1477, Avg Response Len: 345.38, Learning Rate: 0.00000007
Epoch:[1/1](442/2500), Actor Loss: 0.0005, Aux Loss: 0.0000, Reward: -0.3702, Avg Response Len: 339.81, Learning Rate: 0.00000007
Epoch:[1/1](443/2500), Actor Loss: 0.0003, Aux Loss: 0.0000, Reward: -1.1507, Avg Response Len: 368.06, Learning Rate: 0.00000007
Epoch:[1/1](444/2500), Actor Loss: 0.0004, Aux Loss: 0.0000, Reward: -0.2049, Avg Response Len: 210.44, Learning Rate: 0.00000007
Epoch:[1/1](445/2500), Actor Loss: 0.0005, Aux Loss: 0.0000, Reward: 0.2238, Avg Response Len: 274.19, Learning Rate: 0.00000007
Epoch:[1/1](446/2500), Actor Loss: 0.0003, Aux Loss: 0.0000, Reward: 0.3531, Avg Response Len: 303.81, Learning Rate: 0.00000007
Epoch:[1/1](447/2500), Actor Loss: 0.0005, Aux Loss: 0.0000, Reward: 0.5096, Avg Response Len: 360.00, Learning Rate: 0.00000007
Epoch:[1/1](448/2500), Actor Loss: 0.0006, Aux Loss: 0.0000, Reward: -0.2434, Avg Response Len: 298.19, Learning Rate: 0.00000007
Epoch:[1/1](449/2500), Actor Loss: 0.0004, Aux Loss: 0.0000, Reward: 0.1715, Avg Response Len: 368.31, Learning Rate: 0.00000007
Epoch:[1/1](450/2500), Actor Loss: 0.0008, Aux Loss: 0.0000, Reward: 0.3369, Avg Response Len: 221.75, Learning Rate: 0.00000007
Epoch:[1/1](451/2500), Actor Loss: 0.0002, Aux Loss: 0.0000, Reward: -0.6484, Avg Response Len: 369.19, Learning Rate: 0.00000007
Epoch:[1/1](452/2500), Actor Loss: 0.0003, Aux Loss: 0.0000, Reward: -1.0045, Avg Response Len: 342.88, Learning Rate: 0.00000007
Epoch:[1/1](453/2500), Actor Loss: 0.0021, Aux Loss: 0.0000, Reward: 0.6466, Avg Response Len: 89.56, Learning Rate: 0.00000007
Epoch:[1/1](454/2500), Actor Loss: 0.0012, Aux Loss: 0.0000, Reward: -0.1791, Avg Response Len: 239.94, Learning Rate: 0.00000007
Epoch:[1/1](455/2500), Actor Loss: 0.0003, Aux Loss: 0.0000, Reward: -0.3338, Avg Response Len: 316.31, Learning Rate: 0.00000007
Epoch:[1/1](456/2500), Actor Loss: 0.0015, Aux Loss: 0.0000, Reward: -0.3487, Avg Response Len: 236.69, Learning Rate: 0.00000007
Epoch:[1/1](457/2500), Actor Loss: 0.0005, Aux Loss: 0.0000, Reward: -0.2158, Avg Response Len: 252.00, Learning Rate: 0.00000007
Epoch:[1/1](458/2500), Actor Loss: 0.0003, Aux Loss: 0.0000, Reward: -0.8644, Avg Response Len: 416.12, Learning Rate: 0.00000007
Epoch:[1/1](459/2500), Actor Loss: 0.0006, Aux Loss: 0.0000, Reward: 0.1242, Avg Response Len: 262.62, Learning Rate: 0.00000007
Epoch:[1/1](460/2500), Actor Loss: 0.0009, Aux Loss: 0.0000, Reward: -0.8268, Avg Response Len: 242.94, Learning Rate: 0.00000007
Epoch:[1/1](461/2500), Actor Loss: 0.0005, Aux Loss: 0.0000, Reward: 0.8827, Avg Response Len: 350.44, Learning Rate: 0.00000007
Epoch:[1/1](462/2500), Actor Loss: 0.0008, Aux Loss: 0.0000, Reward: -0.8013, Avg Response Len: 180.94, Learning Rate: 0.00000007
Epoch:[1/1](463/2500), Actor Loss: 0.0003, Aux Loss: 0.0000, Reward: 0.3692, Avg Response Len: 378.12, Learning Rate: 0.00000007
Epoch:[1/1](464/2500), Actor Loss: 0.0003, Aux Loss: 0.0000, Reward: 0.0110, Avg Response Len: 329.31, Learning Rate: 0.00000007
Epoch:[1/1](465/2500), Actor Loss: 0.0003, Aux Loss: 0.0000, Reward: 0.2903, Avg Response Len: 346.56, Learning Rate: 0.00000007
Epoch:[1/1](466/2500), Actor Loss: 0.0003, Aux Loss: 0.0000, Reward: 0.0808, Avg Response Len: 223.88, Learning Rate: 0.00000007
Epoch:[1/1](467/2500), Actor Loss: 0.0003, Aux Loss: 0.0000, Reward: 0.5225, Avg Response Len: 578.19, Learning Rate: 0.00000007
Epoch:[1/1](468/2500), Actor Loss: 0.0005, Aux Loss: 0.0000, Reward: -0.5644, Avg Response Len: 211.25, Learning Rate: 0.00000007
Epoch:[1/1](469/2500), Actor Loss: 0.0004, Aux Loss: 0.0000, Reward: -0.0295, Avg Response Len: 430.19, Learning Rate: 0.00000007
Epoch:[1/1](470/2500), Actor Loss: 0.0007, Aux Loss: 0.0000, Reward: 0.5197, Avg Response Len: 360.62, Learning Rate: 0.00000007
Epoch:[1/1](471/2500), Actor Loss: 0.0011, Aux Loss: 0.0000, Reward: -0.0900, Avg Response Len: 333.12, Learning Rate: 0.00000007
Epoch:[1/1](472/2500), Actor Loss: 0.0005, Aux Loss: 0.0000, Reward: 0.2021, Avg Response Len: 303.00, Learning Rate: 0.00000007
Epoch:[1/1](473/2500), Actor Loss: 0.0011, Aux Loss: 0.0000, Reward: 1.0891, Avg Response Len: 249.00, Learning Rate: 0.00000007
Epoch:[1/1](474/2500), Actor Loss: 0.0003, Aux Loss: 0.0000, Reward: -1.7629, Avg Response Len: 470.19, Learning Rate: 0.00000007
Epoch:[1/1](475/2500), Actor Loss: 0.0033, Aux Loss: 0.0000, Reward: 0.3030, Avg Response Len: 236.00, Learning Rate: 0.00000007
Epoch:[1/1](476/2500), Actor Loss: 0.0006, Aux Loss: 0.0000, Reward: -0.1404, Avg Response Len: 279.75, Learning Rate: 0.00000007
Epoch:[1/1](477/2500), Actor Loss: 0.0004, Aux Loss: 0.0000, Reward: -0.7207, Avg Response Len: 212.56, Learning Rate: 0.00000007
Epoch:[1/1](478/2500), Actor Loss: 0.0010, Aux Loss: 0.0000, Reward: -0.6282, Avg Response Len: 163.81, Learning Rate: 0.00000007
Epoch:[1/1](479/2500), Actor Loss: 0.0003, Aux Loss: 0.0000, Reward: -1.0124, Avg Response Len: 385.25, Learning Rate: 0.00000007
Epoch:[1/1](480/2500), Actor Loss: 0.0003, Aux Loss: 0.0000, Reward: 0.0612, Avg Response Len: 455.31, Learning Rate: 0.00000007
Epoch:[1/1](481/2500), Actor Loss: 0.0004, Aux Loss: 0.0000, Reward: 0.8184, Avg Response Len: 340.75, Learning Rate: 0.00000007
Epoch:[1/1](482/2500), Actor Loss: 0.0004, Aux Loss: 0.0000, Reward: -0.2636, Avg Response Len: 336.69, Learning Rate: 0.00000007
Epoch:[1/1](483/2500), Actor Loss: 0.0008, Aux Loss: 0.0000, Reward: -0.9139, Avg Response Len: 224.38, Learning Rate: 0.00000007
Epoch:[1/1](484/2500), Actor Loss: 0.0006, Aux Loss: 0.0000, Reward: -0.8531, Avg Response Len: 339.12, Learning Rate: 0.00000007
Epoch:[1/1](485/2500), Actor Loss: 0.0018, Aux Loss: 0.0000, Reward: -0.1057, Avg Response Len: 29.75, Learning Rate: 0.00000007
Epoch:[1/1](486/2500), Actor Loss: 0.0012, Aux Loss: 0.0000, Reward: 1.4649, Avg Response Len: 202.06, Learning Rate: 0.00000007
Epoch:[1/1](487/2500), Actor Loss: 0.0007, Aux Loss: 0.0000, Reward: -0.6298, Avg Response Len: 184.75, Learning Rate: 0.00000007
Epoch:[1/1](488/2500), Actor Loss: 0.0004, Aux Loss: 0.0000, Reward: 0.3802, Avg Response Len: 376.69, Learning Rate: 0.00000007
Epoch:[1/1](489/2500), Actor Loss: 0.0003, Aux Loss: 0.0000, Reward: -0.2283, Avg Response Len: 507.12, Learning Rate: 0.00000007
Epoch:[1/1](490/2500), Actor Loss: 0.0007, Aux Loss: 0.0000, Reward: 0.0260, Avg Response Len: 320.38, Learning Rate: 0.00000007
Epoch:[1/1](491/2500), Actor Loss: 0.0010, Aux Loss: 0.0000, Reward: -0.3610, Avg Response Len: 181.06, Learning Rate: 0.00000007
Epoch:[1/1](492/2500), Actor Loss: 0.0009, Aux Loss: 0.0000, Reward: 0.1634, Avg Response Len: 265.00, Learning Rate: 0.00000007
Epoch:[1/1](493/2500), Actor Loss: 0.0011, Aux Loss: 0.0000, Reward: -0.8946, Avg Response Len: 173.94, Learning Rate: 0.00000007
Epoch:[1/1](494/2500), Actor Loss: 0.0004, Aux Loss: 0.0000, Reward: 0.0848, Avg Response Len: 402.44, Learning Rate: 0.00000007
Epoch:[1/1](495/2500), Actor Loss: 0.0023, Aux Loss: 0.0000, Reward: -0.4308, Avg Response Len: 275.06, Learning Rate: 0.00000007
Epoch:[1/1](496/2500), Actor Loss: 0.0006, Aux Loss: 0.0000, Reward: -1.0934, Avg Response Len: 177.69, Learning Rate: 0.00000007
Epoch:[1/1](497/2500), Actor Loss: 0.0005, Aux Loss: 0.0000, Reward: -0.4753, Avg Response Len: 386.75, Learning Rate: 0.00000007
Epoch:[1/1](498/2500), Actor Loss: 0.0020, Aux Loss: 0.0000, Reward: -0.4951, Avg Response Len: 137.25, Learning Rate: 0.00000007
Epoch:[1/1](499/2500), Actor Loss: 0.0003, Aux Loss: 0.0000, Reward: -1.3251, Avg Response Len: 352.44, Learning Rate: 0.00000007
Epoch:[1/1](500/2500), Actor Loss: 0.0113, Aux Loss: 0.0000, Reward: -0.2270, Avg Response Len: 234.38, Learning Rate: 0.00000007
Epoch:[1/1](501/2500), Actor Loss: 0.0021, Aux Loss: 0.0000, Reward: 0.1732, Avg Response Len: 226.69, Learning Rate: 0.00000007
Epoch:[1/1](502/2500), Actor Loss: 0.0005, Aux Loss: 0.0000, Reward: 0.0523, Avg Response Len: 216.75, Learning Rate: 0.00000007
Epoch:[1/1](503/2500), Actor Loss: 0.0010, Aux Loss: 0.0000, Reward: -0.6178, Avg Response Len: 454.06, Learning Rate: 0.00000007
Epoch:[1/1](504/2500), Actor Loss: 0.0022, Aux Loss: 0.0000, Reward: -0.3098, Avg Response Len: 225.31, Learning Rate: 0.00000007
Epoch:[1/1](505/2500), Actor Loss: 0.0032, Aux Loss: 0.0000, Reward: -0.3191, Avg Response Len: 164.62, Learning Rate: 0.00000007
Epoch:[1/1](506/2500), Actor Loss: 0.0010, Aux Loss: 0.0000, Reward: -0.2962, Avg Response Len: 333.12, Learning Rate: 0.00000007
Epoch:[1/1](507/2500), Actor Loss: 0.0013, Aux Loss: 0.0000, Reward: -0.3934, Avg Response Len: 114.00, Learning Rate: 0.00000007
Epoch:[1/1](508/2500), Actor Loss: 0.0004, Aux Loss: 0.0000, Reward: 0.2011, Avg Response Len: 457.31, Learning Rate: 0.00000007
Epoch:[1/1](509/2500), Actor Loss: 0.0004, Aux Loss: 0.0000, Reward: -0.6396, Avg Response Len: 339.31, Learning Rate: 0.00000007
Epoch:[1/1](510/2500), Actor Loss: 0.0012, Aux Loss: 0.0000, Reward: -0.9521, Avg Response Len: 289.50, Learning Rate: 0.00000007
Epoch:[1/1](511/2500), Actor Loss: 0.0004, Aux Loss: 0.0000, Reward: 0.0889, Avg Response Len: 412.31, Learning Rate: 0.00000007
Epoch:[1/1](512/2500), Actor Loss: 0.0003, Aux Loss: 0.0000, Reward: 0.2071, Avg Response Len: 365.81, Learning Rate: 0.00000007
Epoch:[1/1](513/2500), Actor Loss: 0.0003, Aux Loss: 0.0000, Reward: -0.0396, Avg Response Len: 458.00, Learning Rate: 0.00000007
Epoch:[1/1](514/2500), Actor Loss: 0.0003, Aux Loss: 0.0000, Reward: -0.3706, Avg Response Len: 425.38, Learning Rate: 0.00000007
Epoch:[1/1](515/2500), Actor Loss: 0.0005, Aux Loss: 0.0000, Reward: -0.6586, Avg Response Len: 396.00, Learning Rate: 0.00000007
Epoch:[1/1](516/2500), Actor Loss: 0.0004, Aux Loss: 0.0000, Reward: -0.6316, Avg Response Len: 352.50, Learning Rate: 0.00000007
Epoch:[1/1](517/2500), Actor Loss: 0.0003, Aux Loss: 0.0000, Reward: -0.1936, Avg Response Len: 382.12, Learning Rate: 0.00000007
Epoch:[1/1](518/2500), Actor Loss: 0.0004, Aux Loss: 0.0000, Reward: 0.4290, Avg Response Len: 285.00, Learning Rate: 0.00000007
Epoch:[1/1](519/2500), Actor Loss: 0.0004, Aux Loss: 0.0000, Reward: 0.3308, Avg Response Len: 228.50, Learning Rate: 0.00000007
Epoch:[1/1](520/2500), Actor Loss: 0.0005, Aux Loss: 0.0000, Reward: -0.3986, Avg Response Len: 322.75, Learning Rate: 0.00000007
Epoch:[1/1](521/2500), Actor Loss: 0.0005, Aux Loss: 0.0000, Reward: -0.6644, Avg Response Len: 541.19, Learning Rate: 0.00000007
Epoch:[1/1](522/2500), Actor Loss: 0.0011, Aux Loss: 0.0000, Reward: -0.0554, Avg Response Len: 224.75, Learning Rate: 0.00000007
Epoch:[1/1](523/2500), Actor Loss: 0.0007, Aux Loss: 0.0000, Reward: 0.1042, Avg Response Len: 135.06, Learning Rate: 0.00000007
Epoch:[1/1](524/2500), Actor Loss: 0.0005, Aux Loss: 0.0000, Reward: -1.0587, Avg Response Len: 364.81, Learning Rate: 0.00000007
Epoch:[1/1](525/2500), Actor Loss: 0.0004, Aux Loss: 0.0000, Reward: 0.1038, Avg Response Len: 259.69, Learning Rate: 0.00000007
Epoch:[1/1](526/2500), Actor Loss: 0.0011, Aux Loss: 0.0000, Reward: -0.3716, Avg Response Len: 282.69, Learning Rate: 0.00000007
Epoch:[1/1](527/2500), Actor Loss: 0.0006, Aux Loss: 0.0000, Reward: -0.2032, Avg Response Len: 205.06, Learning Rate: 0.00000007
Epoch:[1/1](528/2500), Actor Loss: 0.0004, Aux Loss: 0.0000, Reward: -0.0016, Avg Response Len: 257.81, Learning Rate: 0.00000007
Epoch:[1/1](529/2500), Actor Loss: 0.0004, Aux Loss: 0.0000, Reward: -0.8809, Avg Response Len: 504.38, Learning Rate: 0.00000007
Epoch:[1/1](530/2500), Actor Loss: 0.0006, Aux Loss: 0.0000, Reward: -0.3436, Avg Response Len: 259.50, Learning Rate: 0.00000007
Epoch:[1/1](531/2500), Actor Loss: 0.0004, Aux Loss: 0.0000, Reward: 0.5253, Avg Response Len: 182.62, Learning Rate: 0.00000007
Epoch:[1/1](532/2500), Actor Loss: 0.0005, Aux Loss: 0.0000, Reward: 0.0334, Avg Response Len: 345.00, Learning Rate: 0.00000007
Epoch:[1/1](533/2500), Actor Loss: 0.0002, Aux Loss: 0.0000, Reward: 0.0328, Avg Response Len: 378.50, Learning Rate: 0.00000007
Epoch:[1/1](534/2500), Actor Loss: 0.0006, Aux Loss: 0.0000, Reward: -0.8826, Avg Response Len: 332.06, Learning Rate: 0.00000007
Epoch:[1/1](535/2500), Actor Loss: 0.0004, Aux Loss: 0.0000, Reward: 0.6980, Avg Response Len: 224.88, Learning Rate: 0.00000007
Epoch:[1/1](536/2500), Actor Loss: 0.0003, Aux Loss: 0.0000, Reward: -0.9092, Avg Response Len: 261.94, Learning Rate: 0.00000007
Epoch:[1/1](537/2500), Actor Loss: 0.0004, Aux Loss: 0.0000, Reward: -0.8325, Avg Response Len: 325.88, Learning Rate: 0.00000007
Epoch:[1/1](538/2500), Actor Loss: 0.0006, Aux Loss: 0.0000, Reward: 1.4283, Avg Response Len: 394.69, Learning Rate: 0.00000007
Epoch:[1/1](539/2500), Actor Loss: 0.0006, Aux Loss: 0.0000, Reward: -0.7866, Avg Response Len: 274.38, Learning Rate: 0.00000007
Epoch:[1/1](540/2500), Actor Loss: 0.0006, Aux Loss: 0.0000, Reward: 0.1127, Avg Response Len: 395.06, Learning Rate: 0.00000007
Epoch:[1/1](541/2500), Actor Loss: 0.0004, Aux Loss: 0.0000, Reward: -0.9504, Avg Response Len: 395.69, Learning Rate: 0.00000007
Epoch:[1/1](542/2500), Actor Loss: 0.0005, Aux Loss: 0.0000, Reward: -0.8502, Avg Response Len: 316.88, Learning Rate: 0.00000007
Epoch:[1/1](543/2500), Actor Loss: 0.0002, Aux Loss: 0.0000, Reward: -1.7228, Avg Response Len: 370.06, Learning Rate: 0.00000007
Epoch:[1/1](544/2500), Actor Loss: 0.0007, Aux Loss: 0.0000, Reward: -0.7950, Avg Response Len: 261.75, Learning Rate: 0.00000007
Epoch:[1/1](545/2500), Actor Loss: 0.0024, Aux Loss: 0.0000, Reward: 0.0141, Avg Response Len: 232.62, Learning Rate: 0.00000007
Epoch:[1/1](546/2500), Actor Loss: 0.0009, Aux Loss: 0.0000, Reward: -0.7873, Avg Response Len: 254.56, Learning Rate: 0.00000007
Epoch:[1/1](547/2500), Actor Loss: 0.0007, Aux Loss: 0.0000, Reward: 0.9411, Avg Response Len: 255.81, Learning Rate: 0.00000007
Epoch:[1/1](548/2500), Actor Loss: 0.0004, Aux Loss: 0.0000, Reward: -0.5453, Avg Response Len: 305.75, Learning Rate: 0.00000007
Epoch:[1/1](549/2500), Actor Loss: 0.0003, Aux Loss: 0.0000, Reward: 0.3723, Avg Response Len: 486.38, Learning Rate: 0.00000007
Epoch:[1/1](550/2500), Actor Loss: 0.0013, Aux Loss: 0.0000, Reward: -0.7416, Avg Response Len: 100.19, Learning Rate: 0.00000007
Epoch:[1/1](551/2500), Actor Loss: 0.0003, Aux Loss: 0.0000, Reward: -0.6420, Avg Response Len: 435.69, Learning Rate: 0.00000007
Epoch:[1/1](552/2500), Actor Loss: 0.0006, Aux Loss: 0.0000, Reward: -0.3459, Avg Response Len: 373.69, Learning Rate: 0.00000007
Epoch:[1/1](553/2500), Actor Loss: 0.0177, Aux Loss: 0.0000, Reward: 1.7759, Avg Response Len: 373.50, Learning Rate: 0.00000007
Epoch:[1/1](554/2500), Actor Loss: 0.0004, Aux Loss: 0.0000, Reward: 0.1991, Avg Response Len: 377.56, Learning Rate: 0.00000007
Epoch:[1/1](555/2500), Actor Loss: 0.0004, Aux Loss: 0.0000, Reward: -0.5176, Avg Response Len: 381.56, Learning Rate: 0.00000007
Epoch:[1/1](556/2500), Actor Loss: 0.0005, Aux Loss: 0.0000, Reward: -0.1436, Avg Response Len: 370.75, Learning Rate: 0.00000007
Epoch:[1/1](557/2500), Actor Loss: 0.0003, Aux Loss: 0.0000, Reward: -0.4823, Avg Response Len: 326.50, Learning Rate: 0.00000007
Epoch:[1/1](558/2500), Actor Loss: 0.0004, Aux Loss: 0.0000, Reward: 0.1909, Avg Response Len: 321.88, Learning Rate: 0.00000007
Epoch:[1/1](559/2500), Actor Loss: 0.0088, Aux Loss: 0.0000, Reward: 0.2164, Avg Response Len: 192.62, Learning Rate: 0.00000007
Epoch:[1/1](560/2500), Actor Loss: 0.0006, Aux Loss: 0.0000, Reward: 0.7749, Avg Response Len: 247.12, Learning Rate: 0.00000007
Epoch:[1/1](561/2500), Actor Loss: 0.0007, Aux Loss: 0.0000, Reward: -1.3257, Avg Response Len: 222.00, Learning Rate: 0.00000007
Epoch:[1/1](562/2500), Actor Loss: 0.0011, Aux Loss: 0.0000, Reward: -0.9482, Avg Response Len: 269.75, Learning Rate: 0.00000007
Epoch:[1/1](563/2500), Actor Loss: 0.0003, Aux Loss: 0.0000, Reward: -0.7573, Avg Response Len: 311.69, Learning Rate: 0.00000007
Epoch:[1/1](564/2500), Actor Loss: 0.0006, Aux Loss: 0.0000, Reward: -1.2923, Avg Response Len: 261.38, Learning Rate: 0.00000007
Epoch:[1/1](565/2500), Actor Loss: 0.0003, Aux Loss: 0.0000, Reward: 0.6296, Avg Response Len: 410.12, Learning Rate: 0.00000007
Epoch:[1/1](566/2500), Actor Loss: 0.0015, Aux Loss: 0.0000, Reward: -1.3694, Avg Response Len: 554.38, Learning Rate: 0.00000007
Epoch:[1/1](567/2500), Actor Loss: 0.0004, Aux Loss: 0.0000, Reward: 0.1103, Avg Response Len: 211.94, Learning Rate: 0.00000007
Epoch:[1/1](568/2500), Actor Loss: 0.0005, Aux Loss: 0.0000, Reward: 0.3740, Avg Response Len: 370.25, Learning Rate: 0.00000007
Epoch:[1/1](569/2500), Actor Loss: 0.0012, Aux Loss: 0.0000, Reward: 0.1030, Avg Response Len: 336.19, Learning Rate: 0.00000007
Epoch:[1/1](570/2500), Actor Loss: 0.0004, Aux Loss: 0.0000, Reward: -0.3648, Avg Response Len: 256.31, Learning Rate: 0.00000007
Epoch:[1/1](571/2500), Actor Loss: 0.0016, Aux Loss: 0.0000, Reward: -0.8588, Avg Response Len: 190.75, Learning Rate: 0.00000007
Epoch:[1/1](572/2500), Actor Loss: 0.0003, Aux Loss: 0.0000, Reward: -0.1086, Avg Response Len: 386.69, Learning Rate: 0.00000007
Epoch:[1/1](573/2500), Actor Loss: 0.0005, Aux Loss: 0.0000, Reward: 0.3761, Avg Response Len: 309.31, Learning Rate: 0.00000007
Epoch:[1/1](574/2500), Actor Loss: 0.0004, Aux Loss: 0.0000, Reward: -1.3443, Avg Response Len: 399.50, Learning Rate: 0.00000007
Epoch:[1/1](575/2500), Actor Loss: 0.0017, Aux Loss: 0.0000, Reward: 0.3228, Avg Response Len: 315.12, Learning Rate: 0.00000007
Epoch:[1/1](576/2500), Actor Loss: 0.0003, Aux Loss: 0.0000, Reward: -0.1818, Avg Response Len: 427.44, Learning Rate: 0.00000007
Epoch:[1/1](577/2500), Actor Loss: 0.0009, Aux Loss: 0.0000, Reward: -0.1946, Avg Response Len: 167.44, Learning Rate: 0.00000007
Epoch:[1/1](578/2500), Actor Loss: 0.0006, Aux Loss: 0.0000, Reward: 0.1912, Avg Response Len: 276.06, Learning Rate: 0.00000007
Epoch:[1/1](579/2500), Actor Loss: 0.0004, Aux Loss: 0.0000, Reward: -1.4322, Avg Response Len: 233.75, Learning Rate: 0.00000007
Epoch:[1/1](580/2500), Actor Loss: 0.0003, Aux Loss: 0.0000, Reward: -0.9563, Avg Response Len: 402.69, Learning Rate: 0.00000007
Epoch:[1/1](581/2500), Actor Loss: 0.0004, Aux Loss: 0.0000, Reward: 0.5154, Avg Response Len: 408.44, Learning Rate: 0.00000007
Epoch:[1/1](582/2500), Actor Loss: 0.0010, Aux Loss: 0.0000, Reward: 0.6185, Avg Response Len: 340.38, Learning Rate: 0.00000007
Epoch:[1/1](583/2500), Actor Loss: 0.0007, Aux Loss: 0.0000, Reward: -1.3988, Avg Response Len: 330.88, Learning Rate: 0.00000007
Epoch:[1/1](584/2500), Actor Loss: 0.0003, Aux Loss: 0.0000, Reward: -0.2609, Avg Response Len: 502.56, Learning Rate: 0.00000007
Epoch:[1/1](585/2500), Actor Loss: 0.0004, Aux Loss: 0.0000, Reward: 0.2981, Avg Response Len: 374.94, Learning Rate: 0.00000007
Epoch:[1/1](586/2500), Actor Loss: 0.0005, Aux Loss: 0.0000, Reward: -0.8878, Avg Response Len: 212.69, Learning Rate: 0.00000007
Epoch:[1/1](587/2500), Actor Loss: 0.0003, Aux Loss: 0.0000, Reward: -0.9094, Avg Response Len: 530.06, Learning Rate: 0.00000007
Epoch:[1/1](588/2500), Actor Loss: 0.0003, Aux Loss: 0.0000, Reward: -0.5965, Avg Response Len: 352.44, Learning Rate: 0.00000007
Epoch:[1/1](589/2500), Actor Loss: 0.0007, Aux Loss: 0.0000, Reward: -0.3961, Avg Response Len: 182.12, Learning Rate: 0.00000007
Epoch:[1/1](590/2500), Actor Loss: 0.0006, Aux Loss: 0.0000, Reward: -0.3505, Avg Response Len: 276.75, Learning Rate: 0.00000007
Epoch:[1/1](591/2500), Actor Loss: 0.0004, Aux Loss: 0.0000, Reward: -0.4447, Avg Response Len: 266.56, Learning Rate: 0.00000007
Epoch:[1/1](592/2500), Actor Loss: 0.0003, Aux Loss: 0.0000, Reward: 0.0429, Avg Response Len: 491.31, Learning Rate: 0.00000007
Epoch:[1/1](593/2500), Actor Loss: 0.0004, Aux Loss: 0.0000, Reward: 0.1414, Avg Response Len: 353.81, Learning Rate: 0.00000007
Epoch:[1/1](594/2500), Actor Loss: 0.0006, Aux Loss: 0.0000, Reward: 0.7201, Avg Response Len: 327.00, Learning Rate: 0.00000007
Epoch:[1/1](595/2500), Actor Loss: 0.0007, Aux Loss: 0.0000, Reward: -0.3560, Avg Response Len: 272.88, Learning Rate: 0.00000007
Epoch:[1/1](596/2500), Actor Loss: 0.0003, Aux Loss: 0.0000, Reward: -0.9262, Avg Response Len: 509.38, Learning Rate: 0.00000007
Epoch:[1/1](597/2500), Actor Loss: 0.0003, Aux Loss: 0.0000, Reward: -1.0325, Avg Response Len: 366.50, Learning Rate: 0.00000007
Epoch:[1/1](598/2500), Actor Loss: 0.0006, Aux Loss: 0.0000, Reward: 0.1945, Avg Response Len: 224.00, Learning Rate: 0.00000007
Epoch:[1/1](599/2500), Actor Loss: 0.0007, Aux Loss: 0.0000, Reward: 0.3925, Avg Response Len: 396.12, Learning Rate: 0.00000007
Epoch:[1/1](600/2500), Actor Loss: 0.0003, Aux Loss: 0.0000, Reward: 0.5528, Avg Response Len: 403.44, Learning Rate: 0.00000007
Epoch:[1/1](601/2500), Actor Loss: 0.0004, Aux Loss: 0.0000, Reward: -0.1053, Avg Response Len: 373.94, Learning Rate: 0.00000007
Epoch:[1/1](602/2500), Actor Loss: 0.0004, Aux Loss: 0.0000, Reward: 0.7633, Avg Response Len: 266.31, Learning Rate: 0.00000007
Epoch:[1/1](603/2500), Actor Loss: 0.0024, Aux Loss: 0.0000, Reward: -0.6304, Avg Response Len: 145.62, Learning Rate: 0.00000007
Epoch:[1/1](604/2500), Actor Loss: 0.0006, Aux Loss: 0.0000, Reward: -0.2940, Avg Response Len: 211.44, Learning Rate: 0.00000007
Epoch:[1/1](605/2500), Actor Loss: 0.0005, Aux Loss: 0.0000, Reward: 0.0836, Avg Response Len: 201.50, Learning Rate: 0.00000007
Epoch:[1/1](606/2500), Actor Loss: 0.0004, Aux Loss: 0.0000, Reward: -0.5482, Avg Response Len: 468.62, Learning Rate: 0.00000007
Epoch:[1/1](607/2500), Actor Loss: 0.0005, Aux Loss: 0.0000, Reward: -0.2804, Avg Response Len: 248.88, Learning Rate: 0.00000007
Epoch:[1/1](608/2500), Actor Loss: 0.0004, Aux Loss: 0.0000, Reward: -0.3841, Avg Response Len: 470.62, Learning Rate: 0.00000007
Epoch:[1/1](609/2500), Actor Loss: 0.0039, Aux Loss: 0.0000, Reward: -0.7635, Avg Response Len: 271.94, Learning Rate: 0.00000007
Epoch:[1/1](610/2500), Actor Loss: 0.0003, Aux Loss: 0.0000, Reward: 0.8144, Avg Response Len: 326.75, Learning Rate: 0.00000007
Epoch:[1/1](611/2500), Actor Loss: 0.0004, Aux Loss: 0.0000, Reward: -0.2055, Avg Response Len: 437.56, Learning Rate: 0.00000007
Epoch:[1/1](612/2500), Actor Loss: 0.0004, Aux Loss: 0.0000, Reward: -0.5421, Avg Response Len: 341.19, Learning Rate: 0.00000007
Epoch:[1/1](613/2500), Actor Loss: 0.0006, Aux Loss: 0.0000, Reward: -0.4038, Avg Response Len: 333.56, Learning Rate: 0.00000007
Epoch:[1/1](614/2500), Actor Loss: 0.0004, Aux Loss: 0.0000, Reward: -0.2930, Avg Response Len: 415.75, Learning Rate: 0.00000007
Epoch:[1/1](615/2500), Actor Loss: 0.0005, Aux Loss: 0.0000, Reward: -0.5164, Avg Response Len: 329.62, Learning Rate: 0.00000007
Epoch:[1/1](616/2500), Actor Loss: 0.0005, Aux Loss: 0.0000, Reward: 0.0380, Avg Response Len: 183.25, Learning Rate: 0.00000007
Epoch:[1/1](617/2500), Actor Loss: 0.0003, Aux Loss: 0.0000, Reward: -1.0880, Avg Response Len: 359.56, Learning Rate: 0.00000007
Epoch:[1/1](618/2500), Actor Loss: 0.0011, Aux Loss: 0.0000, Reward: -0.0232, Avg Response Len: 285.06, Learning Rate: 0.00000007
Epoch:[1/1](619/2500), Actor Loss: 0.0006, Aux Loss: 0.0000, Reward: 0.5262, Avg Response Len: 229.62, Learning Rate: 0.00000007
Epoch:[1/1](620/2500), Actor Loss: 0.0005, Aux Loss: 0.0000, Reward: -0.6249, Avg Response Len: 142.75, Learning Rate: 0.00000007
Epoch:[1/1](621/2500), Actor Loss: 0.0002, Aux Loss: 0.0000, Reward: 0.3939, Avg Response Len: 561.75, Learning Rate: 0.00000007
Epoch:[1/1](622/2500), Actor Loss: 0.0004, Aux Loss: 0.0000, Reward: -0.1302, Avg Response Len: 346.25, Learning Rate: 0.00000007
Epoch:[1/1](623/2500), Actor Loss: 0.0005, Aux Loss: 0.0000, Reward: -0.3574, Avg Response Len: 354.12, Learning Rate: 0.00000007
Epoch:[1/1](624/2500), Actor Loss: 0.0010, Aux Loss: 0.0000, Reward: -0.5671, Avg Response Len: 88.38, Learning Rate: 0.00000007
Epoch:[1/1](625/2500), Actor Loss: 0.0036, Aux Loss: 0.0000, Reward: -0.3681, Avg Response Len: 340.81, Learning Rate: 0.00000007
Epoch:[1/1](626/2500), Actor Loss: 0.0009, Aux Loss: 0.0000, Reward: -0.1921, Avg Response Len: 420.31, Learning Rate: 0.00000007
Epoch:[1/1](627/2500), Actor Loss: 0.0004, Aux Loss: 0.0000, Reward: -0.1736, Avg Response Len: 328.81, Learning Rate: 0.00000007
Epoch:[1/1](628/2500), Actor Loss: 0.0004, Aux Loss: 0.0000, Reward: -0.4830, Avg Response Len: 414.75, Learning Rate: 0.00000007
Epoch:[1/1](629/2500), Actor Loss: 0.0004, Aux Loss: 0.0000, Reward: -0.5517, Avg Response Len: 451.06, Learning Rate: 0.00000007
Epoch:[1/1](630/2500), Actor Loss: 0.0003, Aux Loss: 0.0000, Reward: -0.1060, Avg Response Len: 339.19, Learning Rate: 0.00000007
Epoch:[1/1](631/2500), Actor Loss: 0.0088, Aux Loss: 0.0000, Reward: -1.0324, Avg Response Len: 109.69, Learning Rate: 0.00000007
Epoch:[1/1](632/2500), Actor Loss: 0.0005, Aux Loss: 0.0000, Reward: -0.7253, Avg Response Len: 522.81, Learning Rate: 0.00000007
Epoch:[1/1](633/2500), Actor Loss: 0.0007, Aux Loss: 0.0000, Reward: -0.5621, Avg Response Len: 220.44, Learning Rate: 0.00000007
Epoch:[1/1](634/2500), Actor Loss: 0.0005, Aux Loss: 0.0000, Reward: 1.2082, Avg Response Len: 387.75, Learning Rate: 0.00000007
Epoch:[1/1](635/2500), Actor Loss: 0.0003, Aux Loss: 0.0000, Reward: -0.2433, Avg Response Len: 380.12, Learning Rate: 0.00000007
Epoch:[1/1](636/2500), Actor Loss: 0.0006, Aux Loss: 0.0000, Reward: -0.9691, Avg Response Len: 160.56, Learning Rate: 0.00000007
Epoch:[1/1](637/2500), Actor Loss: 0.0011, Aux Loss: 0.0000, Reward: -0.5399, Avg Response Len: 319.88, Learning Rate: 0.00000007
Epoch:[1/1](638/2500), Actor Loss: 0.0004, Aux Loss: 0.0000, Reward: -0.8878, Avg Response Len: 471.25, Learning Rate: 0.00000007
Epoch:[1/1](639/2500), Actor Loss: 0.0006, Aux Loss: 0.0000, Reward: 0.7075, Avg Response Len: 218.31, Learning Rate: 0.00000007
Epoch:[1/1](640/2500), Actor Loss: 0.0010, Aux Loss: 0.0000, Reward: -0.6977, Avg Response Len: 215.44, Learning Rate: 0.00000007
Epoch:[1/1](641/2500), Actor Loss: 0.0152, Aux Loss: 0.0000, Reward: -0.9028, Avg Response Len: 277.19, Learning Rate: 0.00000007
Epoch:[1/1](642/2500), Actor Loss: 0.0018, Aux Loss: 0.0000, Reward: -1.0304, Avg Response Len: 222.12, Learning Rate: 0.00000007
Epoch:[1/1](643/2500), Actor Loss: 0.0003, Aux Loss: 0.0000, Reward: 0.0803, Avg Response Len: 394.50, Learning Rate: 0.00000007
Epoch:[1/1](644/2500), Actor Loss: 0.0003, Aux Loss: 0.0000, Reward: -0.4551, Avg Response Len: 379.12, Learning Rate: 0.00000007
Epoch:[1/1](645/2500), Actor Loss: 0.0003, Aux Loss: 0.0000, Reward: -0.5913, Avg Response Len: 365.00, Learning Rate: 0.00000007
Epoch:[1/1](646/2500), Actor Loss: 0.0012, Aux Loss: 0.0000, Reward: -0.3216, Avg Response Len: 281.06, Learning Rate: 0.00000007
Epoch:[1/1](647/2500), Actor Loss: 0.0008, Aux Loss: 0.0000, Reward: 0.2761, Avg Response Len: 241.00, Learning Rate: 0.00000007
Epoch:[1/1](648/2500), Actor Loss: 0.0006, Aux Loss: 0.0000, Reward: -1.0021, Avg Response Len: 217.62, Learning Rate: 0.00000007
Epoch:[1/1](649/2500), Actor Loss: 0.0005, Aux Loss: 0.0000, Reward: -0.1947, Avg Response Len: 377.44, Learning Rate: 0.00000007
Epoch:[1/1](650/2500), Actor Loss: 0.0005, Aux Loss: 0.0000, Reward: -1.1373, Avg Response Len: 312.06, Learning Rate: 0.00000007
Epoch:[1/1](651/2500), Actor Loss: 0.0007, Aux Loss: 0.0000, Reward: -0.5935, Avg Response Len: 208.62, Learning Rate: 0.00000007
Epoch:[1/1](652/2500), Actor Loss: 0.0003, Aux Loss: 0.0000, Reward: -0.4730, Avg Response Len: 408.56, Learning Rate: 0.00000007
Epoch:[1/1](653/2500), Actor Loss: 0.0003, Aux Loss: 0.0000, Reward: 0.0003, Avg Response Len: 327.25, Learning Rate: 0.00000007
Epoch:[1/1](654/2500), Actor Loss: 0.0003, Aux Loss: 0.0000, Reward: -0.0635, Avg Response Len: 430.19, Learning Rate: 0.00000007
Epoch:[1/1](655/2500), Actor Loss: 0.0005, Aux Loss: 0.0000, Reward: 0.7882, Avg Response Len: 327.81, Learning Rate: 0.00000007
Epoch:[1/1](656/2500), Actor Loss: 0.0003, Aux Loss: 0.0000, Reward: -1.1286, Avg Response Len: 404.12, Learning Rate: 0.00000007
Epoch:[1/1](657/2500), Actor Loss: 0.0003, Aux Loss: 0.0000, Reward: -0.9086, Avg Response Len: 484.81, Learning Rate: 0.00000007
Epoch:[1/1](658/2500), Actor Loss: 0.0072, Aux Loss: 0.0000, Reward: -0.2854, Avg Response Len: 351.56, Learning Rate: 0.00000007
Epoch:[1/1](659/2500), Actor Loss: 0.0035, Aux Loss: 0.0000, Reward: -0.9626, Avg Response Len: 266.88, Learning Rate: 0.00000007
Epoch:[1/1](660/2500), Actor Loss: 0.0003, Aux Loss: 0.0000, Reward: 0.3244, Avg Response Len: 353.25, Learning Rate: 0.00000007
Epoch:[1/1](661/2500), Actor Loss: 0.0009, Aux Loss: 0.0000, Reward: -0.7926, Avg Response Len: 180.94, Learning Rate: 0.00000007
Epoch:[1/1](662/2500), Actor Loss: 0.0007, Aux Loss: 0.0000, Reward: -0.2006, Avg Response Len: 276.19, Learning Rate: 0.00000007
Epoch:[1/1](663/2500), Actor Loss: 0.0010, Aux Loss: 0.0000, Reward: 0.0370, Avg Response Len: 240.19, Learning Rate: 0.00000007
Epoch:[1/1](664/2500), Actor Loss: 0.0003, Aux Loss: 0.0000, Reward: -0.4299, Avg Response Len: 433.62, Learning Rate: 0.00000007
Epoch:[1/1](665/2500), Actor Loss: 0.0007, Aux Loss: 0.0000, Reward: 0.0590, Avg Response Len: 329.75, Learning Rate: 0.00000007
Epoch:[1/1](666/2500), Actor Loss: 0.0015, Aux Loss: 0.0000, Reward: -1.2179, Avg Response Len: 222.31, Learning Rate: 0.00000007
Epoch:[1/1](667/2500), Actor Loss: 0.0034, Aux Loss: 0.0000, Reward: 0.3126, Avg Response Len: 154.62, Learning Rate: 0.00000007
Epoch:[1/1](668/2500), Actor Loss: 0.0039, Aux Loss: 0.0000, Reward: 0.2941, Avg Response Len: 116.50, Learning Rate: 0.00000007
Epoch:[1/1](669/2500), Actor Loss: 0.0006, Aux Loss: 0.0000, Reward: -0.4855, Avg Response Len: 305.56, Learning Rate: 0.00000007
Epoch:[1/1](670/2500), Actor Loss: 0.0016, Aux Loss: 0.0000, Reward: -0.1884, Avg Response Len: 218.50, Learning Rate: 0.00000007
Epoch:[1/1](671/2500), Actor Loss: 0.0004, Aux Loss: 0.0000, Reward: 0.8641, Avg Response Len: 449.62, Learning Rate: 0.00000007
Epoch:[1/1](672/2500), Actor Loss: 0.0006, Aux Loss: 0.0000, Reward: 0.2689, Avg Response Len: 213.75, Learning Rate: 0.00000007
Epoch:[1/1](673/2500), Actor Loss: 0.0003, Aux Loss: 0.0000, Reward: -0.1010, Avg Response Len: 457.69, Learning Rate: 0.00000007
Epoch:[1/1](674/2500), Actor Loss: 0.0013, Aux Loss: 0.0000, Reward: 0.0775, Avg Response Len: 179.50, Learning Rate: 0.00000007
Epoch:[1/1](675/2500), Actor Loss: 0.0004, Aux Loss: 0.0000, Reward: 0.2542, Avg Response Len: 281.00, Learning Rate: 0.00000007
Epoch:[1/1](676/2500), Actor Loss: 0.0005, Aux Loss: 0.0000, Reward: -0.7891, Avg Response Len: 211.38, Learning Rate: 0.00000007
Epoch:[1/1](677/2500), Actor Loss: 0.0005, Aux Loss: 0.0000, Reward: 0.2856, Avg Response Len: 389.50, Learning Rate: 0.00000007
Epoch:[1/1](678/2500), Actor Loss: 0.0004, Aux Loss: 0.0000, Reward: -0.2108, Avg Response Len: 215.25, Learning Rate: 0.00000007
Epoch:[1/1](679/2500), Actor Loss: 0.0004, Aux Loss: 0.0000, Reward: -0.4385, Avg Response Len: 493.50, Learning Rate: 0.00000007
Epoch:[1/1](680/2500), Actor Loss: 0.0008, Aux Loss: 0.0000, Reward: -0.9844, Avg Response Len: 322.38, Learning Rate: 0.00000007
Epoch:[1/1](681/2500), Actor Loss: 0.0003, Aux Loss: 0.0000, Reward: 0.2306, Avg Response Len: 347.94, Learning Rate: 0.00000007
Epoch:[1/1](682/2500), Actor Loss: 0.0006, Aux Loss: 0.0000, Reward: -1.4030, Avg Response Len: 263.12, Learning Rate: 0.00000007
Epoch:[1/1](683/2500), Actor Loss: 0.0003, Aux Loss: 0.0000, Reward: -0.2431, Avg Response Len: 415.06, Learning Rate: 0.00000007
Epoch:[1/1](684/2500), Actor Loss: 0.0003, Aux Loss: 0.0000, Reward: -1.0307, Avg Response Len: 379.50, Learning Rate: 0.00000007
Epoch:[1/1](685/2500), Actor Loss: 0.0004, Aux Loss: 0.0000, Reward: 0.2175, Avg Response Len: 374.81, Learning Rate: 0.00000007
Epoch:[1/1](686/2500), Actor Loss: 0.0009, Aux Loss: 0.0000, Reward: 0.3428, Avg Response Len: 368.62, Learning Rate: 0.00000007
Epoch:[1/1](687/2500), Actor Loss: 0.0004, Aux Loss: 0.0000, Reward: 0.6257, Avg Response Len: 384.44, Learning Rate: 0.00000007
Epoch:[1/1](688/2500), Actor Loss: 0.0006, Aux Loss: 0.0000, Reward: -1.1881, Avg Response Len: 315.75, Learning Rate: 0.00000007
Epoch:[1/1](689/2500), Actor Loss: 0.0003, Aux Loss: 0.0000, Reward: -1.2408, Avg Response Len: 534.75, Learning Rate: 0.00000007
Epoch:[1/1](690/2500), Actor Loss: 0.0004, Aux Loss: 0.0000, Reward: -0.5078, Avg Response Len: 318.31, Learning Rate: 0.00000007
Epoch:[1/1](691/2500), Actor Loss: 0.0003, Aux Loss: 0.0000, Reward: 1.0415, Avg Response Len: 347.12, Learning Rate: 0.00000007
Epoch:[1/1](692/2500), Actor Loss: 0.0004, Aux Loss: 0.0000, Reward: -0.5566, Avg Response Len: 256.75, Learning Rate: 0.00000007
Epoch:[1/1](693/2500), Actor Loss: 0.0004, Aux Loss: 0.0000, Reward: -1.0295, Avg Response Len: 315.81, Learning Rate: 0.00000007
Epoch:[1/1](694/2500), Actor Loss: 0.0004, Aux Loss: 0.0000, Reward: 0.9366, Avg Response Len: 378.06, Learning Rate: 0.00000007
Epoch:[1/1](695/2500), Actor Loss: 0.0009, Aux Loss: 0.0000, Reward: -0.9766, Avg Response Len: 240.38, Learning Rate: 0.00000007
Epoch:[1/1](696/2500), Actor Loss: 0.0008, Aux Loss: 0.0000, Reward: 0.0737, Avg Response Len: 232.19, Learning Rate: 0.00000007
Epoch:[1/1](697/2500), Actor Loss: 0.0004, Aux Loss: 0.0000, Reward: -0.3893, Avg Response Len: 311.00, Learning Rate: 0.00000007
Epoch:[1/1](698/2500), Actor Loss: 0.0005, Aux Loss: 0.0000, Reward: -1.2245, Avg Response Len: 314.81, Learning Rate: 0.00000007
Epoch:[1/1](699/2500), Actor Loss: 0.0004, Aux Loss: 0.0000, Reward: -0.7951, Avg Response Len: 358.19, Learning Rate: 0.00000007
Epoch:[1/1](700/2500), Actor Loss: 0.0004, Aux Loss: 0.0000, Reward: -1.3442, Avg Response Len: 424.12, Learning Rate: 0.00000007
Epoch:[1/1](701/2500), Actor Loss: 0.0026, Aux Loss: 0.0000, Reward: -0.2554, Avg Response Len: 305.81, Learning Rate: 0.00000007
Epoch:[1/1](702/2500), Actor Loss: 0.0020, Aux Loss: 0.0000, Reward: -0.3868, Avg Response Len: 104.62, Learning Rate: 0.00000007
Epoch:[1/1](703/2500), Actor Loss: 0.0004, Aux Loss: 0.0000, Reward: -0.2179, Avg Response Len: 408.12, Learning Rate: 0.00000007
Epoch:[1/1](704/2500), Actor Loss: 0.0003, Aux Loss: 0.0000, Reward: 0.1294, Avg Response Len: 415.94, Learning Rate: 0.00000007
Epoch:[1/1](705/2500), Actor Loss: 0.0004, Aux Loss: 0.0000, Reward: 0.0016, Avg Response Len: 240.38, Learning Rate: 0.00000007
Epoch:[1/1](706/2500), Actor Loss: 0.0006, Aux Loss: 0.0000, Reward: -0.5392, Avg Response Len: 327.25, Learning Rate: 0.00000007
Epoch:[1/1](707/2500), Actor Loss: 0.0004, Aux Loss: 0.0000, Reward: 0.5759, Avg Response Len: 380.56, Learning Rate: 0.00000007
Epoch:[1/1](708/2500), Actor Loss: 0.0011, Aux Loss: 0.0000, Reward: -0.5549, Avg Response Len: 161.00, Learning Rate: 0.00000007
Epoch:[1/1](709/2500), Actor Loss: 0.0006, Aux Loss: 0.0000, Reward: -0.4768, Avg Response Len: 138.75, Learning Rate: 0.00000007
Epoch:[1/1](710/2500), Actor Loss: 0.0008, Aux Loss: 0.0000, Reward: -0.1301, Avg Response Len: 275.50, Learning Rate: 0.00000007
Epoch:[1/1](711/2500), Actor Loss: 0.0004, Aux Loss: 0.0000, Reward: -1.2430, Avg Response Len: 299.88, Learning Rate: 0.00000007
Epoch:[1/1](712/2500), Actor Loss: 0.0009, Aux Loss: 0.0000, Reward: 0.3297, Avg Response Len: 292.88, Learning Rate: 0.00000007
Epoch:[1/1](713/2500), Actor Loss: 0.0003, Aux Loss: 0.0000, Reward: -0.8235, Avg Response Len: 436.50, Learning Rate: 0.00000007
Epoch:[1/1](714/2500), Actor Loss: 0.0005, Aux Loss: 0.0000, Reward: -1.2255, Avg Response Len: 413.25, Learning Rate: 0.00000007
Epoch:[1/1](715/2500), Actor Loss: 0.0004, Aux Loss: 0.0000, Reward: 0.0226, Avg Response Len: 302.44, Learning Rate: 0.00000007
Epoch:[1/1](716/2500), Actor Loss: 0.0005, Aux Loss: 0.0000, Reward: -0.6385, Avg Response Len: 409.69, Learning Rate: 0.00000007
Epoch:[1/1](717/2500), Actor Loss: 0.0002, Aux Loss: 0.0000, Reward: 0.2619, Avg Response Len: 570.94, Learning Rate: 0.00000007
Epoch:[1/1](718/2500), Actor Loss: 0.0009, Aux Loss: 0.0000, Reward: -0.8421, Avg Response Len: 292.69, Learning Rate: 0.00000007
Epoch:[1/1](719/2500), Actor Loss: 0.0008, Aux Loss: 0.0000, Reward: -0.1662, Avg Response Len: 165.94, Learning Rate: 0.00000007
Epoch:[1/1](720/2500), Actor Loss: 0.0004, Aux Loss: 0.0000, Reward: -0.1469, Avg Response Len: 518.88, Learning Rate: 0.00000007
Epoch:[1/1](721/2500), Actor Loss: 0.0005, Aux Loss: 0.0000, Reward: 0.9287, Avg Response Len: 299.31, Learning Rate: 0.00000007
Epoch:[1/1](722/2500), Actor Loss: 0.0005, Aux Loss: 0.0000, Reward: -1.4091, Avg Response Len: 286.94, Learning Rate: 0.00000007
Epoch:[1/1](723/2500), Actor Loss: 0.0007, Aux Loss: 0.0000, Reward: -0.8105, Avg Response Len: 301.75, Learning Rate: 0.00000007
Epoch:[1/1](724/2500), Actor Loss: 0.0004, Aux Loss: 0.0000, Reward: 0.0124, Avg Response Len: 438.50, Learning Rate: 0.00000007
Epoch:[1/1](725/2500), Actor Loss: 0.0015, Aux Loss: 0.0000, Reward: -0.1939, Avg Response Len: 244.06, Learning Rate: 0.00000007
Epoch:[1/1](726/2500), Actor Loss: 0.0004, Aux Loss: 0.0000, Reward: -0.9132, Avg Response Len: 385.44, Learning Rate: 0.00000007
Epoch:[1/1](727/2500), Actor Loss: 0.0004, Aux Loss: 0.0000, Reward: -0.1751, Avg Response Len: 440.25, Learning Rate: 0.00000007
Epoch:[1/1](728/2500), Actor Loss: 0.0004, Aux Loss: 0.0000, Reward: 0.2571, Avg Response Len: 451.50, Learning Rate: 0.00000007
Epoch:[1/1](729/2500), Actor Loss: 0.0007, Aux Loss: 0.0000, Reward: -0.3488, Avg Response Len: 300.31, Learning Rate: 0.00000007
Epoch:[1/1](730/2500), Actor Loss: 0.0007, Aux Loss: 0.0000, Reward: 0.0355, Avg Response Len: 288.50, Learning Rate: 0.00000007
Epoch:[1/1](731/2500), Actor Loss: 0.0003, Aux Loss: 0.0000, Reward: -0.0493, Avg Response Len: 423.38, Learning Rate: 0.00000007
Epoch:[1/1](732/2500), Actor Loss: 0.0003, Aux Loss: 0.0000, Reward: 0.8700, Avg Response Len: 392.69, Learning Rate: 0.00000007
Epoch:[1/1](733/2500), Actor Loss: 0.0003, Aux Loss: 0.0000, Reward: -0.6235, Avg Response Len: 520.69, Learning Rate: 0.00000007
Epoch:[1/1](734/2500), Actor Loss: 0.0004, Aux Loss: 0.0000, Reward: -0.3541, Avg Response Len: 308.62, Learning Rate: 0.00000007
Epoch:[1/1](735/2500), Actor Loss: 0.0004, Aux Loss: 0.0000, Reward: -0.6692, Avg Response Len: 306.62, Learning Rate: 0.00000007
Epoch:[1/1](736/2500), Actor Loss: 0.0025, Aux Loss: 0.0000, Reward: -0.0043, Avg Response Len: 174.94, Learning Rate: 0.00000007
Epoch:[1/1](737/2500), Actor Loss: 0.0002, Aux Loss: 0.0000, Reward: -1.2995, Avg Response Len: 596.56, Learning Rate: 0.00000007
Epoch:[1/1](738/2500), Actor Loss: 0.0013, Aux Loss: 0.0000, Reward: -0.2036, Avg Response Len: 132.19, Learning Rate: 0.00000007
Epoch:[1/1](739/2500), Actor Loss: 0.0004, Aux Loss: 0.0000, Reward: 0.1648, Avg Response Len: 341.75, Learning Rate: 0.00000007
Epoch:[1/1](740/2500), Actor Loss: 0.0006, Aux Loss: 0.0000, Reward: -0.7443, Avg Response Len: 253.38, Learning Rate: 0.00000007
Epoch:[1/1](741/2500), Actor Loss: 0.0009, Aux Loss: 0.0000, Reward: -0.2432, Avg Response Len: 211.44, Learning Rate: 0.00000007
Epoch:[1/1](742/2500), Actor Loss: 0.0004, Aux Loss: 0.0000, Reward: 1.1281, Avg Response Len: 376.12, Learning Rate: 0.00000007
Epoch:[1/1](743/2500), Actor Loss: 0.0003, Aux Loss: 0.0000, Reward: 0.5679, Avg Response Len: 324.44, Learning Rate: 0.00000007
Epoch:[1/1](744/2500), Actor Loss: 0.0002, Aux Loss: 0.0000, Reward: -0.7084, Avg Response Len: 333.50, Learning Rate: 0.00000007
Epoch:[1/1](745/2500), Actor Loss: 0.0006, Aux Loss: 0.0000, Reward: -0.9593, Avg Response Len: 282.12, Learning Rate: 0.00000007
Epoch:[1/1](746/2500), Actor Loss: 0.0007, Aux Loss: 0.0000, Reward: -1.0060, Avg Response Len: 409.56, Learning Rate: 0.00000007
Epoch:[1/1](747/2500), Actor Loss: 0.0035, Aux Loss: 0.0000, Reward: -1.2255, Avg Response Len: 131.62, Learning Rate: 0.00000007
Epoch:[1/1](748/2500), Actor Loss: 0.0003, Aux Loss: 0.0000, Reward: -0.6688, Avg Response Len: 305.31, Learning Rate: 0.00000007
Epoch:[1/1](749/2500), Actor Loss: 0.0022, Aux Loss: 0.0000, Reward: -0.1302, Avg Response Len: 213.31, Learning Rate: 0.00000007
Epoch:[1/1](750/2500), Actor Loss: 0.0010, Aux Loss: 0.0000, Reward: -0.4576, Avg Response Len: 159.38, Learning Rate: 0.00000007
Epoch:[1/1](751/2500), Actor Loss: 0.0004, Aux Loss: 0.0000, Reward: 0.0714, Avg Response Len: 304.69, Learning Rate: 0.00000007
Epoch:[1/1](752/2500), Actor Loss: 0.0004, Aux Loss: 0.0000, Reward: -0.1427, Avg Response Len: 461.12, Learning Rate: 0.00000007
Epoch:[1/1](753/2500), Actor Loss: 0.0005, Aux Loss: 0.0000, Reward: -0.6300, Avg Response Len: 310.81, Learning Rate: 0.00000007
Epoch:[1/1](754/2500), Actor Loss: 0.0007, Aux Loss: 0.0000, Reward: -0.0842, Avg Response Len: 429.31, Learning Rate: 0.00000007
Epoch:[1/1](755/2500), Actor Loss: 0.0005, Aux Loss: 0.0000, Reward: -0.5714, Avg Response Len: 236.38, Learning Rate: 0.00000007
Epoch:[1/1](756/2500), Actor Loss: 0.0016, Aux Loss: 0.0000, Reward: -0.5878, Avg Response Len: 240.38, Learning Rate: 0.00000007
Epoch:[1/1](757/2500), Actor Loss: 0.0003, Aux Loss: 0.0000, Reward: -0.4222, Avg Response Len: 496.25, Learning Rate: 0.00000007
Epoch:[1/1](758/2500), Actor Loss: 0.0031, Aux Loss: 0.0000, Reward: 0.4776, Avg Response Len: 363.00, Learning Rate: 0.00000007
Epoch:[1/1](759/2500), Actor Loss: 0.0006, Aux Loss: 0.0000, Reward: -0.4983, Avg Response Len: 345.94, Learning Rate: 0.00000007
Epoch:[1/1](760/2500), Actor Loss: 0.0008, Aux Loss: 0.0000, Reward: -0.9863, Avg Response Len: 233.25, Learning Rate: 0.00000006
Epoch:[1/1](761/2500), Actor Loss: 0.0033, Aux Loss: 0.0000, Reward: -0.1169, Avg Response Len: 147.06, Learning Rate: 0.00000006
Epoch:[1/1](762/2500), Actor Loss: 0.0006, Aux Loss: 0.0000, Reward: 0.1917, Avg Response Len: 376.19, Learning Rate: 0.00000006
Epoch:[1/1](763/2500), Actor Loss: 0.0006, Aux Loss: 0.0000, Reward: -1.2105, Avg Response Len: 378.31, Learning Rate: 0.00000006
Epoch:[1/1](764/2500), Actor Loss: 0.0004, Aux Loss: 0.0000, Reward: -0.6758, Avg Response Len: 411.75, Learning Rate: 0.00000006
Epoch:[1/1](765/2500), Actor Loss: 0.0012, Aux Loss: 0.0000, Reward: -0.6248, Avg Response Len: 338.38, Learning Rate: 0.00000006
Epoch:[1/1](766/2500), Actor Loss: 0.0007, Aux Loss: 0.0000, Reward: 0.3666, Avg Response Len: 397.44, Learning Rate: 0.00000006
Epoch:[1/1](767/2500), Actor Loss: 0.0005, Aux Loss: 0.0000, Reward: -0.2117, Avg Response Len: 350.62, Learning Rate: 0.00000006
Epoch:[1/1](768/2500), Actor Loss: 0.0009, Aux Loss: 0.0000, Reward: -0.7860, Avg Response Len: 593.88, Learning Rate: 0.00000006
Epoch:[1/1](769/2500), Actor Loss: 0.0009, Aux Loss: 0.0000, Reward: -0.2126, Avg Response Len: 348.19, Learning Rate: 0.00000006
Epoch:[1/1](770/2500), Actor Loss: 0.0007, Aux Loss: 0.0000, Reward: 0.6177, Avg Response Len: 126.56, Learning Rate: 0.00000006
Epoch:[1/1](771/2500), Actor Loss: 0.0054, Aux Loss: 0.0000, Reward: 0.0779, Avg Response Len: 156.81, Learning Rate: 0.00000006
Epoch:[1/1](772/2500), Actor Loss: 0.0004, Aux Loss: 0.0000, Reward: 0.5459, Avg Response Len: 357.12, Learning Rate: 0.00000006
Epoch:[1/1](773/2500), Actor Loss: 0.0005, Aux Loss: 0.0000, Reward: -0.8559, Avg Response Len: 221.88, Learning Rate: 0.00000006
Epoch:[1/1](774/2500), Actor Loss: 0.0021, Aux Loss: 0.0000, Reward: 0.4655, Avg Response Len: 257.00, Learning Rate: 0.00000006
Epoch:[1/1](775/2500), Actor Loss: 0.0006, Aux Loss: 0.0000, Reward: -0.6902, Avg Response Len: 187.56, Learning Rate: 0.00000006
Epoch:[1/1](776/2500), Actor Loss: 0.0004, Aux Loss: 0.0000, Reward: 0.2777, Avg Response Len: 456.31, Learning Rate: 0.00000006
Epoch:[1/1](777/2500), Actor Loss: 0.0003, Aux Loss: 0.0000, Reward: -0.1316, Avg Response Len: 436.56, Learning Rate: 0.00000006
Epoch:[1/1](778/2500), Actor Loss: 0.0005, Aux Loss: 0.0000, Reward: -0.4803, Avg Response Len: 253.06, Learning Rate: 0.00000006
Epoch:[1/1](779/2500), Actor Loss: 0.0027, Aux Loss: 0.0000, Reward: 1.1066, Avg Response Len: 237.25, Learning Rate: 0.00000006
Epoch:[1/1](780/2500), Actor Loss: 0.0009, Aux Loss: 0.0000, Reward: -0.6648, Avg Response Len: 206.81, Learning Rate: 0.00000006
Epoch:[1/1](781/2500), Actor Loss: 0.0015, Aux Loss: 0.0000, Reward: 0.6548, Avg Response Len: 357.25, Learning Rate: 0.00000006
Epoch:[1/1](782/2500), Actor Loss: 0.0011, Aux Loss: 0.0000, Reward: -0.1432, Avg Response Len: 194.06, Learning Rate: 0.00000006
Epoch:[1/1](783/2500), Actor Loss: 0.0003, Aux Loss: 0.0000, Reward: -0.5951, Avg Response Len: 357.88, Learning Rate: 0.00000006
Epoch:[1/1](784/2500), Actor Loss: 0.0005, Aux Loss: 0.0000, Reward: 0.0923, Avg Response Len: 347.44, Learning Rate: 0.00000006
Epoch:[1/1](785/2500), Actor Loss: 0.0009, Aux Loss: 0.0000, Reward: 1.1394, Avg Response Len: 369.44, Learning Rate: 0.00000006
Epoch:[1/1](786/2500), Actor Loss: 0.0010, Aux Loss: 0.0000, Reward: -1.0792, Avg Response Len: 278.94, Learning Rate: 0.00000006
Epoch:[1/1](787/2500), Actor Loss: 0.0007, Aux Loss: 0.0000, Reward: -0.2620, Avg Response Len: 319.06, Learning Rate: 0.00000006
Epoch:[1/1](788/2500), Actor Loss: 0.0010, Aux Loss: 0.0000, Reward: -0.3799, Avg Response Len: 266.19, Learning Rate: 0.00000006
Epoch:[1/1](789/2500), Actor Loss: 0.0011, Aux Loss: 0.0000, Reward: -0.6085, Avg Response Len: 117.88, Learning Rate: 0.00000006
Epoch:[1/1](790/2500), Actor Loss: 0.0003, Aux Loss: 0.0000, Reward: -0.6497, Avg Response Len: 512.81, Learning Rate: 0.00000006
Epoch:[1/1](791/2500), Actor Loss: 0.0004, Aux Loss: 0.0000, Reward: -0.7868, Avg Response Len: 401.38, Learning Rate: 0.00000006
Epoch:[1/1](792/2500), Actor Loss: 0.0006, Aux Loss: 0.0000, Reward: 0.0865, Avg Response Len: 326.00, Learning Rate: 0.00000006
Epoch:[1/1](793/2500), Actor Loss: 0.0010, Aux Loss: 0.0000, Reward: 0.5106, Avg Response Len: 199.06, Learning Rate: 0.00000006
Epoch:[1/1](794/2500), Actor Loss: 0.0010, Aux Loss: 0.0000, Reward: -0.0553, Avg Response Len: 246.44, Learning Rate: 0.00000006
Epoch:[1/1](795/2500), Actor Loss: 0.0007, Aux Loss: 0.0000, Reward: -0.8014, Avg Response Len: 291.75, Learning Rate: 0.00000006
Epoch:[1/1](796/2500), Actor Loss: 0.0006, Aux Loss: 0.0000, Reward: -0.1313, Avg Response Len: 301.44, Learning Rate: 0.00000006
Epoch:[1/1](797/2500), Actor Loss: 0.0016, Aux Loss: 0.0000, Reward: 0.2193, Avg Response Len: 247.56, Learning Rate: 0.00000006
Epoch:[1/1](798/2500), Actor Loss: 0.0022, Aux Loss: 0.0000, Reward: -0.2494, Avg Response Len: 164.62, Learning Rate: 0.00000006
Epoch:[1/1](799/2500), Actor Loss: 0.0003, Aux Loss: 0.0000, Reward: -0.5070, Avg Response Len: 339.06, Learning Rate: 0.00000006
Epoch:[1/1](800/2500), Actor Loss: 0.0006, Aux Loss: 0.0000, Reward: 0.2606, Avg Response Len: 158.56, Learning Rate: 0.00000006
Epoch:[1/1](801/2500), Actor Loss: 0.0007, Aux Loss: 0.0000, Reward: -0.3523, Avg Response Len: 228.12, Learning Rate: 0.00000006
Epoch:[1/1](802/2500), Actor Loss: 0.0009, Aux Loss: 0.0000, Reward: 0.6018, Avg Response Len: 317.62, Learning Rate: 0.00000006
Epoch:[1/1](803/2500), Actor Loss: 0.0007, Aux Loss: 0.0000, Reward: -0.0600, Avg Response Len: 387.94, Learning Rate: 0.00000006
Epoch:[1/1](804/2500), Actor Loss: 0.0012, Aux Loss: 0.0000, Reward: -0.4225, Avg Response Len: 365.56, Learning Rate: 0.00000006
Epoch:[1/1](805/2500), Actor Loss: 0.0002, Aux Loss: 0.0000, Reward: 0.6268, Avg Response Len: 444.56, Learning Rate: 0.00000006
Epoch:[1/1](806/2500), Actor Loss: 0.0003, Aux Loss: 0.0000, Reward: 0.9150, Avg Response Len: 345.38, Learning Rate: 0.00000006
Epoch:[1/1](807/2500), Actor Loss: 0.0003, Aux Loss: 0.0000, Reward: 0.3038, Avg Response Len: 407.00, Learning Rate: 0.00000006
Epoch:[1/1](808/2500), Actor Loss: 0.0004, Aux Loss: 0.0000, Reward: -0.1116, Avg Response Len: 465.25, Learning Rate: 0.00000006
Epoch:[1/1](809/2500), Actor Loss: 0.0007, Aux Loss: 0.0000, Reward: -0.6158, Avg Response Len: 218.56, Learning Rate: 0.00000006
Epoch:[1/1](810/2500), Actor Loss: 0.0010, Aux Loss: 0.0000, Reward: -0.2907, Avg Response Len: 192.44, Learning Rate: 0.00000006
Epoch:[1/1](811/2500), Actor Loss: 0.0007, Aux Loss: 0.0000, Reward: -0.2868, Avg Response Len: 207.38, Learning Rate: 0.00000006
Epoch:[1/1](812/2500), Actor Loss: 0.0004, Aux Loss: 0.0000, Reward: -0.6314, Avg Response Len: 399.31, Learning Rate: 0.00000006
Epoch:[1/1](813/2500), Actor Loss: 0.0005, Aux Loss: 0.0000, Reward: -0.2130, Avg Response Len: 264.19, Learning Rate: 0.00000006
Epoch:[1/1](814/2500), Actor Loss: 0.0151, Aux Loss: 0.0000, Reward: -0.1887, Avg Response Len: 372.25, Learning Rate: 0.00000006
Epoch:[1/1](815/2500), Actor Loss: 0.0038, Aux Loss: 0.0000, Reward: 0.3907, Avg Response Len: 104.69, Learning Rate: 0.00000006
Epoch:[1/1](816/2500), Actor Loss: 0.0006, Aux Loss: 0.0000, Reward: -0.1386, Avg Response Len: 274.25, Learning Rate: 0.00000006
Epoch:[1/1](817/2500), Actor Loss: 0.0004, Aux Loss: 0.0000, Reward: 0.4075, Avg Response Len: 369.50, Learning Rate: 0.00000006
Epoch:[1/1](818/2500), Actor Loss: 0.0004, Aux Loss: 0.0000, Reward: 0.5188, Avg Response Len: 357.00, Learning Rate: 0.00000006
Epoch:[1/1](819/2500), Actor Loss: 0.0030, Aux Loss: 0.0000, Reward: -0.4815, Avg Response Len: 195.44, Learning Rate: 0.00000006
Epoch:[1/1](820/2500), Actor Loss: 0.0003, Aux Loss: 0.0000, Reward: 0.4078, Avg Response Len: 472.81, Learning Rate: 0.00000006
Epoch:[1/1](821/2500), Actor Loss: 0.0003, Aux Loss: 0.0000, Reward: -0.5611, Avg Response Len: 521.62, Learning Rate: 0.00000006
Epoch:[1/1](822/2500), Actor Loss: 0.0004, Aux Loss: 0.0000, Reward: -1.3000, Avg Response Len: 376.12, Learning Rate: 0.00000006
Epoch:[1/1](823/2500), Actor Loss: 0.0007, Aux Loss: 0.0000, Reward: -0.3122, Avg Response Len: 321.88, Learning Rate: 0.00000006
Epoch:[1/1](824/2500), Actor Loss: 0.0003, Aux Loss: 0.0000, Reward: -0.7074, Avg Response Len: 383.56, Learning Rate: 0.00000006
Epoch:[1/1](825/2500), Actor Loss: 0.0005, Aux Loss: 0.0000, Reward: 0.5073, Avg Response Len: 419.69, Learning Rate: 0.00000006
Epoch:[1/1](826/2500), Actor Loss: 0.0006, Aux Loss: 0.0000, Reward: -0.2044, Avg Response Len: 198.88, Learning Rate: 0.00000006
Epoch:[1/1](827/2500), Actor Loss: 0.0003, Aux Loss: 0.0000, Reward: -1.2291, Avg Response Len: 215.12, Learning Rate: 0.00000006
Epoch:[1/1](828/2500), Actor Loss: 0.0004, Aux Loss: 0.0000, Reward: -0.1975, Avg Response Len: 166.44, Learning Rate: 0.00000006
Epoch:[1/1](829/2500), Actor Loss: 0.0004, Aux Loss: 0.0000, Reward: -1.4233, Avg Response Len: 407.06, Learning Rate: 0.00000006
Epoch:[1/1](830/2500), Actor Loss: 0.0005, Aux Loss: 0.0000, Reward: -0.4412, Avg Response Len: 234.06, Learning Rate: 0.00000006
Epoch:[1/1](831/2500), Actor Loss: 0.0006, Aux Loss: 0.0000, Reward: -0.2413, Avg Response Len: 363.12, Learning Rate: 0.00000006
Epoch:[1/1](832/2500), Actor Loss: 0.0005, Aux Loss: 0.0000, Reward: -0.6991, Avg Response Len: 337.56, Learning Rate: 0.00000006
Epoch:[1/1](833/2500), Actor Loss: 0.0008, Aux Loss: 0.0000, Reward: -0.9411, Avg Response Len: 189.62, Learning Rate: 0.00000006
Epoch:[1/1](834/2500), Actor Loss: 0.0005, Aux Loss: 0.0000, Reward: -1.2576, Avg Response Len: 207.44, Learning Rate: 0.00000006
Epoch:[1/1](835/2500), Actor Loss: 0.0007, Aux Loss: 0.0000, Reward: 1.2087, Avg Response Len: 296.44, Learning Rate: 0.00000006
Epoch:[1/1](836/2500), Actor Loss: 0.0005, Aux Loss: 0.0000, Reward: 0.5707, Avg Response Len: 330.12, Learning Rate: 0.00000006
Epoch:[1/1](837/2500), Actor Loss: 0.0005, Aux Loss: 0.0000, Reward: -1.1136, Avg Response Len: 342.50, Learning Rate: 0.00000006
Epoch:[1/1](838/2500), Actor Loss: 0.0018, Aux Loss: 0.0000, Reward: -0.5563, Avg Response Len: 269.12, Learning Rate: 0.00000006
Epoch:[1/1](839/2500), Actor Loss: 0.0002, Aux Loss: 0.0000, Reward: -0.5636, Avg Response Len: 242.44, Learning Rate: 0.00000006
Epoch:[1/1](840/2500), Actor Loss: 0.0028, Aux Loss: 0.0000, Reward: 1.2358, Avg Response Len: 121.50, Learning Rate: 0.00000006
Epoch:[1/1](841/2500), Actor Loss: 0.0004, Aux Loss: 0.0000, Reward: -0.0645, Avg Response Len: 360.81, Learning Rate: 0.00000006
Epoch:[1/1](842/2500), Actor Loss: 0.0004, Aux Loss: 0.0000, Reward: -0.2531, Avg Response Len: 450.44, Learning Rate: 0.00000006
Epoch:[1/1](843/2500), Actor Loss: 0.0004, Aux Loss: 0.0000, Reward: -0.0708, Avg Response Len: 320.25, Learning Rate: 0.00000006
Epoch:[1/1](844/2500), Actor Loss: 0.0009, Aux Loss: 0.0000, Reward: 0.6725, Avg Response Len: 351.25, Learning Rate: 0.00000006
Epoch:[1/1](845/2500), Actor Loss: 0.0003, Aux Loss: 0.0000, Reward: -0.3513, Avg Response Len: 525.62, Learning Rate: 0.00000006
Epoch:[1/1](846/2500), Actor Loss: 0.0008, Aux Loss: 0.0000, Reward: -0.2553, Avg Response Len: 112.69, Learning Rate: 0.00000006
Epoch:[1/1](847/2500), Actor Loss: 0.0019, Aux Loss: 0.0000, Reward: -0.3528, Avg Response Len: 287.19, Learning Rate: 0.00000006
Epoch:[1/1](848/2500), Actor Loss: 0.0002, Aux Loss: 0.0000, Reward: -0.1930, Avg Response Len: 412.69, Learning Rate: 0.00000006
Epoch:[1/1](849/2500), Actor Loss: 0.0009, Aux Loss: 0.0000, Reward: -0.2859, Avg Response Len: 190.56, Learning Rate: 0.00000006
Epoch:[1/1](850/2500), Actor Loss: 0.0005, Aux Loss: 0.0000, Reward: -0.7443, Avg Response Len: 569.69, Learning Rate: 0.00000006
Epoch:[1/1](851/2500), Actor Loss: 0.0003, Aux Loss: 0.0000, Reward: -0.8398, Avg Response Len: 493.88, Learning Rate: 0.00000006
Epoch:[1/1](852/2500), Actor Loss: 0.0006, Aux Loss: 0.0000, Reward: -0.5147, Avg Response Len: 378.56, Learning Rate: 0.00000006
Epoch:[1/1](853/2500), Actor Loss: 0.0007, Aux Loss: 0.0000, Reward: -0.0774, Avg Response Len: 169.94, Learning Rate: 0.00000006
Epoch:[1/1](854/2500), Actor Loss: 0.0007, Aux Loss: 0.0000, Reward: -0.1321, Avg Response Len: 237.38, Learning Rate: 0.00000006
Epoch:[1/1](855/2500), Actor Loss: 0.0008, Aux Loss: 0.0000, Reward: -0.2386, Avg Response Len: 164.94, Learning Rate: 0.00000006
Epoch:[1/1](856/2500), Actor Loss: 0.0005, Aux Loss: 0.0000, Reward: -0.1972, Avg Response Len: 365.38, Learning Rate: 0.00000006
Epoch:[1/1](857/2500), Actor Loss: 0.0009, Aux Loss: 0.0000, Reward: -1.1942, Avg Response Len: 200.31, Learning Rate: 0.00000006
Epoch:[1/1](858/2500), Actor Loss: 0.0025, Aux Loss: 0.0000, Reward: -0.5500, Avg Response Len: 173.31, Learning Rate: 0.00000006
Epoch:[1/1](859/2500), Actor Loss: 0.0005, Aux Loss: 0.0000, Reward: 0.1297, Avg Response Len: 309.50, Learning Rate: 0.00000006
Epoch:[1/1](860/2500), Actor Loss: 0.0003, Aux Loss: 0.0000, Reward: -0.2809, Avg Response Len: 578.12, Learning Rate: 0.00000006
Epoch:[1/1](861/2500), Actor Loss: 0.0062, Aux Loss: 0.0000, Reward: 0.1799, Avg Response Len: 104.38, Learning Rate: 0.00000006
Epoch:[1/1](862/2500), Actor Loss: 0.0004, Aux Loss: 0.0000, Reward: -0.4831, Avg Response Len: 434.56, Learning Rate: 0.00000006
Epoch:[1/1](863/2500), Actor Loss: 0.0011, Aux Loss: 0.0000, Reward: -0.9667, Avg Response Len: 259.81, Learning Rate: 0.00000006
Epoch:[1/1](864/2500), Actor Loss: 0.0007, Aux Loss: 0.0000, Reward: -0.5148, Avg Response Len: 378.56, Learning Rate: 0.00000006
Epoch:[1/1](865/2500), Actor Loss: 0.0038, Aux Loss: 0.0000, Reward: 0.4587, Avg Response Len: 47.00, Learning Rate: 0.00000006
Epoch:[1/1](866/2500), Actor Loss: 0.0007, Aux Loss: 0.0000, Reward: -0.6789, Avg Response Len: 220.00, Learning Rate: 0.00000006
Epoch:[1/1](867/2500), Actor Loss: 0.0004, Aux Loss: 0.0000, Reward: -0.5328, Avg Response Len: 256.50, Learning Rate: 0.00000006
Epoch:[1/1](868/2500), Actor Loss: 0.0014, Aux Loss: 0.0000, Reward: -0.7402, Avg Response Len: 202.12, Learning Rate: 0.00000006
Epoch:[1/1](869/2500), Actor Loss: 0.0005, Aux Loss: 0.0000, Reward: -0.6867, Avg Response Len: 315.19, Learning Rate: 0.00000006
Epoch:[1/1](870/2500), Actor Loss: 0.0015, Aux Loss: 0.0000, Reward: 0.0436, Avg Response Len: 270.69, Learning Rate: 0.00000006
Epoch:[1/1](871/2500), Actor Loss: 0.0090, Aux Loss: 0.0000, Reward: 1.1804, Avg Response Len: 335.56, Learning Rate: 0.00000006
Epoch:[1/1](872/2500), Actor Loss: 0.0012, Aux Loss: 0.0000, Reward: -0.1810, Avg Response Len: 304.25, Learning Rate: 0.00000006
Epoch:[1/1](873/2500), Actor Loss: 0.0003, Aux Loss: 0.0000, Reward: -1.1026, Avg Response Len: 458.06, Learning Rate: 0.00000006
Epoch:[1/1](874/2500), Actor Loss: 0.0009, Aux Loss: 0.0000, Reward: 0.0429, Avg Response Len: 287.94, Learning Rate: 0.00000006
Epoch:[1/1](875/2500), Actor Loss: 0.0011, Aux Loss: 0.0000, Reward: -0.6967, Avg Response Len: 482.25, Learning Rate: 0.00000006
Epoch:[1/1](876/2500), Actor Loss: 0.0004, Aux Loss: 0.0000, Reward: -0.7435, Avg Response Len: 308.94, Learning Rate: 0.00000006
Epoch:[1/1](877/2500), Actor Loss: 0.0004, Aux Loss: 0.0000, Reward: -0.9491, Avg Response Len: 292.38, Learning Rate: 0.00000006
Epoch:[1/1](878/2500), Actor Loss: 0.0003, Aux Loss: 0.0000, Reward: -0.7191, Avg Response Len: 389.00, Learning Rate: 0.00000006
Epoch:[1/1](879/2500), Actor Loss: 0.0009, Aux Loss: 0.0000, Reward: 0.0459, Avg Response Len: 272.75, Learning Rate: 0.00000006
Epoch:[1/1](880/2500), Actor Loss: 0.0007, Aux Loss: 0.0000, Reward: -0.3494, Avg Response Len: 261.94, Learning Rate: 0.00000006
Epoch:[1/1](881/2500), Actor Loss: 0.0004, Aux Loss: 0.0000, Reward: -0.3880, Avg Response Len: 398.62, Learning Rate: 0.00000006
Epoch:[1/1](882/2500), Actor Loss: 0.0011, Aux Loss: 0.0000, Reward: 0.2090, Avg Response Len: 138.31, Learning Rate: 0.00000006
Epoch:[1/1](883/2500), Actor Loss: 0.0006, Aux Loss: 0.0000, Reward: -0.1937, Avg Response Len: 257.06, Learning Rate: 0.00000006
Epoch:[1/1](884/2500), Actor Loss: 0.0007, Aux Loss: 0.0000, Reward: -0.0214, Avg Response Len: 185.00, Learning Rate: 0.00000006
Epoch:[1/1](885/2500), Actor Loss: 0.0008, Aux Loss: 0.0000, Reward: 0.5497, Avg Response Len: 169.69, Learning Rate: 0.00000006
Epoch:[1/1](886/2500), Actor Loss: 0.0004, Aux Loss: 0.0000, Reward: -0.5519, Avg Response Len: 341.56, Learning Rate: 0.00000006
Epoch:[1/1](887/2500), Actor Loss: 0.0004, Aux Loss: 0.0000, Reward: -0.3313, Avg Response Len: 399.19, Learning Rate: 0.00000006
Epoch:[1/1](888/2500), Actor Loss: 0.0004, Aux Loss: 0.0000, Reward: 0.2884, Avg Response Len: 403.19, Learning Rate: 0.00000006
Epoch:[1/1](889/2500), Actor Loss: 0.0010, Aux Loss: 0.0000, Reward: 0.0990, Avg Response Len: 152.06, Learning Rate: 0.00000006
Epoch:[1/1](890/2500), Actor Loss: 0.0005, Aux Loss: 0.0000, Reward: -0.9201, Avg Response Len: 337.62, Learning Rate: 0.00000006
Epoch:[1/1](891/2500), Actor Loss: 0.0003, Aux Loss: 0.0000, Reward: -0.1361, Avg Response Len: 439.88, Learning Rate: 0.00000006
Epoch:[1/1](892/2500), Actor Loss: 0.0006, Aux Loss: 0.0000, Reward: -0.7701, Avg Response Len: 272.06, Learning Rate: 0.00000006
Epoch:[1/1](893/2500), Actor Loss: 0.0004, Aux Loss: 0.0000, Reward: -1.0228, Avg Response Len: 431.75, Learning Rate: 0.00000006
Epoch:[1/1](894/2500), Actor Loss: 0.0005, Aux Loss: 0.0000, Reward: 0.2929, Avg Response Len: 302.12, Learning Rate: 0.00000006
Epoch:[1/1](895/2500), Actor Loss: 0.0004, Aux Loss: 0.0000, Reward: -0.3654, Avg Response Len: 376.06, Learning Rate: 0.00000006
Epoch:[1/1](896/2500), Actor Loss: 0.0008, Aux Loss: 0.0000, Reward: 0.6951, Avg Response Len: 280.62, Learning Rate: 0.00000006
Epoch:[1/1](897/2500), Actor Loss: 0.0004, Aux Loss: 0.0000, Reward: 0.3943, Avg Response Len: 418.38, Learning Rate: 0.00000006
Epoch:[1/1](898/2500), Actor Loss: 0.0004, Aux Loss: 0.0000, Reward: -0.5951, Avg Response Len: 385.62, Learning Rate: 0.00000006
Epoch:[1/1](899/2500), Actor Loss: 0.0008, Aux Loss: 0.0000, Reward: 0.0723, Avg Response Len: 300.06, Learning Rate: 0.00000006
Epoch:[1/1](900/2500), Actor Loss: 0.0004, Aux Loss: 0.0000, Reward: 0.3236, Avg Response Len: 280.88, Learning Rate: 0.00000006
Epoch:[1/1](901/2500), Actor Loss: 0.0007, Aux Loss: 0.0000, Reward: -0.0266, Avg Response Len: 345.88, Learning Rate: 0.00000006
Epoch:[1/1](902/2500), Actor Loss: 0.0005, Aux Loss: 0.0000, Reward: -0.0354, Avg Response Len: 239.88, Learning Rate: 0.00000006
Epoch:[1/1](903/2500), Actor Loss: 0.0009, Aux Loss: 0.0000, Reward: 0.6541, Avg Response Len: 308.88, Learning Rate: 0.00000006
Epoch:[1/1](904/2500), Actor Loss: 0.0005, Aux Loss: 0.0000, Reward: -0.4866, Avg Response Len: 154.31, Learning Rate: 0.00000006
Epoch:[1/1](905/2500), Actor Loss: 0.0009, Aux Loss: 0.0000, Reward: -0.2089, Avg Response Len: 316.81, Learning Rate: 0.00000006
Epoch:[1/1](906/2500), Actor Loss: 0.0004, Aux Loss: 0.0000, Reward: 0.7704, Avg Response Len: 360.00, Learning Rate: 0.00000006
Epoch:[1/1](907/2500), Actor Loss: 0.0009, Aux Loss: 0.0000, Reward: -0.2712, Avg Response Len: 137.81, Learning Rate: 0.00000006
Epoch:[1/1](908/2500), Actor Loss: 0.0003, Aux Loss: 0.0000, Reward: 0.6448, Avg Response Len: 599.69, Learning Rate: 0.00000006
Epoch:[1/1](909/2500), Actor Loss: 0.0004, Aux Loss: 0.0000, Reward: -0.0849, Avg Response Len: 309.12, Learning Rate: 0.00000006
Epoch:[1/1](910/2500), Actor Loss: 0.0006, Aux Loss: 0.0000, Reward: 1.2282, Avg Response Len: 384.12, Learning Rate: 0.00000006
Epoch:[1/1](911/2500), Actor Loss: 0.0005, Aux Loss: 0.0000, Reward: -0.5574, Avg Response Len: 284.81, Learning Rate: 0.00000006
Epoch:[1/1](912/2500), Actor Loss: 0.0008, Aux Loss: 0.0000, Reward: -0.9081, Avg Response Len: 157.81, Learning Rate: 0.00000006
Epoch:[1/1](913/2500), Actor Loss: 0.0005, Aux Loss: 0.0000, Reward: 0.5535, Avg Response Len: 309.81, Learning Rate: 0.00000006
Epoch:[1/1](914/2500), Actor Loss: 0.0003, Aux Loss: 0.0000, Reward: -0.5888, Avg Response Len: 320.75, Learning Rate: 0.00000006
Epoch:[1/1](915/2500), Actor Loss: 0.0005, Aux Loss: 0.0000, Reward: 0.9906, Avg Response Len: 274.94, Learning Rate: 0.00000006
Epoch:[1/1](916/2500), Actor Loss: 0.0021, Aux Loss: 0.0000, Reward: 0.2466, Avg Response Len: 230.00, Learning Rate: 0.00000006
Epoch:[1/1](917/2500), Actor Loss: 0.0006, Aux Loss: 0.0000, Reward: -1.2356, Avg Response Len: 319.69, Learning Rate: 0.00000006
Epoch:[1/1](918/2500), Actor Loss: 0.0005, Aux Loss: 0.0000, Reward: 0.9403, Avg Response Len: 345.31, Learning Rate: 0.00000006
Epoch:[1/1](919/2500), Actor Loss: 0.0004, Aux Loss: 0.0000, Reward: -0.3494, Avg Response Len: 425.19, Learning Rate: 0.00000006
Epoch:[1/1](920/2500), Actor Loss: 0.0016, Aux Loss: 0.0000, Reward: 0.1099, Avg Response Len: 211.31, Learning Rate: 0.00000006
Epoch:[1/1](921/2500), Actor Loss: 0.0004, Aux Loss: 0.0000, Reward: -0.3976, Avg Response Len: 292.06, Learning Rate: 0.00000006
Epoch:[1/1](922/2500), Actor Loss: 0.0004, Aux Loss: 0.0000, Reward: 0.2452, Avg Response Len: 337.00, Learning Rate: 0.00000006
Epoch:[1/1](923/2500), Actor Loss: 0.0015, Aux Loss: 0.0000, Reward: -1.2305, Avg Response Len: 201.19, Learning Rate: 0.00000006
Epoch:[1/1](924/2500), Actor Loss: 0.0010, Aux Loss: 0.0000, Reward: 0.2684, Avg Response Len: 155.25, Learning Rate: 0.00000006
Epoch:[1/1](925/2500), Actor Loss: 0.0004, Aux Loss: 0.0000, Reward: -0.2780, Avg Response Len: 260.88, Learning Rate: 0.00000006
Epoch:[1/1](926/2500), Actor Loss: 0.0005, Aux Loss: 0.0000, Reward: -0.5250, Avg Response Len: 432.44, Learning Rate: 0.00000006
Epoch:[1/1](927/2500), Actor Loss: 0.0010, Aux Loss: 0.0000, Reward: 0.2884, Avg Response Len: 405.19, Learning Rate: 0.00000006
Epoch:[1/1](928/2500), Actor Loss: 0.0031, Aux Loss: 0.0000, Reward: 0.0376, Avg Response Len: 145.00, Learning Rate: 0.00000006
Epoch:[1/1](929/2500), Actor Loss: 0.0007, Aux Loss: 0.0000, Reward: -0.5888, Avg Response Len: 302.38, Learning Rate: 0.00000006
Epoch:[1/1](930/2500), Actor Loss: 0.0004, Aux Loss: 0.0000, Reward: 0.2433, Avg Response Len: 434.00, Learning Rate: 0.00000006
Epoch:[1/1](931/2500), Actor Loss: 0.0032, Aux Loss: 0.0000, Reward: -0.0686, Avg Response Len: 444.44, Learning Rate: 0.00000006
Epoch:[1/1](932/2500), Actor Loss: 0.0013, Aux Loss: 0.0000, Reward: -1.3268, Avg Response Len: 239.19, Learning Rate: 0.00000006
Epoch:[1/1](933/2500), Actor Loss: 0.0013, Aux Loss: 0.0000, Reward: 0.2606, Avg Response Len: 258.25, Learning Rate: 0.00000006
Epoch:[1/1](934/2500), Actor Loss: 0.0024, Aux Loss: 0.0000, Reward: -0.2219, Avg Response Len: 95.62, Learning Rate: 0.00000006
Epoch:[1/1](935/2500), Actor Loss: 0.0004, Aux Loss: 0.0000, Reward: -0.5545, Avg Response Len: 318.31, Learning Rate: 0.00000006
Epoch:[1/1](936/2500), Actor Loss: 0.0005, Aux Loss: 0.0000, Reward: 0.2143, Avg Response Len: 288.88, Learning Rate: 0.00000006
Epoch:[1/1](937/2500), Actor Loss: 0.0005, Aux Loss: 0.0000, Reward: 0.0614, Avg Response Len: 332.00, Learning Rate: 0.00000006
Epoch:[1/1](938/2500), Actor Loss: 0.0008, Aux Loss: 0.0000, Reward: -0.7193, Avg Response Len: 279.44, Learning Rate: 0.00000006
Epoch:[1/1](939/2500), Actor Loss: 0.0006, Aux Loss: 0.0000, Reward: -0.7930, Avg Response Len: 661.69, Learning Rate: 0.00000006
Epoch:[1/1](940/2500), Actor Loss: 0.0005, Aux Loss: 0.0000, Reward: -0.3910, Avg Response Len: 391.00, Learning Rate: 0.00000006
Epoch:[1/1](941/2500), Actor Loss: 0.0012, Aux Loss: 0.0000, Reward: -0.2916, Avg Response Len: 276.62, Learning Rate: 0.00000006
Epoch:[1/1](942/2500), Actor Loss: 0.0021, Aux Loss: 0.0000, Reward: 0.4361, Avg Response Len: 236.50, Learning Rate: 0.00000006
Epoch:[1/1](943/2500), Actor Loss: 0.0012, Aux Loss: 0.0000, Reward: -0.6835, Avg Response Len: 272.69, Learning Rate: 0.00000006
Epoch:[1/1](944/2500), Actor Loss: 0.0004, Aux Loss: 0.0000, Reward: -0.4985, Avg Response Len: 467.31, Learning Rate: 0.00000006
Epoch:[1/1](945/2500), Actor Loss: 0.0017, Aux Loss: 0.0000, Reward: -1.6828, Avg Response Len: 621.81, Learning Rate: 0.00000006
Epoch:[1/1](946/2500), Actor Loss: 0.0021, Aux Loss: 0.0000, Reward: -1.3200, Avg Response Len: 168.38, Learning Rate: 0.00000006
Epoch:[1/1](947/2500), Actor Loss: 0.0005, Aux Loss: 0.0000, Reward: -0.3569, Avg Response Len: 182.50, Learning Rate: 0.00000006
Epoch:[1/1](948/2500), Actor Loss: 0.0024, Aux Loss: 0.0000, Reward: 0.0367, Avg Response Len: 334.81, Learning Rate: 0.00000006
Epoch:[1/1](949/2500), Actor Loss: 0.0010, Aux Loss: 0.0000, Reward: -0.8656, Avg Response Len: 181.50, Learning Rate: 0.00000006
Epoch:[1/1](950/2500), Actor Loss: 0.0009, Aux Loss: 0.0000, Reward: -0.0242, Avg Response Len: 258.31, Learning Rate: 0.00000006
Epoch:[1/1](951/2500), Actor Loss: 0.0006, Aux Loss: 0.0000, Reward: 0.6187, Avg Response Len: 323.25, Learning Rate: 0.00000006
Epoch:[1/1](952/2500), Actor Loss: 0.0008, Aux Loss: 0.0000, Reward: -0.5490, Avg Response Len: 184.38, Learning Rate: 0.00000006
Epoch:[1/1](953/2500), Actor Loss: 0.0006, Aux Loss: 0.0000, Reward: -0.6509, Avg Response Len: 396.44, Learning Rate: 0.00000006
Epoch:[1/1](954/2500), Actor Loss: 0.0014, Aux Loss: 0.0000, Reward: -0.3083, Avg Response Len: 232.06, Learning Rate: 0.00000006
Epoch:[1/1](955/2500), Actor Loss: 0.0011, Aux Loss: 0.0000, Reward: -0.1455, Avg Response Len: 257.00, Learning Rate: 0.00000006
Epoch:[1/1](956/2500), Actor Loss: 0.0018, Aux Loss: 0.0000, Reward: -0.2875, Avg Response Len: 329.88, Learning Rate: 0.00000006
Epoch:[1/1](957/2500), Actor Loss: 0.0007, Aux Loss: 0.0000, Reward: -0.4408, Avg Response Len: 350.62, Learning Rate: 0.00000006
Epoch:[1/1](958/2500), Actor Loss: 0.0007, Aux Loss: 0.0000, Reward: -0.1578, Avg Response Len: 260.44, Learning Rate: 0.00000006
Epoch:[1/1](959/2500), Actor Loss: 0.0003, Aux Loss: 0.0000, Reward: 0.0422, Avg Response Len: 485.25, Learning Rate: 0.00000006
Epoch:[1/1](960/2500), Actor Loss: 0.0005, Aux Loss: 0.0000, Reward: 0.4541, Avg Response Len: 358.06, Learning Rate: 0.00000006
Epoch:[1/1](961/2500), Actor Loss: 0.0007, Aux Loss: 0.0000, Reward: -0.1215, Avg Response Len: 287.94, Learning Rate: 0.00000006
Epoch:[1/1](962/2500), Actor Loss: 0.0003, Aux Loss: 0.0000, Reward: 0.3721, Avg Response Len: 427.19, Learning Rate: 0.00000006
Epoch:[1/1](963/2500), Actor Loss: 0.0006, Aux Loss: 0.0000, Reward: -0.0444, Avg Response Len: 352.50, Learning Rate: 0.00000006
Epoch:[1/1](964/2500), Actor Loss: 0.0004, Aux Loss: 0.0000, Reward: -0.5547, Avg Response Len: 296.00, Learning Rate: 0.00000006
Epoch:[1/1](965/2500), Actor Loss: 0.0062, Aux Loss: 0.0000, Reward: -0.4731, Avg Response Len: 342.75, Learning Rate: 0.00000006
Epoch:[1/1](966/2500), Actor Loss: 0.0004, Aux Loss: 0.0000, Reward: -0.0167, Avg Response Len: 390.31, Learning Rate: 0.00000006
Epoch:[1/1](967/2500), Actor Loss: 0.0004, Aux Loss: 0.0000, Reward: 0.2531, Avg Response Len: 339.12, Learning Rate: 0.00000006
Epoch:[1/1](968/2500), Actor Loss: 0.0003, Aux Loss: 0.0000, Reward: -0.2884, Avg Response Len: 401.56, Learning Rate: 0.00000006
Epoch:[1/1](969/2500), Actor Loss: 0.0020, Aux Loss: 0.0000, Reward: 0.2142, Avg Response Len: 121.31, Learning Rate: 0.00000006
Epoch:[1/1](970/2500), Actor Loss: 0.0005, Aux Loss: 0.0000, Reward: -0.1993, Avg Response Len: 209.25, Learning Rate: 0.00000006
Epoch:[1/1](971/2500), Actor Loss: 0.0004, Aux Loss: 0.0000, Reward: 0.0488, Avg Response Len: 437.25, Learning Rate: 0.00000006
Epoch:[1/1](972/2500), Actor Loss: 0.0004, Aux Loss: 0.0000, Reward: -1.2216, Avg Response Len: 326.31, Learning Rate: 0.00000006
Epoch:[1/1](973/2500), Actor Loss: 0.0004, Aux Loss: 0.0000, Reward: -0.0955, Avg Response Len: 284.50, Learning Rate: 0.00000006
Epoch:[1/1](974/2500), Actor Loss: 0.0003, Aux Loss: 0.0000, Reward: -0.0873, Avg Response Len: 511.25, Learning Rate: 0.00000006
Epoch:[1/1](975/2500), Actor Loss: 0.0006, Aux Loss: 0.0000, Reward: -0.0209, Avg Response Len: 410.31, Learning Rate: 0.00000006
Epoch:[1/1](976/2500), Actor Loss: 0.0005, Aux Loss: 0.0000, Reward: 0.3059, Avg Response Len: 428.69, Learning Rate: 0.00000006
Epoch:[1/1](977/2500), Actor Loss: 0.0004, Aux Loss: 0.0000, Reward: -1.1079, Avg Response Len: 257.25, Learning Rate: 0.00000006
Epoch:[1/1](978/2500), Actor Loss: 0.0003, Aux Loss: 0.0000, Reward: 0.3839, Avg Response Len: 431.38, Learning Rate: 0.00000006
Epoch:[1/1](979/2500), Actor Loss: 0.0004, Aux Loss: 0.0000, Reward: 0.2751, Avg Response Len: 345.94, Learning Rate: 0.00000006
Epoch:[1/1](980/2500), Actor Loss: 0.0009, Aux Loss: 0.0000, Reward: -0.4345, Avg Response Len: 34.88, Learning Rate: 0.00000006
Epoch:[1/1](981/2500), Actor Loss: 0.0004, Aux Loss: 0.0000, Reward: -1.1562, Avg Response Len: 359.62, Learning Rate: 0.00000006
Epoch:[1/1](982/2500), Actor Loss: 0.0006, Aux Loss: 0.0000, Reward: -0.2512, Avg Response Len: 281.62, Learning Rate: 0.00000006
Epoch:[1/1](983/2500), Actor Loss: 0.0007, Aux Loss: 0.0000, Reward: 0.0480, Avg Response Len: 346.06, Learning Rate: 0.00000006
Epoch:[1/1](984/2500), Actor Loss: 0.0006, Aux Loss: 0.0000, Reward: -0.1075, Avg Response Len: 282.38, Learning Rate: 0.00000006
Epoch:[1/1](985/2500), Actor Loss: 0.0008, Aux Loss: 0.0000, Reward: -0.6039, Avg Response Len: 160.94, Learning Rate: 0.00000006
Epoch:[1/1](986/2500), Actor Loss: 0.0009, Aux Loss: 0.0000, Reward: 0.2340, Avg Response Len: 248.94, Learning Rate: 0.00000006
Epoch:[1/1](987/2500), Actor Loss: 0.0006, Aux Loss: 0.0000, Reward: -0.6858, Avg Response Len: 315.31, Learning Rate: 0.00000006
Epoch:[1/1](988/2500), Actor Loss: 0.0008, Aux Loss: 0.0000, Reward: -0.0883, Avg Response Len: 240.75, Learning Rate: 0.00000006
Epoch:[1/1](989/2500), Actor Loss: 0.0005, Aux Loss: 0.0000, Reward: -0.5577, Avg Response Len: 333.94, Learning Rate: 0.00000006
Epoch:[1/1](990/2500), Actor Loss: 0.0016, Aux Loss: 0.0000, Reward: 0.4743, Avg Response Len: 194.62, Learning Rate: 0.00000006
Epoch:[1/1](991/2500), Actor Loss: 0.0006, Aux Loss: 0.0000, Reward: -0.3752, Avg Response Len: 413.81, Learning Rate: 0.00000006
Epoch:[1/1](992/2500), Actor Loss: 0.0004, Aux Loss: 0.0000, Reward: -0.8140, Avg Response Len: 477.31, Learning Rate: 0.00000006
Epoch:[1/1](993/2500), Actor Loss: 0.0006, Aux Loss: 0.0000, Reward: -0.4815, Avg Response Len: 381.31, Learning Rate: 0.00000006
Epoch:[1/1](994/2500), Actor Loss: 0.0007, Aux Loss: 0.0000, Reward: -0.0654, Avg Response Len: 405.06, Learning Rate: 0.00000006
Epoch:[1/1](995/2500), Actor Loss: 0.0008, Aux Loss: 0.0000, Reward: 0.2205, Avg Response Len: 126.19, Learning Rate: 0.00000006
Epoch:[1/1](996/2500), Actor Loss: 0.0004, Aux Loss: 0.0000, Reward: -0.5225, Avg Response Len: 348.06, Learning Rate: 0.00000006
Epoch:[1/1](997/2500), Actor Loss: 0.0003, Aux Loss: 0.0000, Reward: -0.6994, Avg Response Len: 398.81, Learning Rate: 0.00000006
Epoch:[1/1](998/2500), Actor Loss: 0.0008, Aux Loss: 0.0000, Reward: -0.3490, Avg Response Len: 340.94, Learning Rate: 0.00000006
Epoch:[1/1](999/2500), Actor Loss: 0.0007, Aux Loss: 0.0000, Reward: -1.7214, Avg Response Len: 239.75, Learning Rate: 0.00000006
Epoch:[1/1](1000/2500), Actor Loss: 0.0018, Aux Loss: 0.0000, Reward: -0.7761, Avg Response Len: 356.94, Learning Rate: 0.00000006
Epoch:[1/1](1001/2500), Actor Loss: 0.0005, Aux Loss: 0.0000, Reward: -0.2252, Avg Response Len: 450.38, Learning Rate: 0.00000006
Epoch:[1/1](1002/2500), Actor Loss: 0.0005, Aux Loss: 0.0000, Reward: 0.2610, Avg Response Len: 336.44, Learning Rate: 0.00000006
Epoch:[1/1](1003/2500), Actor Loss: 0.0003, Aux Loss: 0.0000, Reward: 0.3228, Avg Response Len: 327.44, Learning Rate: 0.00000006
Epoch:[1/1](1004/2500), Actor Loss: 0.0010, Aux Loss: 0.0000, Reward: -1.4475, Avg Response Len: 108.94, Learning Rate: 0.00000006
Epoch:[1/1](1005/2500), Actor Loss: 0.0009, Aux Loss: 0.0000, Reward: -0.7357, Avg Response Len: 200.38, Learning Rate: 0.00000006
Epoch:[1/1](1006/2500), Actor Loss: 0.0005, Aux Loss: 0.0000, Reward: -0.3767, Avg Response Len: 264.56, Learning Rate: 0.00000006
Epoch:[1/1](1007/2500), Actor Loss: 0.0004, Aux Loss: 0.0000, Reward: 1.0354, Avg Response Len: 406.56, Learning Rate: 0.00000006
Epoch:[1/1](1008/2500), Actor Loss: 0.0004, Aux Loss: 0.0000, Reward: -1.5300, Avg Response Len: 409.25, Learning Rate: 0.00000005
Epoch:[1/1](1009/2500), Actor Loss: 0.0004, Aux Loss: 0.0000, Reward: 0.3891, Avg Response Len: 467.69, Learning Rate: 0.00000005
Epoch:[1/1](1010/2500), Actor Loss: 0.0005, Aux Loss: 0.0000, Reward: -0.7110, Avg Response Len: 312.75, Learning Rate: 0.00000005
Epoch:[1/1](1011/2500), Actor Loss: 0.0004, Aux Loss: 0.0000, Reward: 0.5748, Avg Response Len: 458.19, Learning Rate: 0.00000005
Epoch:[1/1](1012/2500), Actor Loss: 0.0005, Aux Loss: 0.0000, Reward: 0.7365, Avg Response Len: 228.88, Learning Rate: 0.00000005
Epoch:[1/1](1013/2500), Actor Loss: 0.0011, Aux Loss: 0.0000, Reward: -0.6072, Avg Response Len: 87.62, Learning Rate: 0.00000005
Epoch:[1/1](1014/2500), Actor Loss: 0.0020, Aux Loss: 0.0000, Reward: -0.4126, Avg Response Len: 279.19, Learning Rate: 0.00000005
Epoch:[1/1](1015/2500), Actor Loss: 0.0003, Aux Loss: 0.0000, Reward: 0.0430, Avg Response Len: 378.69, Learning Rate: 0.00000005
Epoch:[1/1](1016/2500), Actor Loss: 0.0007, Aux Loss: 0.0000, Reward: -0.0322, Avg Response Len: 159.56, Learning Rate: 0.00000005
Epoch:[1/1](1017/2500), Actor Loss: 0.0004, Aux Loss: 0.0000, Reward: 0.2292, Avg Response Len: 386.75, Learning Rate: 0.00000005
Epoch:[1/1](1018/2500), Actor Loss: 0.0005, Aux Loss: 0.0000, Reward: -0.6071, Avg Response Len: 254.75, Learning Rate: 0.00000005
Epoch:[1/1](1019/2500), Actor Loss: 0.0003, Aux Loss: 0.0000, Reward: -1.7466, Avg Response Len: 485.44, Learning Rate: 0.00000005
Epoch:[1/1](1020/2500), Actor Loss: 0.0008, Aux Loss: 0.0000, Reward: -0.4971, Avg Response Len: 272.56, Learning Rate: 0.00000005
Epoch:[1/1](1021/2500), Actor Loss: 0.0005, Aux Loss: 0.0000, Reward: -0.0625, Avg Response Len: 353.56, Learning Rate: 0.00000005
Epoch:[1/1](1022/2500), Actor Loss: 0.0003, Aux Loss: 0.0000, Reward: -0.8452, Avg Response Len: 447.00, Learning Rate: 0.00000005
Epoch:[1/1](1023/2500), Actor Loss: 0.0011, Aux Loss: 0.0000, Reward: -0.8508, Avg Response Len: 328.12, Learning Rate: 0.00000005
Epoch:[1/1](1024/2500), Actor Loss: 0.0003, Aux Loss: 0.0000, Reward: -0.7095, Avg Response Len: 392.81, Learning Rate: 0.00000005
Epoch:[1/1](1025/2500), Actor Loss: 0.0004, Aux Loss: 0.0000, Reward: 0.1642, Avg Response Len: 456.88, Learning Rate: 0.00000005
Epoch:[1/1](1026/2500), Actor Loss: 0.0008, Aux Loss: 0.0000, Reward: -1.1333, Avg Response Len: 353.44, Learning Rate: 0.00000005
Epoch:[1/1](1027/2500), Actor Loss: 0.0026, Aux Loss: 0.0000, Reward: 0.6239, Avg Response Len: 289.12, Learning Rate: 0.00000005
Epoch:[1/1](1028/2500), Actor Loss: 0.0004, Aux Loss: 0.0000, Reward: 0.3600, Avg Response Len: 419.06, Learning Rate: 0.00000005
Epoch:[1/1](1029/2500), Actor Loss: 0.0010, Aux Loss: 0.0000, Reward: 0.7290, Avg Response Len: 309.19, Learning Rate: 0.00000005
Epoch:[1/1](1030/2500), Actor Loss: 0.0003, Aux Loss: 0.0000, Reward: -1.1018, Avg Response Len: 390.81, Learning Rate: 0.00000005
Epoch:[1/1](1031/2500), Actor Loss: 0.0005, Aux Loss: 0.0000, Reward: 0.7482, Avg Response Len: 395.88, Learning Rate: 0.00000005
Epoch:[1/1](1032/2500), Actor Loss: 0.0011, Aux Loss: 0.0000, Reward: 0.4426, Avg Response Len: 265.62, Learning Rate: 0.00000005
Epoch:[1/1](1033/2500), Actor Loss: 0.0011, Aux Loss: 0.0000, Reward: -1.0168, Avg Response Len: 332.81, Learning Rate: 0.00000005
Epoch:[1/1](1034/2500), Actor Loss: 0.0004, Aux Loss: 0.0000, Reward: 0.3157, Avg Response Len: 387.12, Learning Rate: 0.00000005
Epoch:[1/1](1035/2500), Actor Loss: 0.0005, Aux Loss: 0.0000, Reward: -0.7468, Avg Response Len: 281.94, Learning Rate: 0.00000005
Epoch:[1/1](1036/2500), Actor Loss: 0.0003, Aux Loss: 0.0000, Reward: -0.0008, Avg Response Len: 421.44, Learning Rate: 0.00000005
Epoch:[1/1](1037/2500), Actor Loss: 0.0004, Aux Loss: 0.0000, Reward: 0.3336, Avg Response Len: 297.38, Learning Rate: 0.00000005
Epoch:[1/1](1038/2500), Actor Loss: 0.0003, Aux Loss: 0.0000, Reward: 0.0482, Avg Response Len: 452.19, Learning Rate: 0.00000005
Epoch:[1/1](1039/2500), Actor Loss: 0.0004, Aux Loss: 0.0000, Reward: -0.8076, Avg Response Len: 291.31, Learning Rate: 0.00000005
Epoch:[1/1](1040/2500), Actor Loss: 0.0004, Aux Loss: 0.0000, Reward: 0.3705, Avg Response Len: 372.56, Learning Rate: 0.00000005
Epoch:[1/1](1041/2500), Actor Loss: 0.0004, Aux Loss: 0.0000, Reward: 0.0047, Avg Response Len: 456.56, Learning Rate: 0.00000005
Epoch:[1/1](1042/2500), Actor Loss: 0.0005, Aux Loss: 0.0000, Reward: -0.5102, Avg Response Len: 298.56, Learning Rate: 0.00000005
Epoch:[1/1](1043/2500), Actor Loss: 0.0003, Aux Loss: 0.0000, Reward: -0.4945, Avg Response Len: 440.12, Learning Rate: 0.00000005
Epoch:[1/1](1044/2500), Actor Loss: 0.0007, Aux Loss: 0.0000, Reward: 1.1257, Avg Response Len: 349.00, Learning Rate: 0.00000005
Epoch:[1/1](1045/2500), Actor Loss: 0.0003, Aux Loss: 0.0000, Reward: -1.0634, Avg Response Len: 301.69, Learning Rate: 0.00000005
Epoch:[1/1](1046/2500), Actor Loss: 0.0010, Aux Loss: 0.0000, Reward: -0.3392, Avg Response Len: 215.44, Learning Rate: 0.00000005
Epoch:[1/1](1047/2500), Actor Loss: 0.0006, Aux Loss: 0.0000, Reward: -0.3024, Avg Response Len: 280.12, Learning Rate: 0.00000005
Epoch:[1/1](1048/2500), Actor Loss: 0.0009, Aux Loss: 0.0000, Reward: 0.2628, Avg Response Len: 343.69, Learning Rate: 0.00000005
Epoch:[1/1](1049/2500), Actor Loss: 0.0007, Aux Loss: 0.0000, Reward: 0.5676, Avg Response Len: 216.25, Learning Rate: 0.00000005
Epoch:[1/1](1050/2500), Actor Loss: 0.0005, Aux Loss: 0.0000, Reward: -0.8608, Avg Response Len: 191.62, Learning Rate: 0.00000005
Epoch:[1/1](1051/2500), Actor Loss: 0.0005, Aux Loss: 0.0000, Reward: 0.2742, Avg Response Len: 390.38, Learning Rate: 0.00000005
Epoch:[1/1](1052/2500), Actor Loss: 0.0005, Aux Loss: 0.0000, Reward: -0.4811, Avg Response Len: 313.62, Learning Rate: 0.00000005
Epoch:[1/1](1053/2500), Actor Loss: 0.0004, Aux Loss: 0.0000, Reward: 0.7900, Avg Response Len: 504.00, Learning Rate: 0.00000005
Epoch:[1/1](1054/2500), Actor Loss: 0.0004, Aux Loss: 0.0000, Reward: -0.1968, Avg Response Len: 372.62, Learning Rate: 0.00000005
Epoch:[1/1](1055/2500), Actor Loss: 0.0004, Aux Loss: 0.0000, Reward: -0.4190, Avg Response Len: 378.44, Learning Rate: 0.00000005
Epoch:[1/1](1056/2500), Actor Loss: 0.0005, Aux Loss: 0.0000, Reward: -0.1586, Avg Response Len: 273.00, Learning Rate: 0.00000005
Epoch:[1/1](1057/2500), Actor Loss: 0.0008, Aux Loss: 0.0000, Reward: -0.2929, Avg Response Len: 291.19, Learning Rate: 0.00000005
Epoch:[1/1](1058/2500), Actor Loss: 0.0003, Aux Loss: 0.0000, Reward: -0.2104, Avg Response Len: 504.62, Learning Rate: 0.00000005
Epoch:[1/1](1059/2500), Actor Loss: 0.0006, Aux Loss: 0.0000, Reward: 0.6671, Avg Response Len: 441.12, Learning Rate: 0.00000005
Epoch:[1/1](1060/2500), Actor Loss: 0.0007, Aux Loss: 0.0000, Reward: -0.4206, Avg Response Len: 219.06, Learning Rate: 0.00000005
Epoch:[1/1](1061/2500), Actor Loss: 0.0005, Aux Loss: 0.0000, Reward: -1.6258, Avg Response Len: 403.88, Learning Rate: 0.00000005
Epoch:[1/1](1062/2500), Actor Loss: 0.0003, Aux Loss: 0.0000, Reward: 0.5059, Avg Response Len: 439.00, Learning Rate: 0.00000005
Epoch:[1/1](1063/2500), Actor Loss: 0.0012, Aux Loss: 0.0000, Reward: -0.2699, Avg Response Len: 270.81, Learning Rate: 0.00000005
Epoch:[1/1](1064/2500), Actor Loss: 0.0023, Aux Loss: 0.0000, Reward: 1.3050, Avg Response Len: 395.94, Learning Rate: 0.00000005
Epoch:[1/1](1065/2500), Actor Loss: 0.0003, Aux Loss: 0.0000, Reward: 0.5135, Avg Response Len: 405.81, Learning Rate: 0.00000005
Epoch:[1/1](1066/2500), Actor Loss: 0.0004, Aux Loss: 0.0000, Reward: 0.0439, Avg Response Len: 405.94, Learning Rate: 0.00000005
Epoch:[1/1](1067/2500), Actor Loss: 0.0007, Aux Loss: 0.0000, Reward: 0.2990, Avg Response Len: 349.50, Learning Rate: 0.00000005
Epoch:[1/1](1068/2500), Actor Loss: 0.0022, Aux Loss: 0.0000, Reward: 0.4983, Avg Response Len: 277.12, Learning Rate: 0.00000005
Epoch:[1/1](1069/2500), Actor Loss: 0.0005, Aux Loss: 0.0000, Reward: -1.0804, Avg Response Len: 385.44, Learning Rate: 0.00000005
Epoch:[1/1](1070/2500), Actor Loss: 0.0006, Aux Loss: 0.0000, Reward: -0.3048, Avg Response Len: 175.94, Learning Rate: 0.00000005
Epoch:[1/1](1071/2500), Actor Loss: 0.0004, Aux Loss: 0.0000, Reward: -0.8049, Avg Response Len: 323.94, Learning Rate: 0.00000005
Epoch:[1/1](1072/2500), Actor Loss: 0.0003, Aux Loss: 0.0000, Reward: 0.6074, Avg Response Len: 451.00, Learning Rate: 0.00000005
Epoch:[1/1](1073/2500), Actor Loss: 0.0008, Aux Loss: 0.0000, Reward: -0.4048, Avg Response Len: 246.00, Learning Rate: 0.00000005
Epoch:[1/1](1074/2500), Actor Loss: 0.0005, Aux Loss: 0.0000, Reward: -0.2168, Avg Response Len: 359.25, Learning Rate: 0.00000005
Epoch:[1/1](1075/2500), Actor Loss: 0.0004, Aux Loss: 0.0000, Reward: 0.3294, Avg Response Len: 331.50, Learning Rate: 0.00000005
Epoch:[1/1](1076/2500), Actor Loss: 0.0008, Aux Loss: 0.0000, Reward: -0.6243, Avg Response Len: 325.69, Learning Rate: 0.00000005
Epoch:[1/1](1077/2500), Actor Loss: 0.0004, Aux Loss: 0.0000, Reward: -0.1855, Avg Response Len: 431.94, Learning Rate: 0.00000005
Epoch:[1/1](1078/2500), Actor Loss: 0.0005, Aux Loss: 0.0000, Reward: -0.4300, Avg Response Len: 357.56, Learning Rate: 0.00000005
Epoch:[1/1](1079/2500), Actor Loss: 0.0004, Aux Loss: 0.0000, Reward: -0.2648, Avg Response Len: 373.75, Learning Rate: 0.00000005
Epoch:[1/1](1080/2500), Actor Loss: 0.0003, Aux Loss: 0.0000, Reward: -0.3913, Avg Response Len: 470.88, Learning Rate: 0.00000005
Epoch:[1/1](1081/2500), Actor Loss: 0.0003, Aux Loss: 0.0000, Reward: -0.4863, Avg Response Len: 572.06, Learning Rate: 0.00000005
Epoch:[1/1](1082/2500), Actor Loss: 0.0005, Aux Loss: 0.0000, Reward: -0.2215, Avg Response Len: 308.00, Learning Rate: 0.00000005
Epoch:[1/1](1083/2500), Actor Loss: 0.0008, Aux Loss: 0.0000, Reward: 0.4006, Avg Response Len: 342.88, Learning Rate: 0.00000005
Epoch:[1/1](1084/2500), Actor Loss: 0.0003, Aux Loss: 0.0000, Reward: -0.4015, Avg Response Len: 400.88, Learning Rate: 0.00000005
Epoch:[1/1](1085/2500), Actor Loss: 0.0007, Aux Loss: 0.0000, Reward: -0.2227, Avg Response Len: 90.12, Learning Rate: 0.00000005
Epoch:[1/1](1086/2500), Actor Loss: 0.0011, Aux Loss: 0.0000, Reward: -1.3167, Avg Response Len: 291.94, Learning Rate: 0.00000005
Epoch:[1/1](1087/2500), Actor Loss: 0.0008, Aux Loss: 0.0000, Reward: 0.9227, Avg Response Len: 214.62, Learning Rate: 0.00000005
Epoch:[1/1](1088/2500), Actor Loss: 0.0003, Aux Loss: 0.0000, Reward: 0.3292, Avg Response Len: 329.19, Learning Rate: 0.00000005
Epoch:[1/1](1089/2500), Actor Loss: 0.0008, Aux Loss: 0.0000, Reward: 0.0589, Avg Response Len: 309.19, Learning Rate: 0.00000005
Epoch:[1/1](1090/2500), Actor Loss: 0.0006, Aux Loss: 0.0000, Reward: -0.0183, Avg Response Len: 324.31, Learning Rate: 0.00000005
Epoch:[1/1](1091/2500), Actor Loss: 0.0075, Aux Loss: 0.0000, Reward: -0.2642, Avg Response Len: 253.62, Learning Rate: 0.00000005
Epoch:[1/1](1092/2500), Actor Loss: 0.0008, Aux Loss: 0.0000, Reward: 0.6197, Avg Response Len: 346.38, Learning Rate: 0.00000005
Epoch:[1/1](1093/2500), Actor Loss: 0.0009, Aux Loss: 0.0000, Reward: -0.0882, Avg Response Len: 320.56, Learning Rate: 0.00000005
Epoch:[1/1](1094/2500), Actor Loss: 0.0006, Aux Loss: 0.0000, Reward: 0.0065, Avg Response Len: 98.56, Learning Rate: 0.00000005
Epoch:[1/1](1095/2500), Actor Loss: 0.0063, Aux Loss: 0.0000, Reward: -0.4993, Avg Response Len: 234.56, Learning Rate: 0.00000005
Epoch:[1/1](1096/2500), Actor Loss: 0.0005, Aux Loss: 0.0000, Reward: -0.2811, Avg Response Len: 319.94, Learning Rate: 0.00000005
Epoch:[1/1](1097/2500), Actor Loss: 0.0003, Aux Loss: 0.0000, Reward: 0.0835, Avg Response Len: 444.31, Learning Rate: 0.00000005
Epoch:[1/1](1098/2500), Actor Loss: 0.0003, Aux Loss: 0.0000, Reward: 0.8292, Avg Response Len: 434.19, Learning Rate: 0.00000005
Epoch:[1/1](1099/2500), Actor Loss: 0.0005, Aux Loss: 0.0000, Reward: -0.4832, Avg Response Len: 136.81, Learning Rate: 0.00000005
Epoch:[1/1](1100/2500), Actor Loss: 0.0005, Aux Loss: 0.0000, Reward: -0.9197, Avg Response Len: 363.56, Learning Rate: 0.00000005
Epoch:[1/1](1101/2500), Actor Loss: 0.0005, Aux Loss: 0.0000, Reward: -0.8275, Avg Response Len: 252.12, Learning Rate: 0.00000005
Epoch:[1/1](1102/2500), Actor Loss: 0.0004, Aux Loss: 0.0000, Reward: 0.5764, Avg Response Len: 389.88, Learning Rate: 0.00000005
Epoch:[1/1](1103/2500), Actor Loss: 0.0006, Aux Loss: 0.0000, Reward: 1.4170, Avg Response Len: 209.25, Learning Rate: 0.00000005
Epoch:[1/1](1104/2500), Actor Loss: 0.0003, Aux Loss: 0.0000, Reward: 0.0072, Avg Response Len: 413.38, Learning Rate: 0.00000005
Epoch:[1/1](1105/2500), Actor Loss: 0.0007, Aux Loss: 0.0000, Reward: -1.5336, Avg Response Len: 207.12, Learning Rate: 0.00000005
Epoch:[1/1](1106/2500), Actor Loss: 0.0005, Aux Loss: 0.0000, Reward: 0.5773, Avg Response Len: 331.56, Learning Rate: 0.00000005
Epoch:[1/1](1107/2500), Actor Loss: 0.0017, Aux Loss: 0.0000, Reward: -1.2123, Avg Response Len: 208.00, Learning Rate: 0.00000005
Epoch:[1/1](1108/2500), Actor Loss: 0.0004, Aux Loss: 0.0000, Reward: -0.9245, Avg Response Len: 477.88, Learning Rate: 0.00000005
Epoch:[1/1](1109/2500), Actor Loss: 0.0019, Aux Loss: 0.0000, Reward: -1.0923, Avg Response Len: 221.44, Learning Rate: 0.00000005
Epoch:[1/1](1110/2500), Actor Loss: 0.0027, Aux Loss: 0.0000, Reward: -0.1938, Avg Response Len: 226.69, Learning Rate: 0.00000005
Epoch:[1/1](1111/2500), Actor Loss: 0.0003, Aux Loss: 0.0000, Reward: 0.6691, Avg Response Len: 393.31, Learning Rate: 0.00000005
Epoch:[1/1](1112/2500), Actor Loss: 0.0005, Aux Loss: 0.0000, Reward: -0.1213, Avg Response Len: 360.69, Learning Rate: 0.00000005
Epoch:[1/1](1113/2500), Actor Loss: 0.0009, Aux Loss: 0.0000, Reward: 0.4845, Avg Response Len: 240.31, Learning Rate: 0.00000005
Epoch:[1/1](1114/2500), Actor Loss: 0.0005, Aux Loss: 0.0000, Reward: -0.4715, Avg Response Len: 297.00, Learning Rate: 0.00000005
Epoch:[1/1](1115/2500), Actor Loss: 0.0003, Aux Loss: 0.0000, Reward: 0.0465, Avg Response Len: 485.69, Learning Rate: 0.00000005
Epoch:[1/1](1116/2500), Actor Loss: 0.0007, Aux Loss: 0.0000, Reward: -0.2489, Avg Response Len: 246.56, Learning Rate: 0.00000005
Epoch:[1/1](1117/2500), Actor Loss: 0.0003, Aux Loss: 0.0000, Reward: 0.1606, Avg Response Len: 340.50, Learning Rate: 0.00000005
Epoch:[1/1](1118/2500), Actor Loss: 0.0030, Aux Loss: 0.0000, Reward: 0.3605, Avg Response Len: 353.31, Learning Rate: 0.00000005
Epoch:[1/1](1119/2500), Actor Loss: 0.0006, Aux Loss: 0.0000, Reward: 0.0700, Avg Response Len: 245.62, Learning Rate: 0.00000005
Epoch:[1/1](1120/2500), Actor Loss: 0.0003, Aux Loss: 0.0000, Reward: -1.3629, Avg Response Len: 463.44, Learning Rate: 0.00000005
Epoch:[1/1](1121/2500), Actor Loss: 0.0004, Aux Loss: 0.0000, Reward: -0.0960, Avg Response Len: 356.44, Learning Rate: 0.00000005
Epoch:[1/1](1122/2500), Actor Loss: 0.0003, Aux Loss: 0.0000, Reward: 1.7353, Avg Response Len: 480.25, Learning Rate: 0.00000005
Epoch:[1/1](1123/2500), Actor Loss: 0.0004, Aux Loss: 0.0000, Reward: -0.0622, Avg Response Len: 453.25, Learning Rate: 0.00000005
Epoch:[1/1](1124/2500), Actor Loss: 0.0006, Aux Loss: 0.0000, Reward: -0.4123, Avg Response Len: 271.75, Learning Rate: 0.00000005
Epoch:[1/1](1125/2500), Actor Loss: 0.0004, Aux Loss: 0.0000, Reward: -0.3510, Avg Response Len: 487.50, Learning Rate: 0.00000005
Epoch:[1/1](1126/2500), Actor Loss: 0.0004, Aux Loss: 0.0000, Reward: -0.1902, Avg Response Len: 352.38, Learning Rate: 0.00000005
Epoch:[1/1](1127/2500), Actor Loss: 0.0007, Aux Loss: 0.0000, Reward: -0.2500, Avg Response Len: 181.75, Learning Rate: 0.00000005
Epoch:[1/1](1128/2500), Actor Loss: 0.0004, Aux Loss: 0.0000, Reward: -0.6855, Avg Response Len: 391.50, Learning Rate: 0.00000005
Epoch:[1/1](1129/2500), Actor Loss: 0.0003, Aux Loss: 0.0000, Reward: 0.1972, Avg Response Len: 378.50, Learning Rate: 0.00000005
Epoch:[1/1](1130/2500), Actor Loss: 0.0021, Aux Loss: 0.0000, Reward: -0.1964, Avg Response Len: 249.69, Learning Rate: 0.00000005
Epoch:[1/1](1131/2500), Actor Loss: 0.0043, Aux Loss: 0.0000, Reward: 0.8680, Avg Response Len: 198.81, Learning Rate: 0.00000005
Epoch:[1/1](1132/2500), Actor Loss: 0.0004, Aux Loss: 0.0000, Reward: -0.4359, Avg Response Len: 405.94, Learning Rate: 0.00000005
Epoch:[1/1](1133/2500), Actor Loss: 0.0005, Aux Loss: 0.0000, Reward: -0.7004, Avg Response Len: 400.56, Learning Rate: 0.00000005
Epoch:[1/1](1134/2500), Actor Loss: 0.0003, Aux Loss: 0.0000, Reward: -0.0725, Avg Response Len: 420.88, Learning Rate: 0.00000005
Epoch:[1/1](1135/2500), Actor Loss: 0.0008, Aux Loss: 0.0000, Reward: 0.0892, Avg Response Len: 284.12, Learning Rate: 0.00000005
Epoch:[1/1](1136/2500), Actor Loss: 0.0006, Aux Loss: 0.0000, Reward: -0.5426, Avg Response Len: 333.69, Learning Rate: 0.00000005
Epoch:[1/1](1137/2500), Actor Loss: 0.0010, Aux Loss: 0.0000, Reward: -0.5065, Avg Response Len: 194.06, Learning Rate: 0.00000005
Epoch:[1/1](1138/2500), Actor Loss: 0.0008, Aux Loss: 0.0000, Reward: -0.3953, Avg Response Len: 319.19, Learning Rate: 0.00000005
Epoch:[1/1](1139/2500), Actor Loss: 0.0003, Aux Loss: 0.0000, Reward: 0.3075, Avg Response Len: 443.81, Learning Rate: 0.00000005
Epoch:[1/1](1140/2500), Actor Loss: 0.0004, Aux Loss: 0.0000, Reward: -0.6637, Avg Response Len: 325.62, Learning Rate: 0.00000005
Epoch:[1/1](1141/2500), Actor Loss: 0.0008, Aux Loss: 0.0000, Reward: -0.1167, Avg Response Len: 324.06, Learning Rate: 0.00000005
Epoch:[1/1](1142/2500), Actor Loss: 0.0007, Aux Loss: 0.0000, Reward: -1.8133, Avg Response Len: 374.94, Learning Rate: 0.00000005
Epoch:[1/1](1143/2500), Actor Loss: 0.0006, Aux Loss: 0.0000, Reward: -0.0576, Avg Response Len: 283.75, Learning Rate: 0.00000005
Epoch:[1/1](1144/2500), Actor Loss: 0.0005, Aux Loss: 0.0000, Reward: 0.5907, Avg Response Len: 316.81, Learning Rate: 0.00000005
Epoch:[1/1](1145/2500), Actor Loss: 0.0004, Aux Loss: 0.0000, Reward: -0.6040, Avg Response Len: 393.81, Learning Rate: 0.00000005
Epoch:[1/1](1146/2500), Actor Loss: 0.0004, Aux Loss: 0.0000, Reward: -0.7051, Avg Response Len: 316.62, Learning Rate: 0.00000005
Epoch:[1/1](1147/2500), Actor Loss: 0.0007, Aux Loss: 0.0000, Reward: 1.0484, Avg Response Len: 304.38, Learning Rate: 0.00000005
Epoch:[1/1](1148/2500), Actor Loss: 0.0005, Aux Loss: 0.0000, Reward: -0.5831, Avg Response Len: 357.44, Learning Rate: 0.00000005
Epoch:[1/1](1149/2500), Actor Loss: 0.0014, Aux Loss: 0.0000, Reward: -0.2223, Avg Response Len: 64.12, Learning Rate: 0.00000005
Epoch:[1/1](1150/2500), Actor Loss: 0.0004, Aux Loss: 0.0000, Reward: -0.9135, Avg Response Len: 371.62, Learning Rate: 0.00000005
Epoch:[1/1](1151/2500), Actor Loss: 0.0003, Aux Loss: 0.0000, Reward: 0.1060, Avg Response Len: 357.38, Learning Rate: 0.00000005
Epoch:[1/1](1152/2500), Actor Loss: 0.0013, Aux Loss: 0.0000, Reward: -0.8395, Avg Response Len: 330.00, Learning Rate: 0.00000005
Epoch:[1/1](1153/2500), Actor Loss: 0.0007, Aux Loss: 0.0000, Reward: -0.1375, Avg Response Len: 225.50, Learning Rate: 0.00000005
Epoch:[1/1](1154/2500), Actor Loss: 0.0003, Aux Loss: 0.0000, Reward: 0.3838, Avg Response Len: 415.19, Learning Rate: 0.00000005
Epoch:[1/1](1155/2500), Actor Loss: 0.0004, Aux Loss: 0.0000, Reward: 1.3175, Avg Response Len: 467.00, Learning Rate: 0.00000005
Epoch:[1/1](1156/2500), Actor Loss: 0.0010, Aux Loss: 0.0000, Reward: -0.5746, Avg Response Len: 278.19, Learning Rate: 0.00000005
Epoch:[1/1](1157/2500), Actor Loss: 0.0017, Aux Loss: 0.0000, Reward: -0.7825, Avg Response Len: 254.81, Learning Rate: 0.00000005
Epoch:[1/1](1158/2500), Actor Loss: 0.0005, Aux Loss: 0.0000, Reward: -1.0660, Avg Response Len: 350.56, Learning Rate: 0.00000005
Epoch:[1/1](1159/2500), Actor Loss: 0.0008, Aux Loss: 0.0000, Reward: -0.2914, Avg Response Len: 314.06, Learning Rate: 0.00000005
Epoch:[1/1](1160/2500), Actor Loss: 0.0006, Aux Loss: 0.0000, Reward: 0.2907, Avg Response Len: 432.44, Learning Rate: 0.00000005
Epoch:[1/1](1161/2500), Actor Loss: 0.0007, Aux Loss: 0.0000, Reward: -0.1613, Avg Response Len: 281.56, Learning Rate: 0.00000005
Epoch:[1/1](1162/2500), Actor Loss: 0.0004, Aux Loss: 0.0000, Reward: -1.5770, Avg Response Len: 363.00, Learning Rate: 0.00000005
Epoch:[1/1](1163/2500), Actor Loss: 0.0004, Aux Loss: 0.0000, Reward: -0.4149, Avg Response Len: 458.88, Learning Rate: 0.00000005
Epoch:[1/1](1164/2500), Actor Loss: 0.0007, Aux Loss: 0.0000, Reward: -0.8536, Avg Response Len: 271.94, Learning Rate: 0.00000005
Epoch:[1/1](1165/2500), Actor Loss: 0.0005, Aux Loss: 0.0000, Reward: -0.8943, Avg Response Len: 330.44, Learning Rate: 0.00000005
Epoch:[1/1](1166/2500), Actor Loss: 0.0037, Aux Loss: 0.0000, Reward: 0.9730, Avg Response Len: 92.00, Learning Rate: 0.00000005
Epoch:[1/1](1167/2500), Actor Loss: 0.0012, Aux Loss: 0.0000, Reward: -0.3992, Avg Response Len: 186.62, Learning Rate: 0.00000005
Epoch:[1/1](1168/2500), Actor Loss: 0.0007, Aux Loss: 0.0000, Reward: 0.7913, Avg Response Len: 273.75, Learning Rate: 0.00000005
Epoch:[1/1](1169/2500), Actor Loss: 0.0004, Aux Loss: 0.0000, Reward: 0.1595, Avg Response Len: 385.75, Learning Rate: 0.00000005
Epoch:[1/1](1170/2500), Actor Loss: 0.0008, Aux Loss: 0.0000, Reward: -0.4457, Avg Response Len: 192.31, Learning Rate: 0.00000005
Epoch:[1/1](1171/2500), Actor Loss: 0.0005, Aux Loss: 0.0000, Reward: -1.6491, Avg Response Len: 251.19, Learning Rate: 0.00000005
Epoch:[1/1](1172/2500), Actor Loss: 0.0013, Aux Loss: 0.0000, Reward: -0.3184, Avg Response Len: 167.75, Learning Rate: 0.00000005
Epoch:[1/1](1173/2500), Actor Loss: 0.0008, Aux Loss: 0.0000, Reward: -0.0623, Avg Response Len: 230.44, Learning Rate: 0.00000005
Epoch:[1/1](1174/2500), Actor Loss: 0.0004, Aux Loss: 0.0000, Reward: -0.6540, Avg Response Len: 487.25, Learning Rate: 0.00000005
Epoch:[1/1](1175/2500), Actor Loss: 0.0009, Aux Loss: 0.0000, Reward: -0.8102, Avg Response Len: 168.00, Learning Rate: 0.00000005
Epoch:[1/1](1176/2500), Actor Loss: 0.0004, Aux Loss: 0.0000, Reward: 0.2226, Avg Response Len: 326.44, Learning Rate: 0.00000005
Epoch:[1/1](1177/2500), Actor Loss: 0.0027, Aux Loss: 0.0000, Reward: -0.3977, Avg Response Len: 237.75, Learning Rate: 0.00000005
Epoch:[1/1](1178/2500), Actor Loss: 0.0004, Aux Loss: 0.0000, Reward: -0.0959, Avg Response Len: 387.00, Learning Rate: 0.00000005
Epoch:[1/1](1179/2500), Actor Loss: 0.0009, Aux Loss: 0.0000, Reward: -1.2503, Avg Response Len: 191.44, Learning Rate: 0.00000005
Epoch:[1/1](1180/2500), Actor Loss: 0.0006, Aux Loss: 0.0000, Reward: 0.2288, Avg Response Len: 291.44, Learning Rate: 0.00000005
Epoch:[1/1](1181/2500), Actor Loss: 0.0003, Aux Loss: 0.0000, Reward: 1.1409, Avg Response Len: 444.69, Learning Rate: 0.00000005
Epoch:[1/1](1182/2500), Actor Loss: 0.0007, Aux Loss: 0.0000, Reward: -0.4093, Avg Response Len: 318.06, Learning Rate: 0.00000005
Epoch:[1/1](1183/2500), Actor Loss: 0.0004, Aux Loss: 0.0000, Reward: -0.1298, Avg Response Len: 314.12, Learning Rate: 0.00000005
Epoch:[1/1](1184/2500), Actor Loss: 0.0004, Aux Loss: 0.0000, Reward: -0.9598, Avg Response Len: 434.88, Learning Rate: 0.00000005
Epoch:[1/1](1185/2500), Actor Loss: 0.0004, Aux Loss: 0.0000, Reward: 0.5613, Avg Response Len: 360.12, Learning Rate: 0.00000005
Epoch:[1/1](1186/2500), Actor Loss: 0.0006, Aux Loss: 0.0000, Reward: 1.1037, Avg Response Len: 368.81, Learning Rate: 0.00000005
Epoch:[1/1](1187/2500), Actor Loss: 0.0004, Aux Loss: 0.0000, Reward: 0.2625, Avg Response Len: 338.94, Learning Rate: 0.00000005
Epoch:[1/1](1188/2500), Actor Loss: 0.0022, Aux Loss: 0.0000, Reward: -0.2896, Avg Response Len: 310.94, Learning Rate: 0.00000005
Epoch:[1/1](1189/2500), Actor Loss: 0.0004, Aux Loss: 0.0000, Reward: 0.2235, Avg Response Len: 572.25, Learning Rate: 0.00000005
Epoch:[1/1](1190/2500), Actor Loss: 0.0005, Aux Loss: 0.0000, Reward: 1.1234, Avg Response Len: 487.06, Learning Rate: 0.00000005
Epoch:[1/1](1191/2500), Actor Loss: 0.0012, Aux Loss: 0.0000, Reward: 0.0739, Avg Response Len: 346.56, Learning Rate: 0.00000005
Epoch:[1/1](1192/2500), Actor Loss: 0.0008, Aux Loss: 0.0000, Reward: -0.2245, Avg Response Len: 402.25, Learning Rate: 0.00000005
Epoch:[1/1](1193/2500), Actor Loss: 0.0006, Aux Loss: 0.0000, Reward: -0.8015, Avg Response Len: 405.88, Learning Rate: 0.00000005
Epoch:[1/1](1194/2500), Actor Loss: 0.0004, Aux Loss: 0.0000, Reward: -0.5433, Avg Response Len: 330.19, Learning Rate: 0.00000005
Epoch:[1/1](1195/2500), Actor Loss: 0.0004, Aux Loss: 0.0000, Reward: 1.9454, Avg Response Len: 468.62, Learning Rate: 0.00000005
Epoch:[1/1](1196/2500), Actor Loss: 0.0003, Aux Loss: 0.0000, Reward: -0.0730, Avg Response Len: 448.81, Learning Rate: 0.00000005
Epoch:[1/1](1197/2500), Actor Loss: 0.0009, Aux Loss: 0.0000, Reward: -0.4356, Avg Response Len: 134.12, Learning Rate: 0.00000005
Epoch:[1/1](1198/2500), Actor Loss: 0.0004, Aux Loss: 0.0000, Reward: 0.4012, Avg Response Len: 414.38, Learning Rate: 0.00000005
Epoch:[1/1](1199/2500), Actor Loss: 0.0011, Aux Loss: 0.0000, Reward: -0.1741, Avg Response Len: 175.31, Learning Rate: 0.00000005
Epoch:[1/1](1200/2500), Actor Loss: 0.0003, Aux Loss: 0.0000, Reward: -0.4146, Avg Response Len: 470.94, Learning Rate: 0.00000005
Epoch:[1/1](1201/2500), Actor Loss: 0.0006, Aux Loss: 0.0000, Reward: -0.4678, Avg Response Len: 433.06, Learning Rate: 0.00000005
Epoch:[1/1](1202/2500), Actor Loss: 0.0009, Aux Loss: 0.0000, Reward: -1.1744, Avg Response Len: 259.88, Learning Rate: 0.00000005
Epoch:[1/1](1203/2500), Actor Loss: 0.0007, Aux Loss: 0.0000, Reward: -0.4530, Avg Response Len: 261.12, Learning Rate: 0.00000005
Epoch:[1/1](1204/2500), Actor Loss: 0.0009, Aux Loss: 0.0000, Reward: 0.8287, Avg Response Len: 357.56, Learning Rate: 0.00000005
Epoch:[1/1](1205/2500), Actor Loss: 0.0007, Aux Loss: 0.0000, Reward: -0.7267, Avg Response Len: 286.06, Learning Rate: 0.00000005
Epoch:[1/1](1206/2500), Actor Loss: 0.0003, Aux Loss: 0.0000, Reward: 0.4188, Avg Response Len: 422.44, Learning Rate: 0.00000005
Epoch:[1/1](1207/2500), Actor Loss: 0.0007, Aux Loss: 0.0000, Reward: -1.1072, Avg Response Len: 397.00, Learning Rate: 0.00000005
Epoch:[1/1](1208/2500), Actor Loss: 0.0011, Aux Loss: 0.0000, Reward: -0.0422, Avg Response Len: 178.00, Learning Rate: 0.00000005
Epoch:[1/1](1209/2500), Actor Loss: 0.0003, Aux Loss: 0.0000, Reward: -0.5232, Avg Response Len: 511.69, Learning Rate: 0.00000005
Epoch:[1/1](1210/2500), Actor Loss: 0.0005, Aux Loss: 0.0000, Reward: -0.9074, Avg Response Len: 414.12, Learning Rate: 0.00000005
Epoch:[1/1](1211/2500), Actor Loss: 0.0003, Aux Loss: 0.0000, Reward: 0.7852, Avg Response Len: 450.94, Learning Rate: 0.00000005
Epoch:[1/1](1212/2500), Actor Loss: 0.0020, Aux Loss: 0.0000, Reward: 0.2696, Avg Response Len: 153.69, Learning Rate: 0.00000005
Epoch:[1/1](1213/2500), Actor Loss: 0.0004, Aux Loss: 0.0000, Reward: 0.4534, Avg Response Len: 508.25, Learning Rate: 0.00000005
Epoch:[1/1](1214/2500), Actor Loss: 0.0004, Aux Loss: 0.0000, Reward: 0.2870, Avg Response Len: 346.12, Learning Rate: 0.00000005
Epoch:[1/1](1215/2500), Actor Loss: 0.0014, Aux Loss: 0.0000, Reward: 0.1556, Avg Response Len: 235.94, Learning Rate: 0.00000005
Epoch:[1/1](1216/2500), Actor Loss: 0.0007, Aux Loss: 0.0000, Reward: 1.2441, Avg Response Len: 414.88, Learning Rate: 0.00000005
Epoch:[1/1](1217/2500), Actor Loss: 0.0010, Aux Loss: 0.0000, Reward: -0.2177, Avg Response Len: 259.81, Learning Rate: 0.00000005
Epoch:[1/1](1218/2500), Actor Loss: 0.0005, Aux Loss: 0.0000, Reward: -0.9108, Avg Response Len: 222.06, Learning Rate: 0.00000005
Epoch:[1/1](1219/2500), Actor Loss: 0.0003, Aux Loss: 0.0000, Reward: -0.6368, Avg Response Len: 449.56, Learning Rate: 0.00000005
Epoch:[1/1](1220/2500), Actor Loss: 0.0004, Aux Loss: 0.0000, Reward: -0.1900, Avg Response Len: 472.31, Learning Rate: 0.00000005
Epoch:[1/1](1221/2500), Actor Loss: 0.0005, Aux Loss: 0.0000, Reward: 0.6521, Avg Response Len: 361.81, Learning Rate: 0.00000005
Epoch:[1/1](1222/2500), Actor Loss: 0.0008, Aux Loss: 0.0000, Reward: 1.0327, Avg Response Len: 241.25, Learning Rate: 0.00000005
Epoch:[1/1](1223/2500), Actor Loss: 0.0066, Aux Loss: 0.0000, Reward: -0.6588, Avg Response Len: 197.75, Learning Rate: 0.00000005
Epoch:[1/1](1224/2500), Actor Loss: 0.0003, Aux Loss: 0.0000, Reward: -0.5213, Avg Response Len: 455.25, Learning Rate: 0.00000005
Epoch:[1/1](1225/2500), Actor Loss: 0.0006, Aux Loss: 0.0000, Reward: -0.4445, Avg Response Len: 434.94, Learning Rate: 0.00000005
Epoch:[1/1](1226/2500), Actor Loss: 0.0004, Aux Loss: 0.0000, Reward: 0.1921, Avg Response Len: 359.06, Learning Rate: 0.00000005
Epoch:[1/1](1227/2500), Actor Loss: 0.0006, Aux Loss: 0.0000, Reward: -1.0926, Avg Response Len: 326.06, Learning Rate: 0.00000005
Epoch:[1/1](1228/2500), Actor Loss: 0.0004, Aux Loss: 0.0000, Reward: -0.3355, Avg Response Len: 386.19, Learning Rate: 0.00000005
Epoch:[1/1](1229/2500), Actor Loss: 0.0004, Aux Loss: 0.0000, Reward: 0.6939, Avg Response Len: 449.38, Learning Rate: 0.00000005
Epoch:[1/1](1230/2500), Actor Loss: 0.0007, Aux Loss: 0.0000, Reward: -0.2692, Avg Response Len: 260.56, Learning Rate: 0.00000005
Epoch:[1/1](1231/2500), Actor Loss: 0.0004, Aux Loss: 0.0000, Reward: -0.3509, Avg Response Len: 384.00, Learning Rate: 0.00000005
Epoch:[1/1](1232/2500), Actor Loss: 0.0009, Aux Loss: 0.0000, Reward: -0.3446, Avg Response Len: 251.50, Learning Rate: 0.00000004
Epoch:[1/1](1233/2500), Actor Loss: 0.0007, Aux Loss: 0.0000, Reward: -0.2301, Avg Response Len: 447.38, Learning Rate: 0.00000004
Epoch:[1/1](1234/2500), Actor Loss: 0.0005, Aux Loss: 0.0000, Reward: 0.6227, Avg Response Len: 391.44, Learning Rate: 0.00000004
Epoch:[1/1](1235/2500), Actor Loss: 0.0008, Aux Loss: 0.0000, Reward: 0.7808, Avg Response Len: 199.12, Learning Rate: 0.00000004
Epoch:[1/1](1236/2500), Actor Loss: 0.0009, Aux Loss: 0.0000, Reward: -0.7235, Avg Response Len: 269.38, Learning Rate: 0.00000004
Epoch:[1/1](1237/2500), Actor Loss: 0.0033, Aux Loss: 0.0000, Reward: -0.8148, Avg Response Len: 364.25, Learning Rate: 0.00000004
Epoch:[1/1](1238/2500), Actor Loss: 0.0020, Aux Loss: 0.0000, Reward: 0.1592, Avg Response Len: 209.12, Learning Rate: 0.00000004
Epoch:[1/1](1239/2500), Actor Loss: 0.0003, Aux Loss: 0.0000, Reward: 0.7216, Avg Response Len: 454.38, Learning Rate: 0.00000004
Epoch:[1/1](1240/2500), Actor Loss: 0.0005, Aux Loss: 0.0000, Reward: 0.5799, Avg Response Len: 412.25, Learning Rate: 0.00000004
Epoch:[1/1](1241/2500), Actor Loss: 0.0005, Aux Loss: 0.0000, Reward: -0.7999, Avg Response Len: 409.56, Learning Rate: 0.00000004
Epoch:[1/1](1242/2500), Actor Loss: 0.0006, Aux Loss: 0.0000, Reward: -0.5147, Avg Response Len: 261.25, Learning Rate: 0.00000004
Epoch:[1/1](1243/2500), Actor Loss: 0.0012, Aux Loss: 0.0000, Reward: 0.2714, Avg Response Len: 276.38, Learning Rate: 0.00000004
Epoch:[1/1](1244/2500), Actor Loss: 0.0004, Aux Loss: 0.0000, Reward: 0.7254, Avg Response Len: 562.88, Learning Rate: 0.00000004
Epoch:[1/1](1245/2500), Actor Loss: 0.0014, Aux Loss: 0.0000, Reward: -0.6364, Avg Response Len: 239.81, Learning Rate: 0.00000004
Epoch:[1/1](1246/2500), Actor Loss: 0.0003, Aux Loss: 0.0000, Reward: -0.4345, Avg Response Len: 364.06, Learning Rate: 0.00000004
Epoch:[1/1](1247/2500), Actor Loss: 0.0008, Aux Loss: 0.0000, Reward: -0.6661, Avg Response Len: 139.50, Learning Rate: 0.00000004
Epoch:[1/1](1248/2500), Actor Loss: 0.0006, Aux Loss: 0.0000, Reward: -0.4007, Avg Response Len: 236.69, Learning Rate: 0.00000004
Epoch:[1/1](1249/2500), Actor Loss: 0.0077, Aux Loss: 0.0000, Reward: -0.3107, Avg Response Len: 100.75, Learning Rate: 0.00000004
Epoch:[1/1](1250/2500), Actor Loss: 0.0011, Aux Loss: 0.0000, Reward: -0.5855, Avg Response Len: 352.06, Learning Rate: 0.00000004
Epoch:[1/1](1251/2500), Actor Loss: 0.0003, Aux Loss: 0.0000, Reward: -0.5344, Avg Response Len: 417.69, Learning Rate: 0.00000004
Epoch:[1/1](1252/2500), Actor Loss: 0.0004, Aux Loss: 0.0000, Reward: -0.5868, Avg Response Len: 362.00, Learning Rate: 0.00000004
Epoch:[1/1](1253/2500), Actor Loss: 0.0007, Aux Loss: 0.0000, Reward: -0.1053, Avg Response Len: 351.81, Learning Rate: 0.00000004
Epoch:[1/1](1254/2500), Actor Loss: 0.0004, Aux Loss: 0.0000, Reward: 0.5702, Avg Response Len: 238.50, Learning Rate: 0.00000004
Epoch:[1/1](1255/2500), Actor Loss: 0.0008, Aux Loss: 0.0000, Reward: -0.7990, Avg Response Len: 294.50, Learning Rate: 0.00000004
Epoch:[1/1](1256/2500), Actor Loss: 0.0010, Aux Loss: 0.0000, Reward: -0.7548, Avg Response Len: 223.25, Learning Rate: 0.00000004
Epoch:[1/1](1257/2500), Actor Loss: 0.0006, Aux Loss: 0.0000, Reward: -0.1889, Avg Response Len: 401.62, Learning Rate: 0.00000004
Epoch:[1/1](1258/2500), Actor Loss: 0.0020, Aux Loss: 0.0000, Reward: -0.1734, Avg Response Len: 169.44, Learning Rate: 0.00000004
Epoch:[1/1](1259/2500), Actor Loss: 0.0005, Aux Loss: 0.0000, Reward: -0.3426, Avg Response Len: 444.62, Learning Rate: 0.00000004
Epoch:[1/1](1260/2500), Actor Loss: 0.0005, Aux Loss: 0.0000, Reward: 0.9097, Avg Response Len: 415.00, Learning Rate: 0.00000004
Epoch:[1/1](1261/2500), Actor Loss: 0.0004, Aux Loss: 0.0000, Reward: -0.2051, Avg Response Len: 437.31, Learning Rate: 0.00000004
Epoch:[1/1](1262/2500), Actor Loss: 0.0008, Aux Loss: 0.0000, Reward: -0.2546, Avg Response Len: 286.12, Learning Rate: 0.00000004
Epoch:[1/1](1263/2500), Actor Loss: 0.0004, Aux Loss: 0.0000, Reward: -0.2946, Avg Response Len: 454.75, Learning Rate: 0.00000004
Epoch:[1/1](1264/2500), Actor Loss: 0.0004, Aux Loss: 0.0000, Reward: 0.0620, Avg Response Len: 331.69, Learning Rate: 0.00000004
Epoch:[1/1](1265/2500), Actor Loss: 0.0005, Aux Loss: 0.0000, Reward: -0.0135, Avg Response Len: 354.81, Learning Rate: 0.00000004
Epoch:[1/1](1266/2500), Actor Loss: 0.0006, Aux Loss: 0.0000, Reward: 0.8573, Avg Response Len: 230.62, Learning Rate: 0.00000004
Epoch:[1/1](1267/2500), Actor Loss: 0.0003, Aux Loss: 0.0000, Reward: -0.9138, Avg Response Len: 356.50, Learning Rate: 0.00000004
Epoch:[1/1](1268/2500), Actor Loss: 0.0005, Aux Loss: 0.0000, Reward: -0.1265, Avg Response Len: 291.62, Learning Rate: 0.00000004
Epoch:[1/1](1269/2500), Actor Loss: 0.0005, Aux Loss: 0.0000, Reward: -0.3662, Avg Response Len: 136.00, Learning Rate: 0.00000004
Epoch:[1/1](1270/2500), Actor Loss: 0.0004, Aux Loss: 0.0000, Reward: 0.0435, Avg Response Len: 290.00, Learning Rate: 0.00000004
Epoch:[1/1](1271/2500), Actor Loss: 0.0005, Aux Loss: 0.0000, Reward: -0.5374, Avg Response Len: 214.56, Learning Rate: 0.00000004
Epoch:[1/1](1272/2500), Actor Loss: 0.0007, Aux Loss: 0.0000, Reward: 0.2387, Avg Response Len: 164.44, Learning Rate: 0.00000004
Epoch:[1/1](1273/2500), Actor Loss: 0.0007, Aux Loss: 0.0000, Reward: 0.4082, Avg Response Len: 330.94, Learning Rate: 0.00000004
Epoch:[1/1](1274/2500), Actor Loss: 0.0004, Aux Loss: 0.0000, Reward: -1.0481, Avg Response Len: 275.75, Learning Rate: 0.00000004
Epoch:[1/1](1275/2500), Actor Loss: 0.0011, Aux Loss: 0.0000, Reward: 0.1767, Avg Response Len: 388.56, Learning Rate: 0.00000004
Epoch:[1/1](1276/2500), Actor Loss: 0.0012, Aux Loss: 0.0000, Reward: -0.2377, Avg Response Len: 319.69, Learning Rate: 0.00000004
Epoch:[1/1](1277/2500), Actor Loss: 0.0003, Aux Loss: 0.0000, Reward: 0.0161, Avg Response Len: 490.56, Learning Rate: 0.00000004
Epoch:[1/1](1278/2500), Actor Loss: 0.0007, Aux Loss: 0.0000, Reward: -0.4372, Avg Response Len: 220.69, Learning Rate: 0.00000004
Epoch:[1/1](1279/2500), Actor Loss: 0.0005, Aux Loss: 0.0000, Reward: -0.1095, Avg Response Len: 418.88, Learning Rate: 0.00000004
Epoch:[1/1](1280/2500), Actor Loss: 0.0004, Aux Loss: 0.0000, Reward: -0.1344, Avg Response Len: 369.31, Learning Rate: 0.00000004
Epoch:[1/1](1281/2500), Actor Loss: 0.0007, Aux Loss: 0.0000, Reward: -0.6736, Avg Response Len: 470.50, Learning Rate: 0.00000004
Epoch:[1/1](1282/2500), Actor Loss: 0.0005, Aux Loss: 0.0000, Reward: 1.3509, Avg Response Len: 319.81, Learning Rate: 0.00000004
Epoch:[1/1](1283/2500), Actor Loss: 0.0004, Aux Loss: 0.0000, Reward: -0.0498, Avg Response Len: 376.94, Learning Rate: 0.00000004
Epoch:[1/1](1284/2500), Actor Loss: 0.0005, Aux Loss: 0.0000, Reward: -0.0272, Avg Response Len: 442.12, Learning Rate: 0.00000004
Epoch:[1/1](1285/2500), Actor Loss: 0.0011, Aux Loss: 0.0000, Reward: 0.3757, Avg Response Len: 333.44, Learning Rate: 0.00000004
Epoch:[1/1](1286/2500), Actor Loss: 0.0005, Aux Loss: 0.0000, Reward: -0.2048, Avg Response Len: 377.44, Learning Rate: 0.00000004
Epoch:[1/1](1287/2500), Actor Loss: 0.0004, Aux Loss: 0.0000, Reward: -0.2128, Avg Response Len: 382.75, Learning Rate: 0.00000004
Epoch:[1/1](1288/2500), Actor Loss: 0.0004, Aux Loss: 0.0000, Reward: 0.6121, Avg Response Len: 447.38, Learning Rate: 0.00000004
Epoch:[1/1](1289/2500), Actor Loss: 0.0004, Aux Loss: 0.0000, Reward: -0.9827, Avg Response Len: 380.56, Learning Rate: 0.00000004
Epoch:[1/1](1290/2500), Actor Loss: 0.0006, Aux Loss: 0.0000, Reward: 0.4564, Avg Response Len: 329.88, Learning Rate: 0.00000004
Epoch:[1/1](1291/2500), Actor Loss: 0.0006, Aux Loss: 0.0000, Reward: -0.7847, Avg Response Len: 247.12, Learning Rate: 0.00000004
Epoch:[1/1](1292/2500), Actor Loss: 0.0004, Aux Loss: 0.0000, Reward: 0.6476, Avg Response Len: 347.25, Learning Rate: 0.00000004
Epoch:[1/1](1293/2500), Actor Loss: 0.0005, Aux Loss: 0.0000, Reward: -0.2724, Avg Response Len: 385.25, Learning Rate: 0.00000004
Epoch:[1/1](1294/2500), Actor Loss: 0.0004, Aux Loss: 0.0000, Reward: 1.5328, Avg Response Len: 526.00, Learning Rate: 0.00000004
Epoch:[1/1](1295/2500), Actor Loss: 0.0006, Aux Loss: 0.0000, Reward: 0.9030, Avg Response Len: 304.94, Learning Rate: 0.00000004
Epoch:[1/1](1296/2500), Actor Loss: 0.0004, Aux Loss: 0.0000, Reward: -0.6544, Avg Response Len: 288.06, Learning Rate: 0.00000004
Epoch:[1/1](1297/2500), Actor Loss: 0.0005, Aux Loss: 0.0000, Reward: 0.0035, Avg Response Len: 311.31, Learning Rate: 0.00000004
Epoch:[1/1](1298/2500), Actor Loss: 0.0006, Aux Loss: 0.0000, Reward: 0.0735, Avg Response Len: 401.50, Learning Rate: 0.00000004
Epoch:[1/1](1299/2500), Actor Loss: 0.0084, Aux Loss: 0.0000, Reward: -0.1754, Avg Response Len: 350.44, Learning Rate: 0.00000004
Epoch:[1/1](1300/2500), Actor Loss: 0.0004, Aux Loss: 0.0000, Reward: -0.2017, Avg Response Len: 386.62, Learning Rate: 0.00000004
Epoch:[1/1](1301/2500), Actor Loss: 0.0004, Aux Loss: 0.0000, Reward: 0.7934, Avg Response Len: 360.88, Learning Rate: 0.00000004
Epoch:[1/1](1302/2500), Actor Loss: 0.0013, Aux Loss: 0.0000, Reward: -0.7487, Avg Response Len: 219.44, Learning Rate: 0.00000004
Epoch:[1/1](1303/2500), Actor Loss: 0.0004, Aux Loss: 0.0000, Reward: -0.2609, Avg Response Len: 419.31, Learning Rate: 0.00000004
Epoch:[1/1](1304/2500), Actor Loss: 0.0012, Aux Loss: 0.0000, Reward: 0.3892, Avg Response Len: 346.38, Learning Rate: 0.00000004
Epoch:[1/1](1305/2500), Actor Loss: 0.0225, Aux Loss: 0.0000, Reward: -0.0684, Avg Response Len: 292.12, Learning Rate: 0.00000004
Epoch:[1/1](1306/2500), Actor Loss: 0.0005, Aux Loss: 0.0000, Reward: -0.4920, Avg Response Len: 404.31, Learning Rate: 0.00000004
Epoch:[1/1](1307/2500), Actor Loss: 0.0003, Aux Loss: 0.0000, Reward: 0.7997, Avg Response Len: 343.94, Learning Rate: 0.00000004
Epoch:[1/1](1308/2500), Actor Loss: 0.0005, Aux Loss: 0.0000, Reward: 0.4455, Avg Response Len: 350.12, Learning Rate: 0.00000004
Epoch:[1/1](1309/2500), Actor Loss: 0.0007, Aux Loss: 0.0000, Reward: -0.8090, Avg Response Len: 372.25, Learning Rate: 0.00000004
Epoch:[1/1](1310/2500), Actor Loss: 0.0004, Aux Loss: 0.0000, Reward: -1.2548, Avg Response Len: 535.12, Learning Rate: 0.00000004
Epoch:[1/1](1311/2500), Actor Loss: 0.0026, Aux Loss: 0.0000, Reward: 0.1448, Avg Response Len: 378.25, Learning Rate: 0.00000004
Epoch:[1/1](1312/2500), Actor Loss: 0.0004, Aux Loss: 0.0000, Reward: -0.1997, Avg Response Len: 315.38, Learning Rate: 0.00000004
Epoch:[1/1](1313/2500), Actor Loss: 0.0004, Aux Loss: 0.0000, Reward: -0.1668, Avg Response Len: 493.31, Learning Rate: 0.00000004
Epoch:[1/1](1314/2500), Actor Loss: 0.0006, Aux Loss: 0.0000, Reward: -0.3377, Avg Response Len: 324.69, Learning Rate: 0.00000004
Epoch:[1/1](1315/2500), Actor Loss: 0.0007, Aux Loss: 0.0000, Reward: -0.0130, Avg Response Len: 220.38, Learning Rate: 0.00000004
Epoch:[1/1](1316/2500), Actor Loss: 0.0003, Aux Loss: 0.0000, Reward: 0.4527, Avg Response Len: 307.56, Learning Rate: 0.00000004
Epoch:[1/1](1317/2500), Actor Loss: 0.0007, Aux Loss: 0.0000, Reward: -1.2655, Avg Response Len: 254.69, Learning Rate: 0.00000004
Epoch:[1/1](1318/2500), Actor Loss: 0.0004, Aux Loss: 0.0000, Reward: 0.1644, Avg Response Len: 333.81, Learning Rate: 0.00000004
Epoch:[1/1](1319/2500), Actor Loss: 0.0005, Aux Loss: 0.0000, Reward: -0.5323, Avg Response Len: 244.12, Learning Rate: 0.00000004
Epoch:[1/1](1320/2500), Actor Loss: 0.0005, Aux Loss: 0.0000, Reward: -0.4365, Avg Response Len: 260.88, Learning Rate: 0.00000004
Epoch:[1/1](1321/2500), Actor Loss: 0.0005, Aux Loss: 0.0000, Reward: -0.1555, Avg Response Len: 466.56, Learning Rate: 0.00000004
Epoch:[1/1](1322/2500), Actor Loss: 0.0004, Aux Loss: 0.0000, Reward: -0.0840, Avg Response Len: 428.00, Learning Rate: 0.00000004
Epoch:[1/1](1323/2500), Actor Loss: 0.0004, Aux Loss: 0.0000, Reward: -0.0031, Avg Response Len: 381.44, Learning Rate: 0.00000004
Epoch:[1/1](1324/2500), Actor Loss: 0.0007, Aux Loss: 0.0000, Reward: -1.3316, Avg Response Len: 446.50, Learning Rate: 0.00000004
Epoch:[1/1](1325/2500), Actor Loss: 0.0005, Aux Loss: 0.0000, Reward: -1.1177, Avg Response Len: 353.25, Learning Rate: 0.00000004
Epoch:[1/1](1326/2500), Actor Loss: 0.0007, Aux Loss: 0.0000, Reward: 0.8186, Avg Response Len: 230.00, Learning Rate: 0.00000004
Epoch:[1/1](1327/2500), Actor Loss: 0.0004, Aux Loss: 0.0000, Reward: 0.1250, Avg Response Len: 254.12, Learning Rate: 0.00000004
Epoch:[1/1](1328/2500), Actor Loss: 0.0003, Aux Loss: 0.0000, Reward: 0.6559, Avg Response Len: 483.75, Learning Rate: 0.00000004
Epoch:[1/1](1329/2500), Actor Loss: 0.0006, Aux Loss: 0.0000, Reward: 0.5156, Avg Response Len: 408.19, Learning Rate: 0.00000004
Epoch:[1/1](1330/2500), Actor Loss: 0.0018, Aux Loss: 0.0000, Reward: 0.4784, Avg Response Len: 234.19, Learning Rate: 0.00000004
Epoch:[1/1](1331/2500), Actor Loss: 0.0011, Aux Loss: 0.0000, Reward: -0.5288, Avg Response Len: 321.06, Learning Rate: 0.00000004
Epoch:[1/1](1332/2500), Actor Loss: 0.0006, Aux Loss: 0.0000, Reward: 0.2642, Avg Response Len: 213.50, Learning Rate: 0.00000004
Epoch:[1/1](1333/2500), Actor Loss: 0.0005, Aux Loss: 0.0000, Reward: 0.6633, Avg Response Len: 303.00, Learning Rate: 0.00000004
Epoch:[1/1](1334/2500), Actor Loss: 0.0004, Aux Loss: 0.0000, Reward: -0.5256, Avg Response Len: 442.31, Learning Rate: 0.00000004
Epoch:[1/1](1335/2500), Actor Loss: 0.0003, Aux Loss: 0.0000, Reward: -1.1403, Avg Response Len: 504.62, Learning Rate: 0.00000004
Epoch:[1/1](1336/2500), Actor Loss: 0.0003, Aux Loss: 0.0000, Reward: -0.2817, Avg Response Len: 387.62, Learning Rate: 0.00000004
Epoch:[1/1](1337/2500), Actor Loss: 0.0012, Aux Loss: 0.0000, Reward: -1.2588, Avg Response Len: 192.44, Learning Rate: 0.00000004
Epoch:[1/1](1338/2500), Actor Loss: 0.0005, Aux Loss: 0.0000, Reward: -0.0578, Avg Response Len: 576.56, Learning Rate: 0.00000004
Epoch:[1/1](1339/2500), Actor Loss: 0.0014, Aux Loss: 0.0000, Reward: -0.2200, Avg Response Len: 133.81, Learning Rate: 0.00000004
Epoch:[1/1](1340/2500), Actor Loss: 0.0004, Aux Loss: 0.0000, Reward: 0.4681, Avg Response Len: 335.50, Learning Rate: 0.00000004
Epoch:[1/1](1341/2500), Actor Loss: 0.0015, Aux Loss: 0.0000, Reward: -0.3357, Avg Response Len: 132.31, Learning Rate: 0.00000004
Epoch:[1/1](1342/2500), Actor Loss: 0.0035, Aux Loss: 0.0000, Reward: -0.2530, Avg Response Len: 227.12, Learning Rate: 0.00000004
Epoch:[1/1](1343/2500), Actor Loss: 0.0003, Aux Loss: 0.0000, Reward: -0.1467, Avg Response Len: 366.81, Learning Rate: 0.00000004
Epoch:[1/1](1344/2500), Actor Loss: 0.0009, Aux Loss: 0.0000, Reward: -0.3348, Avg Response Len: 337.44, Learning Rate: 0.00000004
Epoch:[1/1](1345/2500), Actor Loss: 0.0011, Aux Loss: 0.0000, Reward: 0.0732, Avg Response Len: 339.75, Learning Rate: 0.00000004
Epoch:[1/1](1346/2500), Actor Loss: 0.0006, Aux Loss: 0.0000, Reward: 0.3464, Avg Response Len: 385.31, Learning Rate: 0.00000004
Epoch:[1/1](1347/2500), Actor Loss: 0.0004, Aux Loss: 0.0000, Reward: -0.6019, Avg Response Len: 417.12, Learning Rate: 0.00000004
Epoch:[1/1](1348/2500), Actor Loss: 0.0004, Aux Loss: 0.0000, Reward: -1.0171, Avg Response Len: 334.44, Learning Rate: 0.00000004
Epoch:[1/1](1349/2500), Actor Loss: 0.0004, Aux Loss: 0.0000, Reward: -0.0171, Avg Response Len: 378.19, Learning Rate: 0.00000004
Epoch:[1/1](1350/2500), Actor Loss: 0.0004, Aux Loss: 0.0000, Reward: -0.0782, Avg Response Len: 355.31, Learning Rate: 0.00000004
Epoch:[1/1](1351/2500), Actor Loss: 0.0009, Aux Loss: 0.0000, Reward: 0.2650, Avg Response Len: 170.06, Learning Rate: 0.00000004
Epoch:[1/1](1352/2500), Actor Loss: 0.0014, Aux Loss: 0.0000, Reward: 0.2232, Avg Response Len: 184.81, Learning Rate: 0.00000004
Epoch:[1/1](1353/2500), Actor Loss: 0.0010, Aux Loss: 0.0000, Reward: -1.3270, Avg Response Len: 201.62, Learning Rate: 0.00000004
Epoch:[1/1](1354/2500), Actor Loss: 0.1376, Aux Loss: 0.0000, Reward: 0.2323, Avg Response Len: 409.25, Learning Rate: 0.00000004
Epoch:[1/1](1355/2500), Actor Loss: 0.0007, Aux Loss: 0.0000, Reward: -1.1903, Avg Response Len: 413.81, Learning Rate: 0.00000004
Epoch:[1/1](1356/2500), Actor Loss: 0.0004, Aux Loss: 0.0000, Reward: 0.8769, Avg Response Len: 390.81, Learning Rate: 0.00000004
Epoch:[1/1](1357/2500), Actor Loss: 0.0008, Aux Loss: 0.0000, Reward: 0.0972, Avg Response Len: 193.50, Learning Rate: 0.00000004
Epoch:[1/1](1358/2500), Actor Loss: 0.0006, Aux Loss: 0.0000, Reward: -0.4520, Avg Response Len: 289.38, Learning Rate: 0.00000004
Epoch:[1/1](1359/2500), Actor Loss: 0.0003, Aux Loss: 0.0000, Reward: 0.0742, Avg Response Len: 348.44, Learning Rate: 0.00000004
Epoch:[1/1](1360/2500), Actor Loss: 0.0005, Aux Loss: 0.0000, Reward: -0.6964, Avg Response Len: 392.88, Learning Rate: 0.00000004
Epoch:[1/1](1361/2500), Actor Loss: 0.0005, Aux Loss: 0.0000, Reward: 0.5597, Avg Response Len: 373.38, Learning Rate: 0.00000004
Epoch:[1/1](1362/2500), Actor Loss: 0.0008, Aux Loss: 0.0000, Reward: -0.0842, Avg Response Len: 213.25, Learning Rate: 0.00000004
Epoch:[1/1](1363/2500), Actor Loss: 0.0014, Aux Loss: 0.0000, Reward: -0.7289, Avg Response Len: 257.31, Learning Rate: 0.00000004
Epoch:[1/1](1364/2500), Actor Loss: 0.0007, Aux Loss: 0.0000, Reward: 0.4883, Avg Response Len: 290.44, Learning Rate: 0.00000004
Epoch:[1/1](1365/2500), Actor Loss: 0.0022, Aux Loss: 0.0000, Reward: 0.1371, Avg Response Len: 266.62, Learning Rate: 0.00000004
Epoch:[1/1](1366/2500), Actor Loss: 0.0003, Aux Loss: 0.0000, Reward: -0.2828, Avg Response Len: 422.62, Learning Rate: 0.00000004
Epoch:[1/1](1367/2500), Actor Loss: 0.0005, Aux Loss: 0.0000, Reward: -0.1063, Avg Response Len: 377.12, Learning Rate: 0.00000004
Epoch:[1/1](1368/2500), Actor Loss: 0.0003, Aux Loss: 0.0000, Reward: 0.1159, Avg Response Len: 378.12, Learning Rate: 0.00000004
Epoch:[1/1](1369/2500), Actor Loss: 0.0007, Aux Loss: 0.0000, Reward: 0.5681, Avg Response Len: 318.12, Learning Rate: 0.00000004
Epoch:[1/1](1370/2500), Actor Loss: 0.0005, Aux Loss: 0.0000, Reward: -0.2243, Avg Response Len: 373.94, Learning Rate: 0.00000004
Epoch:[1/1](1371/2500), Actor Loss: 0.0003, Aux Loss: 0.0000, Reward: 1.1986, Avg Response Len: 435.38, Learning Rate: 0.00000004
Epoch:[1/1](1372/2500), Actor Loss: 0.0016, Aux Loss: 0.0000, Reward: -0.3385, Avg Response Len: 358.69, Learning Rate: 0.00000004
Epoch:[1/1](1373/2500), Actor Loss: 0.0026, Aux Loss: 0.0000, Reward: 0.4064, Avg Response Len: 382.88, Learning Rate: 0.00000004
Epoch:[1/1](1374/2500), Actor Loss: 0.0016, Aux Loss: 0.0000, Reward: 0.8463, Avg Response Len: 434.06, Learning Rate: 0.00000004
Epoch:[1/1](1375/2500), Actor Loss: 0.0012, Aux Loss: 0.0000, Reward: -0.3093, Avg Response Len: 211.38, Learning Rate: 0.00000004
Epoch:[1/1](1376/2500), Actor Loss: 0.0007, Aux Loss: 0.0000, Reward: -1.1144, Avg Response Len: 359.62, Learning Rate: 0.00000004
Epoch:[1/1](1377/2500), Actor Loss: 0.0007, Aux Loss: 0.0000, Reward: 0.5792, Avg Response Len: 193.44, Learning Rate: 0.00000004
Epoch:[1/1](1378/2500), Actor Loss: 0.0008, Aux Loss: 0.0000, Reward: -0.1124, Avg Response Len: 337.00, Learning Rate: 0.00000004
Epoch:[1/1](1379/2500), Actor Loss: 0.0006, Aux Loss: 0.0000, Reward: -1.2011, Avg Response Len: 300.56, Learning Rate: 0.00000004
Epoch:[1/1](1380/2500), Actor Loss: 0.0019, Aux Loss: 0.0000, Reward: 0.5995, Avg Response Len: 450.50, Learning Rate: 0.00000004
Epoch:[1/1](1381/2500), Actor Loss: 0.0004, Aux Loss: 0.0000, Reward: 0.0818, Avg Response Len: 395.12, Learning Rate: 0.00000004
Epoch:[1/1](1382/2500), Actor Loss: 0.0010, Aux Loss: 0.0000, Reward: -0.3438, Avg Response Len: 352.12, Learning Rate: 0.00000004
Epoch:[1/1](1383/2500), Actor Loss: 0.0011, Aux Loss: 0.0000, Reward: -0.6553, Avg Response Len: 340.38, Learning Rate: 0.00000004
Epoch:[1/1](1384/2500), Actor Loss: 0.0008, Aux Loss: 0.0000, Reward: -0.7646, Avg Response Len: 205.75, Learning Rate: 0.00000004
Epoch:[1/1](1385/2500), Actor Loss: 0.0005, Aux Loss: 0.0000, Reward: 0.8130, Avg Response Len: 379.69, Learning Rate: 0.00000004
Epoch:[1/1](1386/2500), Actor Loss: 0.0006, Aux Loss: 0.0000, Reward: -0.3317, Avg Response Len: 218.88, Learning Rate: 0.00000004
Epoch:[1/1](1387/2500), Actor Loss: 0.0004, Aux Loss: 0.0000, Reward: -0.4208, Avg Response Len: 438.38, Learning Rate: 0.00000004
Epoch:[1/1](1388/2500), Actor Loss: 0.0033, Aux Loss: 0.0000, Reward: -0.2605, Avg Response Len: 188.94, Learning Rate: 0.00000004
Epoch:[1/1](1389/2500), Actor Loss: 0.0006, Aux Loss: 0.0000, Reward: -0.1589, Avg Response Len: 348.25, Learning Rate: 0.00000004
Epoch:[1/1](1390/2500), Actor Loss: 0.0011, Aux Loss: 0.0000, Reward: 0.2333, Avg Response Len: 146.00, Learning Rate: 0.00000004
Epoch:[1/1](1391/2500), Actor Loss: 0.0012, Aux Loss: 0.0000, Reward: 0.1644, Avg Response Len: 223.19, Learning Rate: 0.00000004
Epoch:[1/1](1392/2500), Actor Loss: 0.0004, Aux Loss: 0.0000, Reward: 0.6400, Avg Response Len: 431.62, Learning Rate: 0.00000004
Epoch:[1/1](1393/2500), Actor Loss: 0.0005, Aux Loss: 0.0000, Reward: 1.0625, Avg Response Len: 176.88, Learning Rate: 0.00000004
Epoch:[1/1](1394/2500), Actor Loss: 0.0017, Aux Loss: 0.0000, Reward: -0.0807, Avg Response Len: 211.19, Learning Rate: 0.00000004
Epoch:[1/1](1395/2500), Actor Loss: 0.0006, Aux Loss: 0.0000, Reward: 0.7724, Avg Response Len: 370.62, Learning Rate: 0.00000004
Epoch:[1/1](1396/2500), Actor Loss: 0.0005, Aux Loss: 0.0000, Reward: -0.1026, Avg Response Len: 476.44, Learning Rate: 0.00000004
Epoch:[1/1](1397/2500), Actor Loss: 0.0005, Aux Loss: 0.0000, Reward: -0.0886, Avg Response Len: 350.56, Learning Rate: 0.00000004
Epoch:[1/1](1398/2500), Actor Loss: 0.0015, Aux Loss: 0.0000, Reward: -0.2087, Avg Response Len: 38.50, Learning Rate: 0.00000004
Epoch:[1/1](1399/2500), Actor Loss: 0.0009, Aux Loss: 0.0000, Reward: -0.2582, Avg Response Len: 344.75, Learning Rate: 0.00000004
Epoch:[1/1](1400/2500), Actor Loss: 0.0006, Aux Loss: 0.0000, Reward: -0.7473, Avg Response Len: 325.31, Learning Rate: 0.00000004
Epoch:[1/1](1401/2500), Actor Loss: 0.0004, Aux Loss: 0.0000, Reward: 0.4995, Avg Response Len: 482.31, Learning Rate: 0.00000004
Epoch:[1/1](1402/2500), Actor Loss: 0.0005, Aux Loss: 0.0000, Reward: -0.1339, Avg Response Len: 366.56, Learning Rate: 0.00000004
Epoch:[1/1](1403/2500), Actor Loss: 0.0005, Aux Loss: 0.0000, Reward: -0.3639, Avg Response Len: 271.00, Learning Rate: 0.00000004
Epoch:[1/1](1404/2500), Actor Loss: 0.0004, Aux Loss: 0.0000, Reward: 0.8391, Avg Response Len: 418.88, Learning Rate: 0.00000004
Epoch:[1/1](1405/2500), Actor Loss: 0.0004, Aux Loss: 0.0000, Reward: 0.5713, Avg Response Len: 462.31, Learning Rate: 0.00000004
Epoch:[1/1](1406/2500), Actor Loss: 0.0007, Aux Loss: 0.0000, Reward: -0.7077, Avg Response Len: 254.12, Learning Rate: 0.00000004
Epoch:[1/1](1407/2500), Actor Loss: 0.0005, Aux Loss: 0.0000, Reward: 0.1304, Avg Response Len: 377.00, Learning Rate: 0.00000004
Epoch:[1/1](1408/2500), Actor Loss: 0.0004, Aux Loss: 0.0000, Reward: 1.4343, Avg Response Len: 401.25, Learning Rate: 0.00000004
Epoch:[1/1](1409/2500), Actor Loss: 0.0004, Aux Loss: 0.0000, Reward: 0.1023, Avg Response Len: 411.56, Learning Rate: 0.00000004
Epoch:[1/1](1410/2500), Actor Loss: 0.0026, Aux Loss: 0.0000, Reward: -0.1881, Avg Response Len: 98.25, Learning Rate: 0.00000004
Epoch:[1/1](1411/2500), Actor Loss: 0.0005, Aux Loss: 0.0000, Reward: 0.5018, Avg Response Len: 368.31, Learning Rate: 0.00000004
Epoch:[1/1](1412/2500), Actor Loss: 0.0012, Aux Loss: 0.0000, Reward: -0.9037, Avg Response Len: 338.06, Learning Rate: 0.00000004
Epoch:[1/1](1413/2500), Actor Loss: 0.0003, Aux Loss: 0.0000, Reward: -0.4011, Avg Response Len: 434.38, Learning Rate: 0.00000004
Epoch:[1/1](1414/2500), Actor Loss: 0.0006, Aux Loss: 0.0000, Reward: 0.8469, Avg Response Len: 356.69, Learning Rate: 0.00000004
Epoch:[1/1](1415/2500), Actor Loss: 0.0004, Aux Loss: 0.0000, Reward: -0.5360, Avg Response Len: 299.81, Learning Rate: 0.00000004
Epoch:[1/1](1416/2500), Actor Loss: 0.0005, Aux Loss: 0.0000, Reward: -0.0561, Avg Response Len: 342.31, Learning Rate: 0.00000004
Epoch:[1/1](1417/2500), Actor Loss: 0.0003, Aux Loss: 0.0000, Reward: 1.3591, Avg Response Len: 494.31, Learning Rate: 0.00000004
Epoch:[1/1](1418/2500), Actor Loss: 0.0004, Aux Loss: 0.0000, Reward: 0.0749, Avg Response Len: 536.12, Learning Rate: 0.00000004
Epoch:[1/1](1419/2500), Actor Loss: 0.0008, Aux Loss: 0.0000, Reward: -0.9518, Avg Response Len: 257.25, Learning Rate: 0.00000004
Epoch:[1/1](1420/2500), Actor Loss: 0.0005, Aux Loss: 0.0000, Reward: 0.2266, Avg Response Len: 300.50, Learning Rate: 0.00000004
Epoch:[1/1](1421/2500), Actor Loss: 0.0004, Aux Loss: 0.0000, Reward: -1.0942, Avg Response Len: 518.88, Learning Rate: 0.00000004
Epoch:[1/1](1422/2500), Actor Loss: 0.0005, Aux Loss: 0.0000, Reward: -0.1011, Avg Response Len: 337.00, Learning Rate: 0.00000004
Epoch:[1/1](1423/2500), Actor Loss: 0.0003, Aux Loss: 0.0000, Reward: 0.4375, Avg Response Len: 489.81, Learning Rate: 0.00000004
Epoch:[1/1](1424/2500), Actor Loss: 0.0003, Aux Loss: 0.0000, Reward: -0.5293, Avg Response Len: 384.31, Learning Rate: 0.00000004
Epoch:[1/1](1425/2500), Actor Loss: 0.0005, Aux Loss: 0.0000, Reward: -0.5826, Avg Response Len: 336.31, Learning Rate: 0.00000004
Epoch:[1/1](1426/2500), Actor Loss: 0.0003, Aux Loss: 0.0000, Reward: -0.1806, Avg Response Len: 552.56, Learning Rate: 0.00000004
Epoch:[1/1](1427/2500), Actor Loss: 0.0018, Aux Loss: 0.0000, Reward: 0.9523, Avg Response Len: 283.06, Learning Rate: 0.00000004
Epoch:[1/1](1428/2500), Actor Loss: 0.0008, Aux Loss: 0.0000, Reward: 0.0461, Avg Response Len: 338.31, Learning Rate: 0.00000004
Epoch:[1/1](1429/2500), Actor Loss: 0.0004, Aux Loss: 0.0000, Reward: -1.6562, Avg Response Len: 364.19, Learning Rate: 0.00000004
Epoch:[1/1](1430/2500), Actor Loss: 0.0005, Aux Loss: 0.0000, Reward: -0.5408, Avg Response Len: 250.50, Learning Rate: 0.00000004
Epoch:[1/1](1431/2500), Actor Loss: 0.0016, Aux Loss: 0.0000, Reward: -0.7183, Avg Response Len: 234.25, Learning Rate: 0.00000004
Epoch:[1/1](1432/2500), Actor Loss: 0.0006, Aux Loss: 0.0000, Reward: -0.5105, Avg Response Len: 240.81, Learning Rate: 0.00000004
Epoch:[1/1](1433/2500), Actor Loss: 0.0005, Aux Loss: 0.0000, Reward: -1.1372, Avg Response Len: 403.38, Learning Rate: 0.00000004
Epoch:[1/1](1434/2500), Actor Loss: 0.0005, Aux Loss: 0.0000, Reward: 0.0536, Avg Response Len: 379.94, Learning Rate: 0.00000004
Epoch:[1/1](1435/2500), Actor Loss: 0.0010, Aux Loss: 0.0000, Reward: -0.0718, Avg Response Len: 106.19, Learning Rate: 0.00000004
Epoch:[1/1](1436/2500), Actor Loss: 0.0002, Aux Loss: 0.0000, Reward: 0.1116, Avg Response Len: 435.62, Learning Rate: 0.00000004
Epoch:[1/1](1437/2500), Actor Loss: 0.0005, Aux Loss: 0.0000, Reward: -0.5034, Avg Response Len: 326.88, Learning Rate: 0.00000004
Epoch:[1/1](1438/2500), Actor Loss: 0.0006, Aux Loss: 0.0000, Reward: 0.2817, Avg Response Len: 518.69, Learning Rate: 0.00000004
Epoch:[1/1](1439/2500), Actor Loss: 0.0003, Aux Loss: 0.0000, Reward: -0.2013, Avg Response Len: 345.75, Learning Rate: 0.00000004
Epoch:[1/1](1440/2500), Actor Loss: 0.0017, Aux Loss: 0.0000, Reward: -0.4958, Avg Response Len: 239.12, Learning Rate: 0.00000004
Epoch:[1/1](1441/2500), Actor Loss: 0.0012, Aux Loss: 0.0000, Reward: -0.4008, Avg Response Len: 253.94, Learning Rate: 0.00000004
Epoch:[1/1](1442/2500), Actor Loss: 0.0016, Aux Loss: 0.0000, Reward: -0.2305, Avg Response Len: 289.75, Learning Rate: 0.00000004
Epoch:[1/1](1443/2500), Actor Loss: 0.0003, Aux Loss: 0.0000, Reward: 0.5893, Avg Response Len: 402.88, Learning Rate: 0.00000004
Epoch:[1/1](1444/2500), Actor Loss: 0.0010, Aux Loss: 0.0000, Reward: -0.4724, Avg Response Len: 44.44, Learning Rate: 0.00000004
Epoch:[1/1](1445/2500), Actor Loss: 0.0020, Aux Loss: 0.0000, Reward: -0.7985, Avg Response Len: 294.19, Learning Rate: 0.00000004
Epoch:[1/1](1446/2500), Actor Loss: 0.0008, Aux Loss: 0.0000, Reward: 0.5029, Avg Response Len: 175.56, Learning Rate: 0.00000004
Epoch:[1/1](1447/2500), Actor Loss: 0.0005, Aux Loss: 0.0000, Reward: -0.9409, Avg Response Len: 329.31, Learning Rate: 0.00000004
Epoch:[1/1](1448/2500), Actor Loss: 0.0025, Aux Loss: 0.0000, Reward: 0.2007, Avg Response Len: 183.44, Learning Rate: 0.00000004
Epoch:[1/1](1449/2500), Actor Loss: 0.0038, Aux Loss: 0.0000, Reward: -0.6024, Avg Response Len: 271.00, Learning Rate: 0.00000004
Epoch:[1/1](1450/2500), Actor Loss: 0.0007, Aux Loss: 0.0000, Reward: -0.5350, Avg Response Len: 319.94, Learning Rate: 0.00000004
Epoch:[1/1](1451/2500), Actor Loss: 0.0005, Aux Loss: 0.0000, Reward: -0.5260, Avg Response Len: 272.25, Learning Rate: 0.00000004
Epoch:[1/1](1452/2500), Actor Loss: 0.0005, Aux Loss: 0.0000, Reward: -0.6305, Avg Response Len: 423.00, Learning Rate: 0.00000004
Epoch:[1/1](1453/2500), Actor Loss: 0.0005, Aux Loss: 0.0000, Reward: -0.3357, Avg Response Len: 335.19, Learning Rate: 0.00000004
Epoch:[1/1](1454/2500), Actor Loss: 0.0055, Aux Loss: 0.0000, Reward: -0.4992, Avg Response Len: 111.50, Learning Rate: 0.00000004
Epoch:[1/1](1455/2500), Actor Loss: 0.0013, Aux Loss: 0.0000, Reward: -0.0459, Avg Response Len: 301.31, Learning Rate: 0.00000004
Epoch:[1/1](1456/2500), Actor Loss: 0.0011, Aux Loss: 0.0000, Reward: -0.4564, Avg Response Len: 365.12, Learning Rate: 0.00000003
Epoch:[1/1](1457/2500), Actor Loss: 0.0004, Aux Loss: 0.0000, Reward: -0.4806, Avg Response Len: 373.88, Learning Rate: 0.00000003
Epoch:[1/1](1458/2500), Actor Loss: 0.0006, Aux Loss: 0.0000, Reward: -0.7594, Avg Response Len: 346.31, Learning Rate: 0.00000003
Epoch:[1/1](1459/2500), Actor Loss: 0.0009, Aux Loss: 0.0000, Reward: -0.2492, Avg Response Len: 356.62, Learning Rate: 0.00000003
Epoch:[1/1](1460/2500), Actor Loss: 0.0011, Aux Loss: 0.0000, Reward: -0.1821, Avg Response Len: 215.88, Learning Rate: 0.00000003
Epoch:[1/1](1461/2500), Actor Loss: 0.0003, Aux Loss: 0.0000, Reward: -0.5057, Avg Response Len: 456.69, Learning Rate: 0.00000003
Epoch:[1/1](1462/2500), Actor Loss: 0.0012, Aux Loss: 0.0000, Reward: -0.1936, Avg Response Len: 319.12, Learning Rate: 0.00000003
Epoch:[1/1](1463/2500), Actor Loss: 0.0007, Aux Loss: 0.0000, Reward: -0.3068, Avg Response Len: 257.81, Learning Rate: 0.00000003
Epoch:[1/1](1464/2500), Actor Loss: 0.0009, Aux Loss: 0.0000, Reward: 0.3171, Avg Response Len: 232.56, Learning Rate: 0.00000003
Epoch:[1/1](1465/2500), Actor Loss: 0.0005, Aux Loss: 0.0000, Reward: -0.4913, Avg Response Len: 176.31, Learning Rate: 0.00000003
Epoch:[1/1](1466/2500), Actor Loss: 0.0005, Aux Loss: 0.0000, Reward: -0.0109, Avg Response Len: 398.25, Learning Rate: 0.00000003
Epoch:[1/1](1467/2500), Actor Loss: 0.0021, Aux Loss: 0.0000, Reward: -1.0431, Avg Response Len: 326.31, Learning Rate: 0.00000003
Epoch:[1/1](1468/2500), Actor Loss: 0.0002, Aux Loss: 0.0000, Reward: -0.8206, Avg Response Len: 510.00, Learning Rate: 0.00000003
Epoch:[1/1](1469/2500), Actor Loss: 0.0013, Aux Loss: 0.0000, Reward: 0.0053, Avg Response Len: 242.50, Learning Rate: 0.00000003
Epoch:[1/1](1470/2500), Actor Loss: 0.0177, Aux Loss: 0.0000, Reward: 1.1786, Avg Response Len: 293.69, Learning Rate: 0.00000003
Epoch:[1/1](1471/2500), Actor Loss: 0.0004, Aux Loss: 0.0000, Reward: 0.0199, Avg Response Len: 472.56, Learning Rate: 0.00000003
Epoch:[1/1](1472/2500), Actor Loss: 0.0005, Aux Loss: 0.0000, Reward: -0.3183, Avg Response Len: 341.88, Learning Rate: 0.00000003
Epoch:[1/1](1473/2500), Actor Loss: 0.0007, Aux Loss: 0.0000, Reward: -0.0818, Avg Response Len: 312.94, Learning Rate: 0.00000003
Epoch:[1/1](1474/2500), Actor Loss: 0.0008, Aux Loss: 0.0000, Reward: 0.2998, Avg Response Len: 354.88, Learning Rate: 0.00000003
Epoch:[1/1](1475/2500), Actor Loss: 0.0005, Aux Loss: 0.0000, Reward: -0.2064, Avg Response Len: 339.94, Learning Rate: 0.00000003
Epoch:[1/1](1476/2500), Actor Loss: 0.0006, Aux Loss: 0.0000, Reward: -0.5935, Avg Response Len: 261.56, Learning Rate: 0.00000003
Epoch:[1/1](1477/2500), Actor Loss: 0.0004, Aux Loss: 0.0000, Reward: 0.3525, Avg Response Len: 214.38, Learning Rate: 0.00000003
Epoch:[1/1](1478/2500), Actor Loss: 0.0020, Aux Loss: 0.0000, Reward: -1.0188, Avg Response Len: 314.31, Learning Rate: 0.00000003
Epoch:[1/1](1479/2500), Actor Loss: 0.0004, Aux Loss: 0.0000, Reward: 0.4492, Avg Response Len: 297.69, Learning Rate: 0.00000003
Epoch:[1/1](1480/2500), Actor Loss: 0.0024, Aux Loss: 0.0000, Reward: -0.4776, Avg Response Len: 260.94, Learning Rate: 0.00000003
Epoch:[1/1](1481/2500), Actor Loss: 0.0006, Aux Loss: 0.0000, Reward: -0.8612, Avg Response Len: 160.69, Learning Rate: 0.00000003
Epoch:[1/1](1482/2500), Actor Loss: 0.0006, Aux Loss: 0.0000, Reward: -0.1677, Avg Response Len: 288.88, Learning Rate: 0.00000003
Epoch:[1/1](1483/2500), Actor Loss: 0.0004, Aux Loss: 0.0000, Reward: 0.7513, Avg Response Len: 347.81, Learning Rate: 0.00000003
Epoch:[1/1](1484/2500), Actor Loss: 0.0003, Aux Loss: 0.0000, Reward: 0.0685, Avg Response Len: 208.62, Learning Rate: 0.00000003
Epoch:[1/1](1485/2500), Actor Loss: 0.0004, Aux Loss: 0.0000, Reward: 0.1988, Avg Response Len: 239.50, Learning Rate: 0.00000003
Epoch:[1/1](1486/2500), Actor Loss: 0.0020, Aux Loss: 0.0000, Reward: 0.5746, Avg Response Len: 148.25, Learning Rate: 0.00000003
Epoch:[1/1](1487/2500), Actor Loss: 0.0003, Aux Loss: 0.0000, Reward: 0.2734, Avg Response Len: 435.62, Learning Rate: 0.00000003
Epoch:[1/1](1488/2500), Actor Loss: 0.0004, Aux Loss: 0.0000, Reward: 0.4478, Avg Response Len: 373.38, Learning Rate: 0.00000003
Epoch:[1/1](1489/2500), Actor Loss: 0.0008, Aux Loss: 0.0000, Reward: -0.2505, Avg Response Len: 308.25, Learning Rate: 0.00000003
Epoch:[1/1](1490/2500), Actor Loss: 0.0006, Aux Loss: 0.0000, Reward: -0.2808, Avg Response Len: 268.00, Learning Rate: 0.00000003
Epoch:[1/1](1491/2500), Actor Loss: 0.0007, Aux Loss: 0.0000, Reward: -0.7581, Avg Response Len: 271.94, Learning Rate: 0.00000003
Epoch:[1/1](1492/2500), Actor Loss: 0.0004, Aux Loss: 0.0000, Reward: -0.9452, Avg Response Len: 436.69, Learning Rate: 0.00000003
Epoch:[1/1](1493/2500), Actor Loss: 0.0005, Aux Loss: 0.0000, Reward: -0.5803, Avg Response Len: 337.38, Learning Rate: 0.00000003
Epoch:[1/1](1494/2500), Actor Loss: 0.0006, Aux Loss: 0.0000, Reward: -0.4169, Avg Response Len: 235.19, Learning Rate: 0.00000003
Epoch:[1/1](1495/2500), Actor Loss: 0.0032, Aux Loss: 0.0000, Reward: 0.7160, Avg Response Len: 312.31, Learning Rate: 0.00000003
Epoch:[1/1](1496/2500), Actor Loss: 0.0005, Aux Loss: 0.0000, Reward: -0.6727, Avg Response Len: 316.62, Learning Rate: 0.00000003
Epoch:[1/1](1497/2500), Actor Loss: 0.0005, Aux Loss: 0.0000, Reward: -0.3439, Avg Response Len: 443.25, Learning Rate: 0.00000003
Epoch:[1/1](1498/2500), Actor Loss: 0.0004, Aux Loss: 0.0000, Reward: -0.5462, Avg Response Len: 397.38, Learning Rate: 0.00000003
Epoch:[1/1](1499/2500), Actor Loss: 0.0006, Aux Loss: 0.0000, Reward: 0.8761, Avg Response Len: 265.12, Learning Rate: 0.00000003
Epoch:[1/1](1500/2500), Actor Loss: 0.0008, Aux Loss: 0.0000, Reward: -0.2472, Avg Response Len: 353.69, Learning Rate: 0.00000003
Epoch:[1/1](1501/2500), Actor Loss: 0.0004, Aux Loss: 0.0000, Reward: 0.1390, Avg Response Len: 358.81, Learning Rate: 0.00000003
Epoch:[1/1](1502/2500), Actor Loss: 0.0012, Aux Loss: 0.0000, Reward: -0.0547, Avg Response Len: 284.88, Learning Rate: 0.00000003
Epoch:[1/1](1503/2500), Actor Loss: 0.0008, Aux Loss: 0.0000, Reward: -0.9990, Avg Response Len: 299.00, Learning Rate: 0.00000003
Epoch:[1/1](1504/2500), Actor Loss: 0.0016, Aux Loss: 0.0000, Reward: -0.7892, Avg Response Len: 226.19, Learning Rate: 0.00000003
Epoch:[1/1](1505/2500), Actor Loss: 0.0004, Aux Loss: 0.0000, Reward: 0.0352, Avg Response Len: 323.69, Learning Rate: 0.00000003
Epoch:[1/1](1506/2500), Actor Loss: 0.0006, Aux Loss: 0.0000, Reward: -0.1638, Avg Response Len: 316.81, Learning Rate: 0.00000003
Epoch:[1/1](1507/2500), Actor Loss: 0.0003, Aux Loss: 0.0000, Reward: -1.2773, Avg Response Len: 470.75, Learning Rate: 0.00000003
Epoch:[1/1](1508/2500), Actor Loss: 0.0004, Aux Loss: 0.0000, Reward: -0.0519, Avg Response Len: 269.88, Learning Rate: 0.00000003
Epoch:[1/1](1509/2500), Actor Loss: 0.0006, Aux Loss: 0.0000, Reward: 0.3657, Avg Response Len: 344.94, Learning Rate: 0.00000003
Epoch:[1/1](1510/2500), Actor Loss: 0.0017, Aux Loss: 0.0000, Reward: -0.1933, Avg Response Len: 207.44, Learning Rate: 0.00000003
Epoch:[1/1](1511/2500), Actor Loss: 0.0007, Aux Loss: 0.0000, Reward: -0.0177, Avg Response Len: 204.25, Learning Rate: 0.00000003
Epoch:[1/1](1512/2500), Actor Loss: 0.0024, Aux Loss: 0.0000, Reward: 0.1693, Avg Response Len: 375.38, Learning Rate: 0.00000003
Epoch:[1/1](1513/2500), Actor Loss: 0.0005, Aux Loss: 0.0000, Reward: 0.3611, Avg Response Len: 379.31, Learning Rate: 0.00000003
Epoch:[1/1](1514/2500), Actor Loss: 0.0004, Aux Loss: 0.0000, Reward: -0.1636, Avg Response Len: 402.12, Learning Rate: 0.00000003
Epoch:[1/1](1515/2500), Actor Loss: 0.0003, Aux Loss: 0.0000, Reward: 0.2530, Avg Response Len: 330.19, Learning Rate: 0.00000003
Epoch:[1/1](1516/2500), Actor Loss: 0.0019, Aux Loss: 0.0000, Reward: -0.0651, Avg Response Len: 294.94, Learning Rate: 0.00000003
Epoch:[1/1](1517/2500), Actor Loss: 0.0004, Aux Loss: 0.0000, Reward: 0.0561, Avg Response Len: 462.69, Learning Rate: 0.00000003
Epoch:[1/1](1518/2500), Actor Loss: 0.0013, Aux Loss: 0.0000, Reward: 0.4987, Avg Response Len: 242.19, Learning Rate: 0.00000003
Epoch:[1/1](1519/2500), Actor Loss: 0.0014, Aux Loss: 0.0000, Reward: -0.1346, Avg Response Len: 446.25, Learning Rate: 0.00000003
Epoch:[1/1](1520/2500), Actor Loss: 0.0005, Aux Loss: 0.0000, Reward: -0.0598, Avg Response Len: 380.69, Learning Rate: 0.00000003
Epoch:[1/1](1521/2500), Actor Loss: 0.0007, Aux Loss: 0.0000, Reward: -0.4802, Avg Response Len: 260.81, Learning Rate: 0.00000003
Epoch:[1/1](1522/2500), Actor Loss: 0.0005, Aux Loss: 0.0000, Reward: -0.6418, Avg Response Len: 420.75, Learning Rate: 0.00000003
Epoch:[1/1](1523/2500), Actor Loss: 0.0004, Aux Loss: 0.0000, Reward: -0.1238, Avg Response Len: 459.00, Learning Rate: 0.00000003
Epoch:[1/1](1524/2500), Actor Loss: 0.0017, Aux Loss: 0.0000, Reward: 0.0003, Avg Response Len: 223.25, Learning Rate: 0.00000003
Epoch:[1/1](1525/2500), Actor Loss: 0.0005, Aux Loss: 0.0000, Reward: -0.1720, Avg Response Len: 222.69, Learning Rate: 0.00000003
Epoch:[1/1](1526/2500), Actor Loss: 0.0003, Aux Loss: 0.0000, Reward: 0.8402, Avg Response Len: 515.31, Learning Rate: 0.00000003
Epoch:[1/1](1527/2500), Actor Loss: 0.0005, Aux Loss: 0.0000, Reward: -0.7528, Avg Response Len: 296.19, Learning Rate: 0.00000003
Epoch:[1/1](1528/2500), Actor Loss: 0.0004, Aux Loss: 0.0000, Reward: -0.5911, Avg Response Len: 389.88, Learning Rate: 0.00000003
Epoch:[1/1](1529/2500), Actor Loss: 0.0004, Aux Loss: 0.0000, Reward: 0.0188, Avg Response Len: 307.31, Learning Rate: 0.00000003
Epoch:[1/1](1530/2500), Actor Loss: 0.0007, Aux Loss: 0.0000, Reward: -1.0461, Avg Response Len: 296.69, Learning Rate: 0.00000003
Epoch:[1/1](1531/2500), Actor Loss: 0.0004, Aux Loss: 0.0000, Reward: -0.4347, Avg Response Len: 376.12, Learning Rate: 0.00000003
Epoch:[1/1](1532/2500), Actor Loss: 0.0018, Aux Loss: 0.0000, Reward: 0.3124, Avg Response Len: 406.06, Learning Rate: 0.00000003
Epoch:[1/1](1533/2500), Actor Loss: 0.0020, Aux Loss: 0.0000, Reward: 0.0676, Avg Response Len: 280.31, Learning Rate: 0.00000003
Epoch:[1/1](1534/2500), Actor Loss: 0.0005, Aux Loss: 0.0000, Reward: -0.1957, Avg Response Len: 229.81, Learning Rate: 0.00000003
Epoch:[1/1](1535/2500), Actor Loss: 0.0015, Aux Loss: 0.0000, Reward: 1.0076, Avg Response Len: 284.56, Learning Rate: 0.00000003
Epoch:[1/1](1536/2500), Actor Loss: 0.0024, Aux Loss: 0.0000, Reward: -0.7228, Avg Response Len: 281.31, Learning Rate: 0.00000003
Epoch:[1/1](1537/2500), Actor Loss: 0.0008, Aux Loss: 0.0000, Reward: -0.4292, Avg Response Len: 271.38, Learning Rate: 0.00000003
Epoch:[1/1](1538/2500), Actor Loss: 0.0008, Aux Loss: 0.0000, Reward: 0.2052, Avg Response Len: 290.75, Learning Rate: 0.00000003
Epoch:[1/1](1539/2500), Actor Loss: 0.0006, Aux Loss: 0.0000, Reward: -0.6425, Avg Response Len: 206.31, Learning Rate: 0.00000003
Epoch:[1/1](1540/2500), Actor Loss: 0.0015, Aux Loss: 0.0000, Reward: -1.1293, Avg Response Len: 350.69, Learning Rate: 0.00000003
Epoch:[1/1](1541/2500), Actor Loss: 0.0007, Aux Loss: 0.0000, Reward: -0.2004, Avg Response Len: 349.31, Learning Rate: 0.00000003
Epoch:[1/1](1542/2500), Actor Loss: 0.0014, Aux Loss: 0.0000, Reward: -0.6455, Avg Response Len: 393.00, Learning Rate: 0.00000003
Epoch:[1/1](1543/2500), Actor Loss: 0.0004, Aux Loss: 0.0000, Reward: -1.2163, Avg Response Len: 361.56, Learning Rate: 0.00000003
Epoch:[1/1](1544/2500), Actor Loss: 0.0004, Aux Loss: 0.0000, Reward: -0.8865, Avg Response Len: 362.56, Learning Rate: 0.00000003
Epoch:[1/1](1545/2500), Actor Loss: 0.0004, Aux Loss: 0.0000, Reward: -1.1011, Avg Response Len: 396.69, Learning Rate: 0.00000003
Epoch:[1/1](1546/2500), Actor Loss: 0.0005, Aux Loss: 0.0000, Reward: 0.5839, Avg Response Len: 352.62, Learning Rate: 0.00000003
Epoch:[1/1](1547/2500), Actor Loss: 0.0004, Aux Loss: 0.0000, Reward: 0.2741, Avg Response Len: 289.12, Learning Rate: 0.00000003
Epoch:[1/1](1548/2500), Actor Loss: 0.0015, Aux Loss: 0.0000, Reward: -0.7195, Avg Response Len: 227.25, Learning Rate: 0.00000003
Epoch:[1/1](1549/2500), Actor Loss: 0.0024, Aux Loss: 0.0000, Reward: 0.6212, Avg Response Len: 160.94, Learning Rate: 0.00000003
Epoch:[1/1](1550/2500), Actor Loss: 0.0006, Aux Loss: 0.0000, Reward: -0.8272, Avg Response Len: 261.88, Learning Rate: 0.00000003
Epoch:[1/1](1551/2500), Actor Loss: 0.0006, Aux Loss: 0.0000, Reward: -0.4911, Avg Response Len: 363.56, Learning Rate: 0.00000003
Epoch:[1/1](1552/2500), Actor Loss: 0.0007, Aux Loss: 0.0000, Reward: -0.4959, Avg Response Len: 271.75, Learning Rate: 0.00000003
Epoch:[1/1](1553/2500), Actor Loss: 0.0039, Aux Loss: 0.0000, Reward: 0.4317, Avg Response Len: 411.12, Learning Rate: 0.00000003
Epoch:[1/1](1554/2500), Actor Loss: 0.0004, Aux Loss: 0.0000, Reward: -0.4227, Avg Response Len: 430.81, Learning Rate: 0.00000003
Epoch:[1/1](1555/2500), Actor Loss: 0.0007, Aux Loss: 0.0000, Reward: -0.4418, Avg Response Len: 273.12, Learning Rate: 0.00000003
Epoch:[1/1](1556/2500), Actor Loss: 0.0006, Aux Loss: 0.0000, Reward: -0.8451, Avg Response Len: 334.00, Learning Rate: 0.00000003
Epoch:[1/1](1557/2500), Actor Loss: 0.0006, Aux Loss: 0.0000, Reward: -0.5921, Avg Response Len: 258.81, Learning Rate: 0.00000003
Epoch:[1/1](1558/2500), Actor Loss: 0.0005, Aux Loss: 0.0000, Reward: 0.0579, Avg Response Len: 337.19, Learning Rate: 0.00000003
Epoch:[1/1](1559/2500), Actor Loss: 0.0031, Aux Loss: 0.0000, Reward: -0.5412, Avg Response Len: 297.50, Learning Rate: 0.00000003
Epoch:[1/1](1560/2500), Actor Loss: 0.0006, Aux Loss: 0.0000, Reward: -0.2464, Avg Response Len: 202.50, Learning Rate: 0.00000003
Epoch:[1/1](1561/2500), Actor Loss: 0.0029, Aux Loss: 0.0000, Reward: 0.6309, Avg Response Len: 210.00, Learning Rate: 0.00000003
Epoch:[1/1](1562/2500), Actor Loss: 0.0007, Aux Loss: 0.0000, Reward: 0.0351, Avg Response Len: 371.06, Learning Rate: 0.00000003
Epoch:[1/1](1563/2500), Actor Loss: 0.0003, Aux Loss: 0.0000, Reward: -0.5001, Avg Response Len: 443.38, Learning Rate: 0.00000003
Epoch:[1/1](1564/2500), Actor Loss: 0.0013, Aux Loss: 0.0000, Reward: -0.6839, Avg Response Len: 261.56, Learning Rate: 0.00000003
Epoch:[1/1](1565/2500), Actor Loss: 0.0004, Aux Loss: 0.0000, Reward: -0.7309, Avg Response Len: 339.38, Learning Rate: 0.00000003
Epoch:[1/1](1566/2500), Actor Loss: 0.0010, Aux Loss: 0.0000, Reward: 0.1548, Avg Response Len: 407.38, Learning Rate: 0.00000003
Epoch:[1/1](1567/2500), Actor Loss: 0.0007, Aux Loss: 0.0000, Reward: -0.2578, Avg Response Len: 205.25, Learning Rate: 0.00000003
Epoch:[1/1](1568/2500), Actor Loss: 0.0014, Aux Loss: 0.0000, Reward: -0.9269, Avg Response Len: 212.81, Learning Rate: 0.00000003
Epoch:[1/1](1569/2500), Actor Loss: 0.0023, Aux Loss: 0.0000, Reward: -0.7638, Avg Response Len: 217.12, Learning Rate: 0.00000003
Epoch:[1/1](1570/2500), Actor Loss: 0.0003, Aux Loss: 0.0000, Reward: 0.4855, Avg Response Len: 404.00, Learning Rate: 0.00000003
Epoch:[1/1](1571/2500), Actor Loss: 0.0005, Aux Loss: 0.0000, Reward: -0.7130, Avg Response Len: 436.69, Learning Rate: 0.00000003
Epoch:[1/1](1572/2500), Actor Loss: 0.0004, Aux Loss: 0.0000, Reward: -0.2465, Avg Response Len: 386.00, Learning Rate: 0.00000003
Epoch:[1/1](1573/2500), Actor Loss: 0.0006, Aux Loss: 0.0000, Reward: -0.6110, Avg Response Len: 235.38, Learning Rate: 0.00000003
Epoch:[1/1](1574/2500), Actor Loss: 0.0004, Aux Loss: 0.0000, Reward: -0.2135, Avg Response Len: 344.81, Learning Rate: 0.00000003
Epoch:[1/1](1575/2500), Actor Loss: 0.0004, Aux Loss: 0.0000, Reward: -1.4012, Avg Response Len: 356.19, Learning Rate: 0.00000003
Epoch:[1/1](1576/2500), Actor Loss: 0.0007, Aux Loss: 0.0000, Reward: -0.0043, Avg Response Len: 233.44, Learning Rate: 0.00000003
Epoch:[1/1](1577/2500), Actor Loss: 0.0004, Aux Loss: 0.0000, Reward: 1.0161, Avg Response Len: 373.62, Learning Rate: 0.00000003
Epoch:[1/1](1578/2500), Actor Loss: 0.0005, Aux Loss: 0.0000, Reward: -0.3777, Avg Response Len: 337.38, Learning Rate: 0.00000003
Epoch:[1/1](1579/2500), Actor Loss: 0.0004, Aux Loss: 0.0000, Reward: -0.7433, Avg Response Len: 492.31, Learning Rate: 0.00000003
Epoch:[1/1](1580/2500), Actor Loss: 0.0004, Aux Loss: 0.0000, Reward: -1.3398, Avg Response Len: 330.62, Learning Rate: 0.00000003
Epoch:[1/1](1581/2500), Actor Loss: 0.0007, Aux Loss: 0.0000, Reward: -0.5682, Avg Response Len: 144.06, Learning Rate: 0.00000003
Epoch:[1/1](1582/2500), Actor Loss: 0.0007, Aux Loss: 0.0000, Reward: -0.1130, Avg Response Len: 266.62, Learning Rate: 0.00000003
Epoch:[1/1](1583/2500), Actor Loss: 0.0006, Aux Loss: 0.0000, Reward: -0.2126, Avg Response Len: 381.88, Learning Rate: 0.00000003
Epoch:[1/1](1584/2500), Actor Loss: 0.0005, Aux Loss: 0.0000, Reward: 0.7307, Avg Response Len: 295.00, Learning Rate: 0.00000003
Epoch:[1/1](1585/2500), Actor Loss: 0.0003, Aux Loss: 0.0000, Reward: -0.4042, Avg Response Len: 602.62, Learning Rate: 0.00000003
Epoch:[1/1](1586/2500), Actor Loss: 0.0008, Aux Loss: 0.0000, Reward: 0.3615, Avg Response Len: 212.69, Learning Rate: 0.00000003
Epoch:[1/1](1587/2500), Actor Loss: 0.0008, Aux Loss: 0.0000, Reward: -0.3925, Avg Response Len: 370.31, Learning Rate: 0.00000003
Epoch:[1/1](1588/2500), Actor Loss: 0.0007, Aux Loss: 0.0000, Reward: 0.9348, Avg Response Len: 242.88, Learning Rate: 0.00000003
Epoch:[1/1](1589/2500), Actor Loss: 0.0018, Aux Loss: 0.0000, Reward: -0.2624, Avg Response Len: 273.88, Learning Rate: 0.00000003
Epoch:[1/1](1590/2500), Actor Loss: 0.0059, Aux Loss: 0.0000, Reward: -0.5318, Avg Response Len: 294.94, Learning Rate: 0.00000003
Epoch:[1/1](1591/2500), Actor Loss: 0.0013, Aux Loss: 0.0000, Reward: -0.2655, Avg Response Len: 68.62, Learning Rate: 0.00000003
Epoch:[1/1](1592/2500), Actor Loss: 0.0004, Aux Loss: 0.0000, Reward: -0.2041, Avg Response Len: 363.81, Learning Rate: 0.00000003
Epoch:[1/1](1593/2500), Actor Loss: 0.0005, Aux Loss: 0.0000, Reward: -0.0808, Avg Response Len: 324.94, Learning Rate: 0.00000003
Epoch:[1/1](1594/2500), Actor Loss: 0.0003, Aux Loss: 0.0000, Reward: -1.2975, Avg Response Len: 461.69, Learning Rate: 0.00000003
Epoch:[1/1](1595/2500), Actor Loss: 0.0005, Aux Loss: 0.0000, Reward: -0.9103, Avg Response Len: 415.44, Learning Rate: 0.00000003
Epoch:[1/1](1596/2500), Actor Loss: 0.0003, Aux Loss: 0.0000, Reward: 0.1176, Avg Response Len: 453.25, Learning Rate: 0.00000003
Epoch:[1/1](1597/2500), Actor Loss: 0.0004, Aux Loss: 0.0000, Reward: 0.1833, Avg Response Len: 295.25, Learning Rate: 0.00000003
Epoch:[1/1](1598/2500), Actor Loss: 0.0017, Aux Loss: 0.0000, Reward: -1.1032, Avg Response Len: 428.00, Learning Rate: 0.00000003
Epoch:[1/1](1599/2500), Actor Loss: 0.0003, Aux Loss: 0.0000, Reward: 0.7725, Avg Response Len: 501.94, Learning Rate: 0.00000003
Epoch:[1/1](1600/2500), Actor Loss: 0.0007, Aux Loss: 0.0000, Reward: 0.0341, Avg Response Len: 248.06, Learning Rate: 0.00000003
Epoch:[1/1](1601/2500), Actor Loss: 0.0007, Aux Loss: 0.0000, Reward: -0.2545, Avg Response Len: 199.69, Learning Rate: 0.00000003
Epoch:[1/1](1602/2500), Actor Loss: 0.0043, Aux Loss: 0.0000, Reward: -0.9108, Avg Response Len: 140.00, Learning Rate: 0.00000003
Epoch:[1/1](1603/2500), Actor Loss: 0.0010, Aux Loss: 0.0000, Reward: -0.3102, Avg Response Len: 210.50, Learning Rate: 0.00000003
Epoch:[1/1](1604/2500), Actor Loss: 0.0026, Aux Loss: 0.0000, Reward: 0.0528, Avg Response Len: 266.00, Learning Rate: 0.00000003
Epoch:[1/1](1605/2500), Actor Loss: 0.0011, Aux Loss: 0.0000, Reward: 0.7072, Avg Response Len: 37.94, Learning Rate: 0.00000003
Epoch:[1/1](1606/2500), Actor Loss: 0.0005, Aux Loss: 0.0000, Reward: 0.0221, Avg Response Len: 308.00, Learning Rate: 0.00000003
Epoch:[1/1](1607/2500), Actor Loss: 0.0056, Aux Loss: 0.0000, Reward: -0.2400, Avg Response Len: 84.62, Learning Rate: 0.00000003
Epoch:[1/1](1608/2500), Actor Loss: 0.0004, Aux Loss: 0.0000, Reward: 0.5374, Avg Response Len: 351.81, Learning Rate: 0.00000003
Epoch:[1/1](1609/2500), Actor Loss: 0.0036, Aux Loss: 0.0000, Reward: 0.8250, Avg Response Len: 136.69, Learning Rate: 0.00000003
Epoch:[1/1](1610/2500), Actor Loss: 0.0004, Aux Loss: 0.0000, Reward: 0.1231, Avg Response Len: 397.19, Learning Rate: 0.00000003
Epoch:[1/1](1611/2500), Actor Loss: 0.0025, Aux Loss: 0.0000, Reward: 0.4766, Avg Response Len: 212.31, Learning Rate: 0.00000003
Epoch:[1/1](1612/2500), Actor Loss: 0.0071, Aux Loss: 0.0000, Reward: 0.1690, Avg Response Len: 272.00, Learning Rate: 0.00000003
Epoch:[1/1](1613/2500), Actor Loss: 0.0012, Aux Loss: 0.0000, Reward: -1.1346, Avg Response Len: 148.62, Learning Rate: 0.00000003
Epoch:[1/1](1614/2500), Actor Loss: 0.0005, Aux Loss: 0.0000, Reward: -0.8281, Avg Response Len: 454.00, Learning Rate: 0.00000003
Epoch:[1/1](1615/2500), Actor Loss: 0.0007, Aux Loss: 0.0000, Reward: 0.3080, Avg Response Len: 350.75, Learning Rate: 0.00000003
Epoch:[1/1](1616/2500), Actor Loss: 0.0004, Aux Loss: 0.0000, Reward: -0.3646, Avg Response Len: 403.88, Learning Rate: 0.00000003
Epoch:[1/1](1617/2500), Actor Loss: 0.0004, Aux Loss: 0.0000, Reward: 0.4444, Avg Response Len: 392.50, Learning Rate: 0.00000003
Epoch:[1/1](1618/2500), Actor Loss: 0.0003, Aux Loss: 0.0000, Reward: 0.3368, Avg Response Len: 474.12, Learning Rate: 0.00000003
Epoch:[1/1](1619/2500), Actor Loss: 0.0004, Aux Loss: 0.0000, Reward: -0.0828, Avg Response Len: 460.31, Learning Rate: 0.00000003
Epoch:[1/1](1620/2500), Actor Loss: 0.0005, Aux Loss: 0.0000, Reward: 0.5582, Avg Response Len: 367.38, Learning Rate: 0.00000003
Epoch:[1/1](1621/2500), Actor Loss: 0.0004, Aux Loss: 0.0000, Reward: 0.2002, Avg Response Len: 425.69, Learning Rate: 0.00000003
Epoch:[1/1](1622/2500), Actor Loss: 0.0004, Aux Loss: 0.0000, Reward: -0.0814, Avg Response Len: 368.44, Learning Rate: 0.00000003
Epoch:[1/1](1623/2500), Actor Loss: 0.0005, Aux Loss: 0.0000, Reward: 0.3156, Avg Response Len: 339.56, Learning Rate: 0.00000003
Epoch:[1/1](1624/2500), Actor Loss: 0.0013, Aux Loss: 0.0000, Reward: -1.3172, Avg Response Len: 286.81, Learning Rate: 0.00000003
Epoch:[1/1](1625/2500), Actor Loss: 0.0006, Aux Loss: 0.0000, Reward: -0.2889, Avg Response Len: 230.62, Learning Rate: 0.00000003
Epoch:[1/1](1626/2500), Actor Loss: 0.0006, Aux Loss: 0.0000, Reward: 0.3421, Avg Response Len: 340.25, Learning Rate: 0.00000003
Epoch:[1/1](1627/2500), Actor Loss: 0.0004, Aux Loss: 0.0000, Reward: 0.8409, Avg Response Len: 337.75, Learning Rate: 0.00000003
Epoch:[1/1](1628/2500), Actor Loss: 0.0003, Aux Loss: 0.0000, Reward: 0.2541, Avg Response Len: 437.44, Learning Rate: 0.00000003
Epoch:[1/1](1629/2500), Actor Loss: 0.0005, Aux Loss: 0.0000, Reward: 0.6666, Avg Response Len: 348.81, Learning Rate: 0.00000003
Epoch:[1/1](1630/2500), Actor Loss: 0.0005, Aux Loss: 0.0000, Reward: 0.6097, Avg Response Len: 334.88, Learning Rate: 0.00000003
Epoch:[1/1](1631/2500), Actor Loss: 0.0003, Aux Loss: 0.0000, Reward: -0.1773, Avg Response Len: 468.75, Learning Rate: 0.00000003
Epoch:[1/1](1632/2500), Actor Loss: 0.0005, Aux Loss: 0.0000, Reward: -0.4954, Avg Response Len: 416.62, Learning Rate: 0.00000003
Epoch:[1/1](1633/2500), Actor Loss: 0.0009, Aux Loss: 0.0000, Reward: 0.2919, Avg Response Len: 262.31, Learning Rate: 0.00000003
Epoch:[1/1](1634/2500), Actor Loss: 0.0003, Aux Loss: 0.0000, Reward: -0.7267, Avg Response Len: 502.25, Learning Rate: 0.00000003
Epoch:[1/1](1635/2500), Actor Loss: 0.0015, Aux Loss: 0.0000, Reward: -0.1791, Avg Response Len: 329.31, Learning Rate: 0.00000003
Epoch:[1/1](1636/2500), Actor Loss: 0.0022, Aux Loss: 0.0000, Reward: -0.1379, Avg Response Len: 346.75, Learning Rate: 0.00000003
Epoch:[1/1](1637/2500), Actor Loss: 0.0020, Aux Loss: 0.0000, Reward: 0.4628, Avg Response Len: 299.38, Learning Rate: 0.00000003
Epoch:[1/1](1638/2500), Actor Loss: 0.0004, Aux Loss: 0.0000, Reward: 0.2508, Avg Response Len: 391.94, Learning Rate: 0.00000003
Epoch:[1/1](1639/2500), Actor Loss: 0.0007, Aux Loss: 0.0000, Reward: 0.3314, Avg Response Len: 358.00, Learning Rate: 0.00000003
Epoch:[1/1](1640/2500), Actor Loss: 0.0005, Aux Loss: 0.0000, Reward: -0.3352, Avg Response Len: 388.12, Learning Rate: 0.00000003
Epoch:[1/1](1641/2500), Actor Loss: 0.0007, Aux Loss: 0.0000, Reward: -0.2829, Avg Response Len: 313.56, Learning Rate: 0.00000003
Epoch:[1/1](1642/2500), Actor Loss: 0.0047, Aux Loss: 0.0000, Reward: -0.3931, Avg Response Len: 50.12, Learning Rate: 0.00000003
Epoch:[1/1](1643/2500), Actor Loss: 0.0004, Aux Loss: 0.0000, Reward: 0.2754, Avg Response Len: 358.31, Learning Rate: 0.00000003
Epoch:[1/1](1644/2500), Actor Loss: 0.0004, Aux Loss: 0.0000, Reward: 0.1800, Avg Response Len: 397.44, Learning Rate: 0.00000003
Epoch:[1/1](1645/2500), Actor Loss: 0.0010, Aux Loss: 0.0000, Reward: 0.5124, Avg Response Len: 154.44, Learning Rate: 0.00000003
Epoch:[1/1](1646/2500), Actor Loss: 0.0006, Aux Loss: 0.0000, Reward: -1.3045, Avg Response Len: 284.69, Learning Rate: 0.00000003
Epoch:[1/1](1647/2500), Actor Loss: 0.0007, Aux Loss: 0.0000, Reward: 0.2137, Avg Response Len: 246.75, Learning Rate: 0.00000003
Epoch:[1/1](1648/2500), Actor Loss: 0.0054, Aux Loss: 0.0000, Reward: -0.0075, Avg Response Len: 262.50, Learning Rate: 0.00000003
Epoch:[1/1](1649/2500), Actor Loss: 0.0006, Aux Loss: 0.0000, Reward: 0.3474, Avg Response Len: 484.12, Learning Rate: 0.00000003
Epoch:[1/1](1650/2500), Actor Loss: 0.0004, Aux Loss: 0.0000, Reward: -0.5964, Avg Response Len: 257.50, Learning Rate: 0.00000003
Epoch:[1/1](1651/2500), Actor Loss: 0.0007, Aux Loss: 0.0000, Reward: 0.0347, Avg Response Len: 264.88, Learning Rate: 0.00000003
Epoch:[1/1](1652/2500), Actor Loss: 0.0014, Aux Loss: 0.0000, Reward: -1.3953, Avg Response Len: 426.88, Learning Rate: 0.00000003
Epoch:[1/1](1653/2500), Actor Loss: 0.0006, Aux Loss: 0.0000, Reward: -0.4930, Avg Response Len: 450.00, Learning Rate: 0.00000003
Epoch:[1/1](1654/2500), Actor Loss: 0.0003, Aux Loss: 0.0000, Reward: -0.0322, Avg Response Len: 345.88, Learning Rate: 0.00000003
Epoch:[1/1](1655/2500), Actor Loss: 0.0005, Aux Loss: 0.0000, Reward: 0.6931, Avg Response Len: 298.94, Learning Rate: 0.00000003
Epoch:[1/1](1656/2500), Actor Loss: 0.0011, Aux Loss: 0.0000, Reward: 0.2384, Avg Response Len: 356.31, Learning Rate: 0.00000003
Epoch:[1/1](1657/2500), Actor Loss: 0.0006, Aux Loss: 0.0000, Reward: -0.2861, Avg Response Len: 230.69, Learning Rate: 0.00000003
Epoch:[1/1](1658/2500), Actor Loss: 0.0005, Aux Loss: 0.0000, Reward: 0.8178, Avg Response Len: 184.19, Learning Rate: 0.00000003
Epoch:[1/1](1659/2500), Actor Loss: 0.0005, Aux Loss: 0.0000, Reward: 0.8597, Avg Response Len: 496.81, Learning Rate: 0.00000003
Epoch:[1/1](1660/2500), Actor Loss: 0.0006, Aux Loss: 0.0000, Reward: 0.0802, Avg Response Len: 206.44, Learning Rate: 0.00000003
Epoch:[1/1](1661/2500), Actor Loss: 0.0012, Aux Loss: 0.0000, Reward: 0.2615, Avg Response Len: 212.94, Learning Rate: 0.00000003
Epoch:[1/1](1662/2500), Actor Loss: 0.0009, Aux Loss: 0.0000, Reward: -0.4986, Avg Response Len: 326.25, Learning Rate: 0.00000003
Epoch:[1/1](1663/2500), Actor Loss: 0.0026, Aux Loss: 0.0000, Reward: 0.4373, Avg Response Len: 309.31, Learning Rate: 0.00000003
Epoch:[1/1](1664/2500), Actor Loss: 0.0004, Aux Loss: 0.0000, Reward: -0.3737, Avg Response Len: 345.00, Learning Rate: 0.00000003
Epoch:[1/1](1665/2500), Actor Loss: 0.0012, Aux Loss: 0.0000, Reward: 0.0654, Avg Response Len: 213.62, Learning Rate: 0.00000003
Epoch:[1/1](1666/2500), Actor Loss: 0.0004, Aux Loss: 0.0000, Reward: -0.9549, Avg Response Len: 382.94, Learning Rate: 0.00000003
Epoch:[1/1](1667/2500), Actor Loss: 0.0005, Aux Loss: 0.0000, Reward: -0.1960, Avg Response Len: 342.31, Learning Rate: 0.00000003
Epoch:[1/1](1668/2500), Actor Loss: 0.0004, Aux Loss: 0.0000, Reward: 0.3049, Avg Response Len: 341.31, Learning Rate: 0.00000003
Epoch:[1/1](1669/2500), Actor Loss: 0.0006, Aux Loss: 0.0000, Reward: -0.3334, Avg Response Len: 285.06, Learning Rate: 0.00000003
Epoch:[1/1](1670/2500), Actor Loss: 0.0004, Aux Loss: 0.0000, Reward: -0.4411, Avg Response Len: 469.12, Learning Rate: 0.00000003
Epoch:[1/1](1671/2500), Actor Loss: 0.0012, Aux Loss: 0.0000, Reward: -0.5951, Avg Response Len: 332.12, Learning Rate: 0.00000003
Epoch:[1/1](1672/2500), Actor Loss: 0.0005, Aux Loss: 0.0000, Reward: -0.5888, Avg Response Len: 277.75, Learning Rate: 0.00000003
Epoch:[1/1](1673/2500), Actor Loss: 0.0025, Aux Loss: 0.0000, Reward: 0.5273, Avg Response Len: 234.94, Learning Rate: 0.00000003
Epoch:[1/1](1674/2500), Actor Loss: 0.0005, Aux Loss: 0.0000, Reward: 0.2818, Avg Response Len: 346.12, Learning Rate: 0.00000003
Epoch:[1/1](1675/2500), Actor Loss: 0.0005, Aux Loss: 0.0000, Reward: -0.2056, Avg Response Len: 340.12, Learning Rate: 0.00000003
Epoch:[1/1](1676/2500), Actor Loss: 0.0012, Aux Loss: 0.0000, Reward: 0.2275, Avg Response Len: 337.44, Learning Rate: 0.00000003
Epoch:[1/1](1677/2500), Actor Loss: 0.0003, Aux Loss: 0.0000, Reward: -0.0791, Avg Response Len: 375.62, Learning Rate: 0.00000003
Epoch:[1/1](1678/2500), Actor Loss: 0.0004, Aux Loss: 0.0000, Reward: 0.5118, Avg Response Len: 470.75, Learning Rate: 0.00000003
Epoch:[1/1](1679/2500), Actor Loss: 0.0006, Aux Loss: 0.0000, Reward: 0.1756, Avg Response Len: 288.38, Learning Rate: 0.00000003
Epoch:[1/1](1680/2500), Actor Loss: 0.0003, Aux Loss: 0.0000, Reward: -0.1071, Avg Response Len: 415.38, Learning Rate: 0.00000003
Epoch:[1/1](1681/2500), Actor Loss: 0.0010, Aux Loss: 0.0000, Reward: -0.6162, Avg Response Len: 281.44, Learning Rate: 0.00000003
Epoch:[1/1](1682/2500), Actor Loss: 0.0008, Aux Loss: 0.0000, Reward: -0.0880, Avg Response Len: 305.06, Learning Rate: 0.00000003
Epoch:[1/1](1683/2500), Actor Loss: 0.0006, Aux Loss: 0.0000, Reward: -0.0638, Avg Response Len: 328.38, Learning Rate: 0.00000003
Epoch:[1/1](1684/2500), Actor Loss: 0.0003, Aux Loss: 0.0000, Reward: 0.4539, Avg Response Len: 511.31, Learning Rate: 0.00000003
Epoch:[1/1](1685/2500), Actor Loss: 0.0017, Aux Loss: 0.0000, Reward: 0.5632, Avg Response Len: 316.56, Learning Rate: 0.00000003
Epoch:[1/1](1686/2500), Actor Loss: 0.0020, Aux Loss: 0.0000, Reward: 0.2017, Avg Response Len: 242.75, Learning Rate: 0.00000003
Epoch:[1/1](1687/2500), Actor Loss: 0.0004, Aux Loss: 0.0000, Reward: 0.6253, Avg Response Len: 388.81, Learning Rate: 0.00000003
Epoch:[1/1](1688/2500), Actor Loss: 0.0006, Aux Loss: 0.0000, Reward: -0.8624, Avg Response Len: 457.56, Learning Rate: 0.00000003
Epoch:[1/1](1689/2500), Actor Loss: 0.0004, Aux Loss: 0.0000, Reward: -1.8380, Avg Response Len: 342.69, Learning Rate: 0.00000003
Epoch:[1/1](1690/2500), Actor Loss: 0.0006, Aux Loss: 0.0000, Reward: -0.0901, Avg Response Len: 250.69, Learning Rate: 0.00000003
Epoch:[1/1](1691/2500), Actor Loss: 0.0012, Aux Loss: 0.0000, Reward: -0.5678, Avg Response Len: 184.62, Learning Rate: 0.00000003
Epoch:[1/1](1692/2500), Actor Loss: 0.0013, Aux Loss: 0.0000, Reward: 0.0904, Avg Response Len: 226.00, Learning Rate: 0.00000003
Epoch:[1/1](1693/2500), Actor Loss: 0.0007, Aux Loss: 0.0000, Reward: -0.9682, Avg Response Len: 418.44, Learning Rate: 0.00000003
Epoch:[1/1](1694/2500), Actor Loss: 0.0006, Aux Loss: 0.0000, Reward: 0.6165, Avg Response Len: 307.56, Learning Rate: 0.00000003
Epoch:[1/1](1695/2500), Actor Loss: 0.0007, Aux Loss: 0.0000, Reward: -0.1542, Avg Response Len: 161.19, Learning Rate: 0.00000003
Epoch:[1/1](1696/2500), Actor Loss: 0.0003, Aux Loss: 0.0000, Reward: 0.8823, Avg Response Len: 429.38, Learning Rate: 0.00000002
Epoch:[1/1](1697/2500), Actor Loss: 0.0007, Aux Loss: 0.0000, Reward: -1.0975, Avg Response Len: 246.19, Learning Rate: 0.00000002
Epoch:[1/1](1698/2500), Actor Loss: 0.0007, Aux Loss: 0.0000, Reward: -0.9040, Avg Response Len: 314.06, Learning Rate: 0.00000002
Epoch:[1/1](1699/2500), Actor Loss: 0.0006, Aux Loss: 0.0000, Reward: 0.0142, Avg Response Len: 356.06, Learning Rate: 0.00000002
Epoch:[1/1](1700/2500), Actor Loss: 0.0005, Aux Loss: 0.0000, Reward: -0.9401, Avg Response Len: 341.81, Learning Rate: 0.00000002
Epoch:[1/1](1701/2500), Actor Loss: 0.0008, Aux Loss: 0.0000, Reward: 0.1240, Avg Response Len: 229.19, Learning Rate: 0.00000002
Epoch:[1/1](1702/2500), Actor Loss: 0.0005, Aux Loss: 0.0000, Reward: -0.4390, Avg Response Len: 386.31, Learning Rate: 0.00000002
Epoch:[1/1](1703/2500), Actor Loss: 0.0009, Aux Loss: 0.0000, Reward: 0.3339, Avg Response Len: 279.25, Learning Rate: 0.00000002
Epoch:[1/1](1704/2500), Actor Loss: 0.0004, Aux Loss: 0.0000, Reward: -0.4537, Avg Response Len: 365.62, Learning Rate: 0.00000002
Epoch:[1/1](1705/2500), Actor Loss: 0.0005, Aux Loss: 0.0000, Reward: 1.3801, Avg Response Len: 341.50, Learning Rate: 0.00000002
Epoch:[1/1](1706/2500), Actor Loss: 0.0004, Aux Loss: 0.0000, Reward: 0.6428, Avg Response Len: 419.00, Learning Rate: 0.00000002
Epoch:[1/1](1707/2500), Actor Loss: 0.0006, Aux Loss: 0.0000, Reward: -0.1833, Avg Response Len: 255.31, Learning Rate: 0.00000002
Epoch:[1/1](1708/2500), Actor Loss: 0.0007, Aux Loss: 0.0000, Reward: 1.2659, Avg Response Len: 307.31, Learning Rate: 0.00000002
Epoch:[1/1](1709/2500), Actor Loss: 0.0007, Aux Loss: 0.0000, Reward: -0.0392, Avg Response Len: 268.12, Learning Rate: 0.00000002
Epoch:[1/1](1710/2500), Actor Loss: 0.0029, Aux Loss: 0.0000, Reward: 0.1296, Avg Response Len: 162.81, Learning Rate: 0.00000002
Epoch:[1/1](1711/2500), Actor Loss: 0.0124, Aux Loss: 0.0000, Reward: -0.0529, Avg Response Len: 78.12, Learning Rate: 0.00000002
Epoch:[1/1](1712/2500), Actor Loss: 0.0003, Aux Loss: 0.0000, Reward: 0.0198, Avg Response Len: 400.12, Learning Rate: 0.00000002
Epoch:[1/1](1713/2500), Actor Loss: 0.0011, Aux Loss: 0.0000, Reward: 0.6959, Avg Response Len: 241.00, Learning Rate: 0.00000002
Epoch:[1/1](1714/2500), Actor Loss: 0.0005, Aux Loss: 0.0000, Reward: 0.8336, Avg Response Len: 413.44, Learning Rate: 0.00000002
Epoch:[1/1](1715/2500), Actor Loss: 0.0006, Aux Loss: 0.0000, Reward: 0.7025, Avg Response Len: 249.69, Learning Rate: 0.00000002
Epoch:[1/1](1716/2500), Actor Loss: 0.0011, Aux Loss: 0.0000, Reward: 0.2528, Avg Response Len: 219.88, Learning Rate: 0.00000002
Epoch:[1/1](1717/2500), Actor Loss: 0.0003, Aux Loss: 0.0000, Reward: -0.2828, Avg Response Len: 418.38, Learning Rate: 0.00000002
Epoch:[1/1](1718/2500), Actor Loss: 0.0004, Aux Loss: 0.0000, Reward: -0.5341, Avg Response Len: 425.19, Learning Rate: 0.00000002
Epoch:[1/1](1719/2500), Actor Loss: 0.0012, Aux Loss: 0.0000, Reward: -0.2621, Avg Response Len: 278.19, Learning Rate: 0.00000002
Epoch:[1/1](1720/2500), Actor Loss: 0.0007, Aux Loss: 0.0000, Reward: 0.7289, Avg Response Len: 309.56, Learning Rate: 0.00000002
Epoch:[1/1](1721/2500), Actor Loss: 0.0004, Aux Loss: 0.0000, Reward: -0.1429, Avg Response Len: 277.38, Learning Rate: 0.00000002
Epoch:[1/1](1722/2500), Actor Loss: 0.0005, Aux Loss: 0.0000, Reward: 1.1608, Avg Response Len: 416.31, Learning Rate: 0.00000002
Epoch:[1/1](1723/2500), Actor Loss: 0.0014, Aux Loss: 0.0000, Reward: -1.0450, Avg Response Len: 227.75, Learning Rate: 0.00000002
Epoch:[1/1](1724/2500), Actor Loss: 0.0006, Aux Loss: 0.0000, Reward: -0.4236, Avg Response Len: 360.38, Learning Rate: 0.00000002
Epoch:[1/1](1725/2500), Actor Loss: 0.0005, Aux Loss: 0.0000, Reward: -0.0684, Avg Response Len: 345.25, Learning Rate: 0.00000002
Epoch:[1/1](1726/2500), Actor Loss: 0.0004, Aux Loss: 0.0000, Reward: -1.1140, Avg Response Len: 366.25, Learning Rate: 0.00000002
Epoch:[1/1](1727/2500), Actor Loss: 0.0004, Aux Loss: 0.0000, Reward: 0.5054, Avg Response Len: 354.81, Learning Rate: 0.00000002
Epoch:[1/1](1728/2500), Actor Loss: 0.0005, Aux Loss: 0.0000, Reward: 0.6071, Avg Response Len: 449.12, Learning Rate: 0.00000002
Epoch:[1/1](1729/2500), Actor Loss: 0.0007, Aux Loss: 0.0000, Reward: -0.3843, Avg Response Len: 398.94, Learning Rate: 0.00000002
Epoch:[1/1](1730/2500), Actor Loss: 0.0007, Aux Loss: 0.0000, Reward: -0.0529, Avg Response Len: 97.38, Learning Rate: 0.00000002
Epoch:[1/1](1731/2500), Actor Loss: 0.0016, Aux Loss: 0.0000, Reward: -0.5573, Avg Response Len: 157.62, Learning Rate: 0.00000002
Epoch:[1/1](1732/2500), Actor Loss: 0.0004, Aux Loss: 0.0000, Reward: 0.5005, Avg Response Len: 375.12, Learning Rate: 0.00000002
Epoch:[1/1](1733/2500), Actor Loss: 0.0027, Aux Loss: 0.0000, Reward: 0.5937, Avg Response Len: 431.44, Learning Rate: 0.00000002
Epoch:[1/1](1734/2500), Actor Loss: 0.0004, Aux Loss: 0.0000, Reward: 1.0034, Avg Response Len: 401.06, Learning Rate: 0.00000002
Epoch:[1/1](1735/2500), Actor Loss: 0.0005, Aux Loss: 0.0000, Reward: 0.3172, Avg Response Len: 395.88, Learning Rate: 0.00000002
Epoch:[1/1](1736/2500), Actor Loss: 0.0004, Aux Loss: 0.0000, Reward: -0.5867, Avg Response Len: 309.25, Learning Rate: 0.00000002
Epoch:[1/1](1737/2500), Actor Loss: 0.0004, Aux Loss: 0.0000, Reward: -0.3358, Avg Response Len: 339.50, Learning Rate: 0.00000002
Epoch:[1/1](1738/2500), Actor Loss: 0.0007, Aux Loss: 0.0000, Reward: -0.2889, Avg Response Len: 411.81, Learning Rate: 0.00000002
Epoch:[1/1](1739/2500), Actor Loss: 0.0005, Aux Loss: 0.0000, Reward: -0.3257, Avg Response Len: 437.00, Learning Rate: 0.00000002
Epoch:[1/1](1740/2500), Actor Loss: 0.0003, Aux Loss: 0.0000, Reward: 0.5362, Avg Response Len: 427.56, Learning Rate: 0.00000002
Epoch:[1/1](1741/2500), Actor Loss: 0.0008, Aux Loss: 0.0000, Reward: -0.5991, Avg Response Len: 218.69, Learning Rate: 0.00000002
Epoch:[1/1](1742/2500), Actor Loss: 0.0004, Aux Loss: 0.0000, Reward: -0.2026, Avg Response Len: 562.62, Learning Rate: 0.00000002
Epoch:[1/1](1743/2500), Actor Loss: 0.0006, Aux Loss: 0.0000, Reward: 0.3388, Avg Response Len: 424.81, Learning Rate: 0.00000002
Epoch:[1/1](1744/2500), Actor Loss: 0.0003, Aux Loss: 0.0000, Reward: 1.3113, Avg Response Len: 405.56, Learning Rate: 0.00000002
Epoch:[1/1](1745/2500), Actor Loss: 0.0008, Aux Loss: 0.0000, Reward: -0.4524, Avg Response Len: 402.25, Learning Rate: 0.00000002
Epoch:[1/1](1746/2500), Actor Loss: 0.0004, Aux Loss: 0.0000, Reward: -1.0583, Avg Response Len: 337.25, Learning Rate: 0.00000002
Epoch:[1/1](1747/2500), Actor Loss: 0.0005, Aux Loss: 0.0000, Reward: -0.3583, Avg Response Len: 248.25, Learning Rate: 0.00000002
Epoch:[1/1](1748/2500), Actor Loss: 0.0007, Aux Loss: 0.0000, Reward: 0.2750, Avg Response Len: 218.50, Learning Rate: 0.00000002
Epoch:[1/1](1749/2500), Actor Loss: 0.0003, Aux Loss: 0.0000, Reward: 0.1626, Avg Response Len: 468.38, Learning Rate: 0.00000002
Epoch:[1/1](1750/2500), Actor Loss: 0.0005, Aux Loss: 0.0000, Reward: 0.2826, Avg Response Len: 389.50, Learning Rate: 0.00000002
Epoch:[1/1](1751/2500), Actor Loss: 0.0013, Aux Loss: 0.0000, Reward: -0.7742, Avg Response Len: 307.75, Learning Rate: 0.00000002
Epoch:[1/1](1752/2500), Actor Loss: 0.0006, Aux Loss: 0.0000, Reward: -0.4261, Avg Response Len: 287.25, Learning Rate: 0.00000002
Epoch:[1/1](1753/2500), Actor Loss: 0.0005, Aux Loss: 0.0000, Reward: 0.5316, Avg Response Len: 295.12, Learning Rate: 0.00000002
Epoch:[1/1](1754/2500), Actor Loss: 0.0030, Aux Loss: 0.0000, Reward: -0.1587, Avg Response Len: 212.44, Learning Rate: 0.00000002
Epoch:[1/1](1755/2500), Actor Loss: 0.0004, Aux Loss: 0.0000, Reward: -0.6704, Avg Response Len: 602.75, Learning Rate: 0.00000002
Epoch:[1/1](1756/2500), Actor Loss: 0.0010, Aux Loss: 0.0000, Reward: -0.6432, Avg Response Len: 218.50, Learning Rate: 0.00000002
Epoch:[1/1](1757/2500), Actor Loss: 0.0005, Aux Loss: 0.0000, Reward: 0.3312, Avg Response Len: 338.75, Learning Rate: 0.00000002
Epoch:[1/1](1758/2500), Actor Loss: 0.0007, Aux Loss: 0.0000, Reward: 0.1869, Avg Response Len: 267.50, Learning Rate: 0.00000002
Epoch:[1/1](1759/2500), Actor Loss: 0.0003, Aux Loss: 0.0000, Reward: -0.0301, Avg Response Len: 409.56, Learning Rate: 0.00000002
Epoch:[1/1](1760/2500), Actor Loss: 0.0005, Aux Loss: 0.0000, Reward: -0.5270, Avg Response Len: 386.06, Learning Rate: 0.00000002
Epoch:[1/1](1761/2500), Actor Loss: 0.0006, Aux Loss: 0.0000, Reward: 0.6204, Avg Response Len: 55.00, Learning Rate: 0.00000002
Epoch:[1/1](1762/2500), Actor Loss: 0.0018, Aux Loss: 0.0000, Reward: 0.4296, Avg Response Len: 38.75, Learning Rate: 0.00000002
Epoch:[1/1](1763/2500), Actor Loss: 0.0043, Aux Loss: 0.0000, Reward: -0.5716, Avg Response Len: 170.56, Learning Rate: 0.00000002
Epoch:[1/1](1764/2500), Actor Loss: 0.0006, Aux Loss: 0.0000, Reward: -0.4806, Avg Response Len: 284.69, Learning Rate: 0.00000002
Epoch:[1/1](1765/2500), Actor Loss: 0.0004, Aux Loss: 0.0000, Reward: -0.4145, Avg Response Len: 387.94, Learning Rate: 0.00000002
Epoch:[1/1](1766/2500), Actor Loss: 0.0004, Aux Loss: 0.0000, Reward: -0.7464, Avg Response Len: 351.38, Learning Rate: 0.00000002
Epoch:[1/1](1767/2500), Actor Loss: 0.0010, Aux Loss: 0.0000, Reward: -0.3410, Avg Response Len: 282.44, Learning Rate: 0.00000002
Epoch:[1/1](1768/2500), Actor Loss: 0.0007, Aux Loss: 0.0000, Reward: 1.0646, Avg Response Len: 221.38, Learning Rate: 0.00000002
Epoch:[1/1](1769/2500), Actor Loss: 0.0003, Aux Loss: 0.0000, Reward: 1.4968, Avg Response Len: 539.06, Learning Rate: 0.00000002
Epoch:[1/1](1770/2500), Actor Loss: 0.0015, Aux Loss: 0.0000, Reward: -1.0018, Avg Response Len: 194.00, Learning Rate: 0.00000002
Epoch:[1/1](1771/2500), Actor Loss: 0.0003, Aux Loss: 0.0000, Reward: 0.0592, Avg Response Len: 429.00, Learning Rate: 0.00000002
Epoch:[1/1](1772/2500), Actor Loss: 0.0003, Aux Loss: 0.0000, Reward: -0.0737, Avg Response Len: 388.31, Learning Rate: 0.00000002
Epoch:[1/1](1773/2500), Actor Loss: 0.0007, Aux Loss: 0.0000, Reward: 0.6489, Avg Response Len: 322.62, Learning Rate: 0.00000002
Epoch:[1/1](1774/2500), Actor Loss: 0.0004, Aux Loss: 0.0000, Reward: -0.0270, Avg Response Len: 400.31, Learning Rate: 0.00000002
Epoch:[1/1](1775/2500), Actor Loss: 0.0009, Aux Loss: 0.0000, Reward: -0.5206, Avg Response Len: 295.94, Learning Rate: 0.00000002
Epoch:[1/1](1776/2500), Actor Loss: 0.0009, Aux Loss: 0.0000, Reward: -0.3674, Avg Response Len: 291.25, Learning Rate: 0.00000002
Epoch:[1/1](1777/2500), Actor Loss: 0.0010, Aux Loss: 0.0000, Reward: -0.5312, Avg Response Len: 247.62, Learning Rate: 0.00000002
Epoch:[1/1](1778/2500), Actor Loss: 0.0038, Aux Loss: 0.0000, Reward: 0.7713, Avg Response Len: 78.62, Learning Rate: 0.00000002
Epoch:[1/1](1779/2500), Actor Loss: 0.0007, Aux Loss: 0.0000, Reward: 0.1534, Avg Response Len: 279.94, Learning Rate: 0.00000002
Epoch:[1/1](1780/2500), Actor Loss: 0.0024, Aux Loss: 0.0000, Reward: 1.4671, Avg Response Len: 199.50, Learning Rate: 0.00000002
Epoch:[1/1](1781/2500), Actor Loss: 0.0004, Aux Loss: 0.0000, Reward: 0.8739, Avg Response Len: 469.19, Learning Rate: 0.00000002
Epoch:[1/1](1782/2500), Actor Loss: 0.0015, Aux Loss: 0.0000, Reward: 0.6266, Avg Response Len: 304.88, Learning Rate: 0.00000002
Epoch:[1/1](1783/2500), Actor Loss: 0.0056, Aux Loss: 0.0000, Reward: -0.7872, Avg Response Len: 176.38, Learning Rate: 0.00000002
Epoch:[1/1](1784/2500), Actor Loss: 0.0003, Aux Loss: 0.0000, Reward: -0.1896, Avg Response Len: 389.06, Learning Rate: 0.00000002
Epoch:[1/1](1785/2500), Actor Loss: 0.0005, Aux Loss: 0.0000, Reward: 0.5568, Avg Response Len: 352.62, Learning Rate: 0.00000002
Epoch:[1/1](1786/2500), Actor Loss: 0.0022, Aux Loss: 0.0000, Reward: -0.5538, Avg Response Len: 206.75, Learning Rate: 0.00000002
Epoch:[1/1](1787/2500), Actor Loss: 0.0005, Aux Loss: 0.0000, Reward: 0.1167, Avg Response Len: 340.75, Learning Rate: 0.00000002
Epoch:[1/1](1788/2500), Actor Loss: 0.0006, Aux Loss: 0.0000, Reward: 0.1812, Avg Response Len: 359.62, Learning Rate: 0.00000002
Epoch:[1/1](1789/2500), Actor Loss: 0.0065, Aux Loss: 0.0000, Reward: -0.5466, Avg Response Len: 312.38, Learning Rate: 0.00000002
Epoch:[1/1](1790/2500), Actor Loss: 0.0014, Aux Loss: 0.0000, Reward: -0.4527, Avg Response Len: 199.44, Learning Rate: 0.00000002
Epoch:[1/1](1791/2500), Actor Loss: 0.0012, Aux Loss: 0.0000, Reward: 0.7394, Avg Response Len: 228.25, Learning Rate: 0.00000002
Epoch:[1/1](1792/2500), Actor Loss: 0.0005, Aux Loss: 0.0000, Reward: -0.5210, Avg Response Len: 328.25, Learning Rate: 0.00000002
Epoch:[1/1](1793/2500), Actor Loss: 0.0006, Aux Loss: 0.0000, Reward: 0.2137, Avg Response Len: 258.06, Learning Rate: 0.00000002
Epoch:[1/1](1794/2500), Actor Loss: 0.0004, Aux Loss: 0.0000, Reward: 0.4985, Avg Response Len: 243.44, Learning Rate: 0.00000002
Epoch:[1/1](1795/2500), Actor Loss: 0.0004, Aux Loss: 0.0000, Reward: -0.2227, Avg Response Len: 252.44, Learning Rate: 0.00000002
Epoch:[1/1](1796/2500), Actor Loss: 0.0005, Aux Loss: 0.0000, Reward: 0.3288, Avg Response Len: 385.25, Learning Rate: 0.00000002
Epoch:[1/1](1797/2500), Actor Loss: 0.0005, Aux Loss: 0.0000, Reward: -0.1862, Avg Response Len: 259.44, Learning Rate: 0.00000002
Epoch:[1/1](1798/2500), Actor Loss: 0.0014, Aux Loss: 0.0000, Reward: -0.6731, Avg Response Len: 253.75, Learning Rate: 0.00000002
Epoch:[1/1](1799/2500), Actor Loss: 0.0003, Aux Loss: 0.0000, Reward: -0.6032, Avg Response Len: 544.31, Learning Rate: 0.00000002
Epoch:[1/1](1800/2500), Actor Loss: 0.0013, Aux Loss: 0.0000, Reward: 1.3941, Avg Response Len: 252.06, Learning Rate: 0.00000002
Epoch:[1/1](1801/2500), Actor Loss: 0.0040, Aux Loss: 0.0000, Reward: -0.2194, Avg Response Len: 294.56, Learning Rate: 0.00000002
Epoch:[1/1](1802/2500), Actor Loss: 0.0004, Aux Loss: 0.0000, Reward: -0.2305, Avg Response Len: 358.38, Learning Rate: 0.00000002
Epoch:[1/1](1803/2500), Actor Loss: 0.0003, Aux Loss: 0.0000, Reward: -0.4668, Avg Response Len: 434.81, Learning Rate: 0.00000002
Epoch:[1/1](1804/2500), Actor Loss: 0.0002, Aux Loss: 0.0000, Reward: 0.1504, Avg Response Len: 440.06, Learning Rate: 0.00000002
Epoch:[1/1](1805/2500), Actor Loss: 0.0004, Aux Loss: 0.0000, Reward: -0.0270, Avg Response Len: 399.88, Learning Rate: 0.00000002
Epoch:[1/1](1806/2500), Actor Loss: 0.0004, Aux Loss: 0.0000, Reward: -0.2317, Avg Response Len: 321.38, Learning Rate: 0.00000002
Epoch:[1/1](1807/2500), Actor Loss: 0.0022, Aux Loss: 0.0000, Reward: 0.0813, Avg Response Len: 396.62, Learning Rate: 0.00000002
Epoch:[1/1](1808/2500), Actor Loss: 0.0012, Aux Loss: 0.0000, Reward: -0.2056, Avg Response Len: 211.31, Learning Rate: 0.00000002
Epoch:[1/1](1809/2500), Actor Loss: 0.0004, Aux Loss: 0.0000, Reward: 0.1338, Avg Response Len: 433.12, Learning Rate: 0.00000002
Epoch:[1/1](1810/2500), Actor Loss: 0.0003, Aux Loss: 0.0000, Reward: 0.4199, Avg Response Len: 402.00, Learning Rate: 0.00000002
Epoch:[1/1](1811/2500), Actor Loss: 0.0005, Aux Loss: 0.0000, Reward: -0.3096, Avg Response Len: 282.56, Learning Rate: 0.00000002
Epoch:[1/1](1812/2500), Actor Loss: 0.0037, Aux Loss: 0.0000, Reward: -0.2823, Avg Response Len: 247.19, Learning Rate: 0.00000002
Epoch:[1/1](1813/2500), Actor Loss: 0.0009, Aux Loss: 0.0000, Reward: 0.0300, Avg Response Len: 320.94, Learning Rate: 0.00000002
Epoch:[1/1](1814/2500), Actor Loss: 0.0005, Aux Loss: 0.0000, Reward: -0.4796, Avg Response Len: 289.06, Learning Rate: 0.00000002
Epoch:[1/1](1815/2500), Actor Loss: 0.0003, Aux Loss: 0.0000, Reward: -1.2687, Avg Response Len: 365.94, Learning Rate: 0.00000002
Epoch:[1/1](1816/2500), Actor Loss: 0.0006, Aux Loss: 0.0000, Reward: -0.4982, Avg Response Len: 330.62, Learning Rate: 0.00000002
Epoch:[1/1](1817/2500), Actor Loss: 0.0016, Aux Loss: 0.0000, Reward: -0.6497, Avg Response Len: 462.19, Learning Rate: 0.00000002
Epoch:[1/1](1818/2500), Actor Loss: 0.0005, Aux Loss: 0.0000, Reward: -1.0113, Avg Response Len: 172.19, Learning Rate: 0.00000002
Epoch:[1/1](1819/2500), Actor Loss: 0.0011, Aux Loss: 0.0000, Reward: 0.0251, Avg Response Len: 265.25, Learning Rate: 0.00000002
Epoch:[1/1](1820/2500), Actor Loss: 0.0006, Aux Loss: 0.0000, Reward: 0.2143, Avg Response Len: 283.81, Learning Rate: 0.00000002
Epoch:[1/1](1821/2500), Actor Loss: 0.0008, Aux Loss: 0.0000, Reward: -0.2539, Avg Response Len: 205.12, Learning Rate: 0.00000002
Epoch:[1/1](1822/2500), Actor Loss: 0.0004, Aux Loss: 0.0000, Reward: -0.7409, Avg Response Len: 429.06, Learning Rate: 0.00000002
Epoch:[1/1](1823/2500), Actor Loss: 0.0006, Aux Loss: 0.0000, Reward: 0.2263, Avg Response Len: 384.94, Learning Rate: 0.00000002
Epoch:[1/1](1824/2500), Actor Loss: 0.0007, Aux Loss: 0.0000, Reward: -0.4164, Avg Response Len: 411.94, Learning Rate: 0.00000002
Epoch:[1/1](1825/2500), Actor Loss: 0.0009, Aux Loss: 0.0000, Reward: 0.7688, Avg Response Len: 276.62, Learning Rate: 0.00000002
Epoch:[1/1](1826/2500), Actor Loss: 0.0005, Aux Loss: 0.0000, Reward: -0.8066, Avg Response Len: 376.94, Learning Rate: 0.00000002
Epoch:[1/1](1827/2500), Actor Loss: 0.0006, Aux Loss: 0.0000, Reward: 1.2746, Avg Response Len: 323.12, Learning Rate: 0.00000002
Epoch:[1/1](1828/2500), Actor Loss: 0.0005, Aux Loss: 0.0000, Reward: -1.2611, Avg Response Len: 306.88, Learning Rate: 0.00000002
Epoch:[1/1](1829/2500), Actor Loss: 0.0003, Aux Loss: 0.0000, Reward: 0.0505, Avg Response Len: 300.94, Learning Rate: 0.00000002
Epoch:[1/1](1830/2500), Actor Loss: 0.0007, Aux Loss: 0.0000, Reward: -0.1641, Avg Response Len: 353.00, Learning Rate: 0.00000002
Epoch:[1/1](1831/2500), Actor Loss: 0.0006, Aux Loss: 0.0000, Reward: -0.1848, Avg Response Len: 374.56, Learning Rate: 0.00000002
Epoch:[1/1](1832/2500), Actor Loss: 0.0003, Aux Loss: 0.0000, Reward: 0.5816, Avg Response Len: 496.06, Learning Rate: 0.00000002
Epoch:[1/1](1833/2500), Actor Loss: 0.0009, Aux Loss: 0.0000, Reward: -0.2714, Avg Response Len: 313.25, Learning Rate: 0.00000002
Epoch:[1/1](1834/2500), Actor Loss: 0.0006, Aux Loss: 0.0000, Reward: -0.7247, Avg Response Len: 250.44, Learning Rate: 0.00000002
Epoch:[1/1](1835/2500), Actor Loss: 0.0004, Aux Loss: 0.0000, Reward: -0.6122, Avg Response Len: 330.12, Learning Rate: 0.00000002
Epoch:[1/1](1836/2500), Actor Loss: 0.0006, Aux Loss: 0.0000, Reward: -0.0115, Avg Response Len: 258.31, Learning Rate: 0.00000002
Epoch:[1/1](1837/2500), Actor Loss: 0.0004, Aux Loss: 0.0000, Reward: -0.4396, Avg Response Len: 423.94, Learning Rate: 0.00000002
Epoch:[1/1](1838/2500), Actor Loss: 0.0024, Aux Loss: 0.0000, Reward: 0.2651, Avg Response Len: 253.38, Learning Rate: 0.00000002
Epoch:[1/1](1839/2500), Actor Loss: 0.0004, Aux Loss: 0.0000, Reward: -0.4487, Avg Response Len: 299.69, Learning Rate: 0.00000002
Epoch:[1/1](1840/2500), Actor Loss: 0.0006, Aux Loss: 0.0000, Reward: -0.2929, Avg Response Len: 307.38, Learning Rate: 0.00000002
Epoch:[1/1](1841/2500), Actor Loss: 0.0004, Aux Loss: 0.0000, Reward: 0.5238, Avg Response Len: 492.75, Learning Rate: 0.00000002
Epoch:[1/1](1842/2500), Actor Loss: 0.0004, Aux Loss: 0.0000, Reward: 0.2510, Avg Response Len: 375.50, Learning Rate: 0.00000002
Epoch:[1/1](1843/2500), Actor Loss: 0.0004, Aux Loss: 0.0000, Reward: 0.4117, Avg Response Len: 436.06, Learning Rate: 0.00000002
Epoch:[1/1](1844/2500), Actor Loss: 0.0005, Aux Loss: 0.0000, Reward: 0.2397, Avg Response Len: 518.88, Learning Rate: 0.00000002
Epoch:[1/1](1845/2500), Actor Loss: 0.0012, Aux Loss: 0.0000, Reward: -0.3385, Avg Response Len: 325.62, Learning Rate: 0.00000002
Epoch:[1/1](1846/2500), Actor Loss: 0.0004, Aux Loss: 0.0000, Reward: -0.6912, Avg Response Len: 494.19, Learning Rate: 0.00000002
Epoch:[1/1](1847/2500), Actor Loss: 0.0006, Aux Loss: 0.0000, Reward: -0.0385, Avg Response Len: 356.44, Learning Rate: 0.00000002
Epoch:[1/1](1848/2500), Actor Loss: 0.0005, Aux Loss: 0.0000, Reward: 0.5729, Avg Response Len: 279.44, Learning Rate: 0.00000002
Epoch:[1/1](1849/2500), Actor Loss: 0.0011, Aux Loss: 0.0000, Reward: -0.2240, Avg Response Len: 417.19, Learning Rate: 0.00000002
Epoch:[1/1](1850/2500), Actor Loss: 0.0004, Aux Loss: 0.0000, Reward: -0.9144, Avg Response Len: 343.31, Learning Rate: 0.00000002
Epoch:[1/1](1851/2500), Actor Loss: 0.0021, Aux Loss: 0.0000, Reward: -0.2225, Avg Response Len: 128.56, Learning Rate: 0.00000002
Epoch:[1/1](1852/2500), Actor Loss: 0.0004, Aux Loss: 0.0000, Reward: 0.0991, Avg Response Len: 580.81, Learning Rate: 0.00000002
Epoch:[1/1](1853/2500), Actor Loss: 0.0006, Aux Loss: 0.0000, Reward: -0.3649, Avg Response Len: 262.50, Learning Rate: 0.00000002
Epoch:[1/1](1854/2500), Actor Loss: 0.0003, Aux Loss: 0.0000, Reward: 0.8734, Avg Response Len: 465.88, Learning Rate: 0.00000002
Epoch:[1/1](1855/2500), Actor Loss: 0.0009, Aux Loss: 0.0000, Reward: -0.2645, Avg Response Len: 169.94, Learning Rate: 0.00000002
Epoch:[1/1](1856/2500), Actor Loss: 0.0034, Aux Loss: 0.0000, Reward: 0.2849, Avg Response Len: 446.81, Learning Rate: 0.00000002
Epoch:[1/1](1857/2500), Actor Loss: 0.0020, Aux Loss: 0.0000, Reward: 0.7777, Avg Response Len: 333.81, Learning Rate: 0.00000002
Epoch:[1/1](1858/2500), Actor Loss: 0.0006, Aux Loss: 0.0000, Reward: -0.1683, Avg Response Len: 326.56, Learning Rate: 0.00000002
Epoch:[1/1](1859/2500), Actor Loss: 0.0013, Aux Loss: 0.0000, Reward: -0.2903, Avg Response Len: 199.19, Learning Rate: 0.00000002
Epoch:[1/1](1860/2500), Actor Loss: 0.0007, Aux Loss: 0.0000, Reward: 0.0782, Avg Response Len: 293.44, Learning Rate: 0.00000002
Epoch:[1/1](1861/2500), Actor Loss: 0.0006, Aux Loss: 0.0000, Reward: 0.7467, Avg Response Len: 345.06, Learning Rate: 0.00000002
Epoch:[1/1](1862/2500), Actor Loss: 0.0007, Aux Loss: 0.0000, Reward: 1.1140, Avg Response Len: 262.69, Learning Rate: 0.00000002
Epoch:[1/1](1863/2500), Actor Loss: 0.0007, Aux Loss: 0.0000, Reward: -0.6956, Avg Response Len: 291.19, Learning Rate: 0.00000002
Epoch:[1/1](1864/2500), Actor Loss: 0.0006, Aux Loss: 0.0000, Reward: -0.4308, Avg Response Len: 323.69, Learning Rate: 0.00000002
Epoch:[1/1](1865/2500), Actor Loss: 0.0009, Aux Loss: 0.0000, Reward: -0.4252, Avg Response Len: 261.19, Learning Rate: 0.00000002
Epoch:[1/1](1866/2500), Actor Loss: 0.0004, Aux Loss: 0.0000, Reward: -1.1645, Avg Response Len: 417.19, Learning Rate: 0.00000002
Epoch:[1/1](1867/2500), Actor Loss: 0.0004, Aux Loss: 0.0000, Reward: 0.5813, Avg Response Len: 419.19, Learning Rate: 0.00000002
Epoch:[1/1](1868/2500), Actor Loss: 0.0005, Aux Loss: 0.0000, Reward: -0.3595, Avg Response Len: 296.06, Learning Rate: 0.00000002
Epoch:[1/1](1869/2500), Actor Loss: 0.0004, Aux Loss: 0.0000, Reward: -0.2566, Avg Response Len: 439.62, Learning Rate: 0.00000002
Epoch:[1/1](1870/2500), Actor Loss: 0.0013, Aux Loss: 0.0000, Reward: -0.2411, Avg Response Len: 178.00, Learning Rate: 0.00000002
Epoch:[1/1](1871/2500), Actor Loss: 0.0028, Aux Loss: 0.0000, Reward: -1.4876, Avg Response Len: 151.12, Learning Rate: 0.00000002
Epoch:[1/1](1872/2500), Actor Loss: 0.0004, Aux Loss: 0.0000, Reward: -0.5868, Avg Response Len: 545.19, Learning Rate: 0.00000002
Epoch:[1/1](1873/2500), Actor Loss: 0.0010, Aux Loss: 0.0000, Reward: 1.2348, Avg Response Len: 275.31, Learning Rate: 0.00000002
Epoch:[1/1](1874/2500), Actor Loss: 0.0004, Aux Loss: 0.0000, Reward: -0.9453, Avg Response Len: 499.88, Learning Rate: 0.00000002
Epoch:[1/1](1875/2500), Actor Loss: 0.0007, Aux Loss: 0.0000, Reward: -0.0600, Avg Response Len: 462.38, Learning Rate: 0.00000002
Epoch:[1/1](1876/2500), Actor Loss: 0.0002, Aux Loss: 0.0000, Reward: -0.4880, Avg Response Len: 451.12, Learning Rate: 0.00000002
Epoch:[1/1](1877/2500), Actor Loss: 0.0012, Aux Loss: 0.0000, Reward: -0.0544, Avg Response Len: 268.06, Learning Rate: 0.00000002
Epoch:[1/1](1878/2500), Actor Loss: 0.0003, Aux Loss: 0.0000, Reward: -0.7954, Avg Response Len: 466.94, Learning Rate: 0.00000002
Epoch:[1/1](1879/2500), Actor Loss: 0.0006, Aux Loss: 0.0000, Reward: 0.2536, Avg Response Len: 375.19, Learning Rate: 0.00000002
Epoch:[1/1](1880/2500), Actor Loss: 0.0294, Aux Loss: 0.0000, Reward: 0.2406, Avg Response Len: 247.94, Learning Rate: 0.00000002
Epoch:[1/1](1881/2500), Actor Loss: 0.0008, Aux Loss: 0.0000, Reward: -0.2092, Avg Response Len: 189.62, Learning Rate: 0.00000002
Epoch:[1/1](1882/2500), Actor Loss: 0.0006, Aux Loss: 0.0000, Reward: 1.3825, Avg Response Len: 375.75, Learning Rate: 0.00000002
Epoch:[1/1](1883/2500), Actor Loss: 0.0029, Aux Loss: 0.0000, Reward: 0.2696, Avg Response Len: 141.81, Learning Rate: 0.00000002
Epoch:[1/1](1884/2500), Actor Loss: 0.0007, Aux Loss: 0.0000, Reward: -1.0625, Avg Response Len: 307.69, Learning Rate: 0.00000002
Epoch:[1/1](1885/2500), Actor Loss: 0.0005, Aux Loss: 0.0000, Reward: -0.2905, Avg Response Len: 238.88, Learning Rate: 0.00000002
Epoch:[1/1](1886/2500), Actor Loss: 0.0003, Aux Loss: 0.0000, Reward: -0.1213, Avg Response Len: 440.56, Learning Rate: 0.00000002
Epoch:[1/1](1887/2500), Actor Loss: 0.0008, Aux Loss: 0.0000, Reward: -0.8483, Avg Response Len: 371.88, Learning Rate: 0.00000002
Epoch:[1/1](1888/2500), Actor Loss: 0.0027, Aux Loss: 0.0000, Reward: -1.1453, Avg Response Len: 364.12, Learning Rate: 0.00000002
Epoch:[1/1](1889/2500), Actor Loss: 0.0006, Aux Loss: 0.0000, Reward: -1.0018, Avg Response Len: 210.88, Learning Rate: 0.00000002
Epoch:[1/1](1890/2500), Actor Loss: 0.0012, Aux Loss: 0.0000, Reward: -0.0605, Avg Response Len: 188.31, Learning Rate: 0.00000002
Epoch:[1/1](1891/2500), Actor Loss: 0.0005, Aux Loss: 0.0000, Reward: -0.6705, Avg Response Len: 515.06, Learning Rate: 0.00000002
Epoch:[1/1](1892/2500), Actor Loss: 0.0005, Aux Loss: 0.0000, Reward: -1.1750, Avg Response Len: 391.75, Learning Rate: 0.00000002
Epoch:[1/1](1893/2500), Actor Loss: 0.0013, Aux Loss: 0.0000, Reward: -0.2507, Avg Response Len: 144.19, Learning Rate: 0.00000002
Epoch:[1/1](1894/2500), Actor Loss: 0.0013, Aux Loss: 0.0000, Reward: -0.3340, Avg Response Len: 370.56, Learning Rate: 0.00000002
Epoch:[1/1](1895/2500), Actor Loss: 0.0004, Aux Loss: 0.0000, Reward: 0.1546, Avg Response Len: 530.44, Learning Rate: 0.00000002
Epoch:[1/1](1896/2500), Actor Loss: 0.0011, Aux Loss: 0.0000, Reward: -0.6411, Avg Response Len: 315.56, Learning Rate: 0.00000002
Epoch:[1/1](1897/2500), Actor Loss: 0.0028, Aux Loss: 0.0000, Reward: -0.4699, Avg Response Len: 336.06, Learning Rate: 0.00000002
Epoch:[1/1](1898/2500), Actor Loss: 0.0003, Aux Loss: 0.0000, Reward: 0.3052, Avg Response Len: 638.25, Learning Rate: 0.00000002
Epoch:[1/1](1899/2500), Actor Loss: 0.0003, Aux Loss: 0.0000, Reward: 1.6941, Avg Response Len: 462.75, Learning Rate: 0.00000002
Epoch:[1/1](1900/2500), Actor Loss: 0.0004, Aux Loss: 0.0000, Reward: -1.5116, Avg Response Len: 421.19, Learning Rate: 0.00000002
Epoch:[1/1](1901/2500), Actor Loss: 0.0008, Aux Loss: 0.0000, Reward: -0.8231, Avg Response Len: 336.38, Learning Rate: 0.00000002
Epoch:[1/1](1902/2500), Actor Loss: 0.0004, Aux Loss: 0.0000, Reward: -0.3190, Avg Response Len: 273.88, Learning Rate: 0.00000002
Epoch:[1/1](1903/2500), Actor Loss: 0.0004, Aux Loss: 0.0000, Reward: -0.2297, Avg Response Len: 433.50, Learning Rate: 0.00000002
Epoch:[1/1](1904/2500), Actor Loss: 0.0004, Aux Loss: 0.0000, Reward: -0.5229, Avg Response Len: 370.56, Learning Rate: 0.00000002
Epoch:[1/1](1905/2500), Actor Loss: 0.0006, Aux Loss: 0.0000, Reward: -0.2949, Avg Response Len: 196.56, Learning Rate: 0.00000002
Epoch:[1/1](1906/2500), Actor Loss: 0.0004, Aux Loss: 0.0000, Reward: 0.5985, Avg Response Len: 376.19, Learning Rate: 0.00000002
Epoch:[1/1](1907/2500), Actor Loss: 0.0006, Aux Loss: 0.0000, Reward: -0.0349, Avg Response Len: 399.12, Learning Rate: 0.00000002
Epoch:[1/1](1908/2500), Actor Loss: 0.0026, Aux Loss: 0.0000, Reward: -0.3778, Avg Response Len: 321.25, Learning Rate: 0.00000002
Epoch:[1/1](1909/2500), Actor Loss: 0.0004, Aux Loss: 0.0000, Reward: -0.0313, Avg Response Len: 597.81, Learning Rate: 0.00000002
Epoch:[1/1](1910/2500), Actor Loss: 0.0005, Aux Loss: 0.0000, Reward: -0.0655, Avg Response Len: 415.31, Learning Rate: 0.00000002
Epoch:[1/1](1911/2500), Actor Loss: 0.0003, Aux Loss: 0.0000, Reward: -1.2968, Avg Response Len: 491.94, Learning Rate: 0.00000002
Epoch:[1/1](1912/2500), Actor Loss: 0.0003, Aux Loss: 0.0000, Reward: 0.7464, Avg Response Len: 419.94, Learning Rate: 0.00000002
Epoch:[1/1](1913/2500), Actor Loss: 0.0004, Aux Loss: 0.0000, Reward: 0.5084, Avg Response Len: 278.69, Learning Rate: 0.00000002
Epoch:[1/1](1914/2500), Actor Loss: 0.0006, Aux Loss: 0.0000, Reward: -0.0298, Avg Response Len: 344.12, Learning Rate: 0.00000002
Epoch:[1/1](1915/2500), Actor Loss: 0.0005, Aux Loss: 0.0000, Reward: -0.4587, Avg Response Len: 390.06, Learning Rate: 0.00000002
Epoch:[1/1](1916/2500), Actor Loss: 0.0004, Aux Loss: 0.0000, Reward: 0.1566, Avg Response Len: 403.62, Learning Rate: 0.00000002
Epoch:[1/1](1917/2500), Actor Loss: 0.0008, Aux Loss: 0.0000, Reward: -0.4305, Avg Response Len: 249.81, Learning Rate: 0.00000002
Epoch:[1/1](1918/2500), Actor Loss: 0.0003, Aux Loss: 0.0000, Reward: 0.9691, Avg Response Len: 429.81, Learning Rate: 0.00000002
Epoch:[1/1](1919/2500), Actor Loss: 0.0004, Aux Loss: 0.0000, Reward: 0.1474, Avg Response Len: 331.06, Learning Rate: 0.00000002
Epoch:[1/1](1920/2500), Actor Loss: 0.0012, Aux Loss: 0.0000, Reward: -0.4800, Avg Response Len: 301.44, Learning Rate: 0.00000002
Epoch:[1/1](1921/2500), Actor Loss: 0.0007, Aux Loss: 0.0000, Reward: -0.8134, Avg Response Len: 327.75, Learning Rate: 0.00000002
Epoch:[1/1](1922/2500), Actor Loss: 0.0040, Aux Loss: 0.0000, Reward: -0.7986, Avg Response Len: 213.94, Learning Rate: 0.00000002
Epoch:[1/1](1923/2500), Actor Loss: 0.0004, Aux Loss: 0.0000, Reward: -1.0692, Avg Response Len: 573.62, Learning Rate: 0.00000002
Epoch:[1/1](1924/2500), Actor Loss: 0.0007, Aux Loss: 0.0000, Reward: -0.6283, Avg Response Len: 292.81, Learning Rate: 0.00000002
Epoch:[1/1](1925/2500), Actor Loss: 0.0003, Aux Loss: 0.0000, Reward: -0.4413, Avg Response Len: 353.31, Learning Rate: 0.00000002
Epoch:[1/1](1926/2500), Actor Loss: 0.0005, Aux Loss: 0.0000, Reward: -0.6197, Avg Response Len: 356.00, Learning Rate: 0.00000002
Epoch:[1/1](1927/2500), Actor Loss: 0.0007, Aux Loss: 0.0000, Reward: 0.1454, Avg Response Len: 257.50, Learning Rate: 0.00000002
Epoch:[1/1](1928/2500), Actor Loss: 0.0009, Aux Loss: 0.0000, Reward: -0.0946, Avg Response Len: 42.25, Learning Rate: 0.00000002
Epoch:[1/1](1929/2500), Actor Loss: 0.0009, Aux Loss: 0.0000, Reward: -1.1251, Avg Response Len: 213.06, Learning Rate: 0.00000002
Epoch:[1/1](1930/2500), Actor Loss: 0.0012, Aux Loss: 0.0000, Reward: -0.6126, Avg Response Len: 365.69, Learning Rate: 0.00000002
Epoch:[1/1](1931/2500), Actor Loss: 0.0004, Aux Loss: 0.0000, Reward: 0.5214, Avg Response Len: 433.69, Learning Rate: 0.00000002
Epoch:[1/1](1932/2500), Actor Loss: 0.0006, Aux Loss: 0.0000, Reward: 0.2706, Avg Response Len: 252.50, Learning Rate: 0.00000002
Epoch:[1/1](1933/2500), Actor Loss: 0.0017, Aux Loss: 0.0000, Reward: 0.3121, Avg Response Len: 278.19, Learning Rate: 0.00000002
Epoch:[1/1](1934/2500), Actor Loss: 0.0004, Aux Loss: 0.0000, Reward: 0.1244, Avg Response Len: 402.06, Learning Rate: 0.00000002
Epoch:[1/1](1935/2500), Actor Loss: 0.0005, Aux Loss: 0.0000, Reward: 0.5747, Avg Response Len: 323.19, Learning Rate: 0.00000002
Epoch:[1/1](1936/2500), Actor Loss: 0.0036, Aux Loss: 0.0000, Reward: -0.8453, Avg Response Len: 302.00, Learning Rate: 0.00000002
Epoch:[1/1](1937/2500), Actor Loss: 0.0008, Aux Loss: 0.0000, Reward: 0.2440, Avg Response Len: 46.12, Learning Rate: 0.00000002
Epoch:[1/1](1938/2500), Actor Loss: 0.0005, Aux Loss: 0.0000, Reward: -0.3891, Avg Response Len: 380.06, Learning Rate: 0.00000002
Epoch:[1/1](1939/2500), Actor Loss: 0.0004, Aux Loss: 0.0000, Reward: -0.0427, Avg Response Len: 405.12, Learning Rate: 0.00000002
Epoch:[1/1](1940/2500), Actor Loss: 0.0009, Aux Loss: 0.0000, Reward: 0.1808, Avg Response Len: 336.94, Learning Rate: 0.00000002
Epoch:[1/1](1941/2500), Actor Loss: 0.0035, Aux Loss: 0.0000, Reward: 0.9486, Avg Response Len: 242.50, Learning Rate: 0.00000002
Epoch:[1/1](1942/2500), Actor Loss: 0.0003, Aux Loss: 0.0000, Reward: 0.1884, Avg Response Len: 367.31, Learning Rate: 0.00000002
Epoch:[1/1](1943/2500), Actor Loss: 0.0003, Aux Loss: 0.0000, Reward: -0.0426, Avg Response Len: 431.44, Learning Rate: 0.00000002
Epoch:[1/1](1944/2500), Actor Loss: 0.0008, Aux Loss: 0.0000, Reward: 0.4535, Avg Response Len: 372.19, Learning Rate: 0.00000002
Epoch:[1/1](1945/2500), Actor Loss: 0.0005, Aux Loss: 0.0000, Reward: 0.1001, Avg Response Len: 451.00, Learning Rate: 0.00000002
Epoch:[1/1](1946/2500), Actor Loss: 0.0008, Aux Loss: 0.0000, Reward: -0.1934, Avg Response Len: 248.25, Learning Rate: 0.00000002
Epoch:[1/1](1947/2500), Actor Loss: 0.0015, Aux Loss: 0.0000, Reward: -0.3780, Avg Response Len: 313.06, Learning Rate: 0.00000002
Epoch:[1/1](1948/2500), Actor Loss: 0.0004, Aux Loss: 0.0000, Reward: -0.2611, Avg Response Len: 377.19, Learning Rate: 0.00000002
Epoch:[1/1](1949/2500), Actor Loss: 0.0006, Aux Loss: 0.0000, Reward: -0.1443, Avg Response Len: 292.00, Learning Rate: 0.00000002
Epoch:[1/1](1950/2500), Actor Loss: 0.0013, Aux Loss: 0.0000, Reward: -0.7531, Avg Response Len: 192.62, Learning Rate: 0.00000002
Epoch:[1/1](1951/2500), Actor Loss: 0.0018, Aux Loss: 0.0000, Reward: -1.7686, Avg Response Len: 325.25, Learning Rate: 0.00000002
Epoch:[1/1](1952/2500), Actor Loss: 0.0005, Aux Loss: 0.0000, Reward: 0.4196, Avg Response Len: 354.06, Learning Rate: 0.00000002
Epoch:[1/1](1953/2500), Actor Loss: 0.0005, Aux Loss: 0.0000, Reward: -0.3071, Avg Response Len: 296.62, Learning Rate: 0.00000002
Epoch:[1/1](1954/2500), Actor Loss: 0.0004, Aux Loss: 0.0000, Reward: -0.8122, Avg Response Len: 469.69, Learning Rate: 0.00000002
Epoch:[1/1](1955/2500), Actor Loss: 0.0018, Aux Loss: 0.0000, Reward: 0.2585, Avg Response Len: 188.44, Learning Rate: 0.00000002
Epoch:[1/1](1956/2500), Actor Loss: 0.0028, Aux Loss: 0.0000, Reward: 1.0214, Avg Response Len: 192.62, Learning Rate: 0.00000002
Epoch:[1/1](1957/2500), Actor Loss: 0.0011, Aux Loss: 0.0000, Reward: 0.3448, Avg Response Len: 341.06, Learning Rate: 0.00000002
Epoch:[1/1](1958/2500), Actor Loss: 0.0008, Aux Loss: 0.0000, Reward: -0.5711, Avg Response Len: 362.88, Learning Rate: 0.00000002
Epoch:[1/1](1959/2500), Actor Loss: 0.0005, Aux Loss: 0.0000, Reward: 0.1368, Avg Response Len: 327.69, Learning Rate: 0.00000002
Epoch:[1/1](1960/2500), Actor Loss: 0.0004, Aux Loss: 0.0000, Reward: 0.3318, Avg Response Len: 410.38, Learning Rate: 0.00000002
Epoch:[1/1](1961/2500), Actor Loss: 0.0008, Aux Loss: 0.0000, Reward: -0.5664, Avg Response Len: 255.25, Learning Rate: 0.00000002
Epoch:[1/1](1962/2500), Actor Loss: 0.0003, Aux Loss: 0.0000, Reward: 0.1840, Avg Response Len: 393.75, Learning Rate: 0.00000002
Epoch:[1/1](1963/2500), Actor Loss: 0.0029, Aux Loss: 0.0000, Reward: -1.4174, Avg Response Len: 401.31, Learning Rate: 0.00000002
Epoch:[1/1](1964/2500), Actor Loss: 0.0029, Aux Loss: 0.0000, Reward: -0.3482, Avg Response Len: 303.50, Learning Rate: 0.00000002
Epoch:[1/1](1965/2500), Actor Loss: 0.0006, Aux Loss: 0.0000, Reward: -0.4388, Avg Response Len: 207.12, Learning Rate: 0.00000002
Epoch:[1/1](1966/2500), Actor Loss: 0.0004, Aux Loss: 0.0000, Reward: -0.7865, Avg Response Len: 390.25, Learning Rate: 0.00000002
Epoch:[1/1](1967/2500), Actor Loss: 0.0009, Aux Loss: 0.0000, Reward: -0.6228, Avg Response Len: 406.44, Learning Rate: 0.00000002
Epoch:[1/1](1968/2500), Actor Loss: 0.0006, Aux Loss: 0.0000, Reward: 0.3811, Avg Response Len: 232.50, Learning Rate: 0.00000002
Epoch:[1/1](1969/2500), Actor Loss: 0.0005, Aux Loss: 0.0000, Reward: -0.5284, Avg Response Len: 524.00, Learning Rate: 0.00000002
Epoch:[1/1](1970/2500), Actor Loss: 0.0013, Aux Loss: 0.0000, Reward: 0.6858, Avg Response Len: 239.44, Learning Rate: 0.00000002
Epoch:[1/1](1971/2500), Actor Loss: 0.0004, Aux Loss: 0.0000, Reward: 0.8530, Avg Response Len: 470.00, Learning Rate: 0.00000002
Epoch:[1/1](1972/2500), Actor Loss: 0.0013, Aux Loss: 0.0000, Reward: 0.1068, Avg Response Len: 261.19, Learning Rate: 0.00000002
Epoch:[1/1](1973/2500), Actor Loss: 0.0003, Aux Loss: 0.0000, Reward: -0.1575, Avg Response Len: 371.62, Learning Rate: 0.00000002
Epoch:[1/1](1974/2500), Actor Loss: 0.0004, Aux Loss: 0.0000, Reward: -0.0960, Avg Response Len: 350.94, Learning Rate: 0.00000002
Epoch:[1/1](1975/2500), Actor Loss: 0.0036, Aux Loss: 0.0000, Reward: 0.0780, Avg Response Len: 322.00, Learning Rate: 0.00000002
Epoch:[1/1](1976/2500), Actor Loss: 0.0004, Aux Loss: 0.0000, Reward: 0.1390, Avg Response Len: 486.50, Learning Rate: 0.00000002
Epoch:[1/1](1977/2500), Actor Loss: 0.0004, Aux Loss: 0.0000, Reward: -0.4673, Avg Response Len: 525.25, Learning Rate: 0.00000002
Epoch:[1/1](1978/2500), Actor Loss: 0.0005, Aux Loss: 0.0000, Reward: -0.4835, Avg Response Len: 354.31, Learning Rate: 0.00000002
Epoch:[1/1](1979/2500), Actor Loss: 0.0005, Aux Loss: 0.0000, Reward: 0.0115, Avg Response Len: 382.88, Learning Rate: 0.00000002
Epoch:[1/1](1980/2500), Actor Loss: 0.0004, Aux Loss: 0.0000, Reward: 0.5158, Avg Response Len: 361.38, Learning Rate: 0.00000002
Epoch:[1/1](1981/2500), Actor Loss: 0.0008, Aux Loss: 0.0000, Reward: 0.5328, Avg Response Len: 360.44, Learning Rate: 0.00000002
Epoch:[1/1](1982/2500), Actor Loss: 0.0003, Aux Loss: 0.0000, Reward: -0.0766, Avg Response Len: 455.19, Learning Rate: 0.00000002
Epoch:[1/1](1983/2500), Actor Loss: 0.0014, Aux Loss: 0.0000, Reward: -0.6933, Avg Response Len: 164.69, Learning Rate: 0.00000002
Epoch:[1/1](1984/2500), Actor Loss: 0.0004, Aux Loss: 0.0000, Reward: -0.5799, Avg Response Len: 281.00, Learning Rate: 0.00000002
Epoch:[1/1](1985/2500), Actor Loss: 0.0004, Aux Loss: 0.0000, Reward: 0.5954, Avg Response Len: 440.88, Learning Rate: 0.00000002
Epoch:[1/1](1986/2500), Actor Loss: 0.0004, Aux Loss: 0.0000, Reward: -0.2645, Avg Response Len: 427.31, Learning Rate: 0.00000002
Epoch:[1/1](1987/2500), Actor Loss: 0.0006, Aux Loss: 0.0000, Reward: 0.9746, Avg Response Len: 316.31, Learning Rate: 0.00000002
Epoch:[1/1](1988/2500), Actor Loss: 0.0006, Aux Loss: 0.0000, Reward: -1.1181, Avg Response Len: 231.50, Learning Rate: 0.00000002
Epoch:[1/1](1989/2500), Actor Loss: 0.0005, Aux Loss: 0.0000, Reward: -0.3314, Avg Response Len: 283.00, Learning Rate: 0.00000002
Epoch:[1/1](1990/2500), Actor Loss: 0.0011, Aux Loss: 0.0000, Reward: -0.1230, Avg Response Len: 205.00, Learning Rate: 0.00000002
Epoch:[1/1](1991/2500), Actor Loss: 0.0017, Aux Loss: 0.0000, Reward: -0.2317, Avg Response Len: 284.38, Learning Rate: 0.00000002
Epoch:[1/1](1992/2500), Actor Loss: 0.0011, Aux Loss: 0.0000, Reward: 0.0085, Avg Response Len: 123.69, Learning Rate: 0.00000002
Epoch:[1/1](1993/2500), Actor Loss: 0.0020, Aux Loss: 0.0000, Reward: -0.1336, Avg Response Len: 384.62, Learning Rate: 0.00000002
Epoch:[1/1](1994/2500), Actor Loss: 0.0003, Aux Loss: 0.0000, Reward: 1.4622, Avg Response Len: 507.38, Learning Rate: 0.00000002
Epoch:[1/1](1995/2500), Actor Loss: 0.0006, Aux Loss: 0.0000, Reward: 0.0479, Avg Response Len: 305.00, Learning Rate: 0.00000002
Epoch:[1/1](1996/2500), Actor Loss: 0.0006, Aux Loss: 0.0000, Reward: -1.0820, Avg Response Len: 263.50, Learning Rate: 0.00000002
Epoch:[1/1](1997/2500), Actor Loss: 0.0004, Aux Loss: 0.0000, Reward: 0.7553, Avg Response Len: 381.81, Learning Rate: 0.00000002
Epoch:[1/1](1998/2500), Actor Loss: 0.0003, Aux Loss: 0.0000, Reward: -0.7001, Avg Response Len: 462.44, Learning Rate: 0.00000002
Epoch:[1/1](1999/2500), Actor Loss: 0.0008, Aux Loss: 0.0000, Reward: -0.8139, Avg Response Len: 300.75, Learning Rate: 0.00000002
Epoch:[1/1](2000/2500), Actor Loss: 0.0015, Aux Loss: 0.0000, Reward: -1.5006, Avg Response Len: 245.38, Learning Rate: 0.00000001
Epoch:[1/1](2001/2500), Actor Loss: 0.0007, Aux Loss: 0.0000, Reward: -0.9809, Avg Response Len: 268.88, Learning Rate: 0.00000001
Epoch:[1/1](2002/2500), Actor Loss: 0.0003, Aux Loss: 0.0000, Reward: -0.0899, Avg Response Len: 412.00, Learning Rate: 0.00000001
Epoch:[1/1](2003/2500), Actor Loss: 0.0005, Aux Loss: 0.0000, Reward: 0.6166, Avg Response Len: 282.69, Learning Rate: 0.00000001
Epoch:[1/1](2004/2500), Actor Loss: 0.0004, Aux Loss: 0.0000, Reward: 0.5706, Avg Response Len: 443.50, Learning Rate: 0.00000001
Epoch:[1/1](2005/2500), Actor Loss: 0.0004, Aux Loss: 0.0000, Reward: -0.2814, Avg Response Len: 398.94, Learning Rate: 0.00000001
Epoch:[1/1](2006/2500), Actor Loss: 0.0004, Aux Loss: 0.0000, Reward: -0.3591, Avg Response Len: 381.00, Learning Rate: 0.00000001
Epoch:[1/1](2007/2500), Actor Loss: 0.0007, Aux Loss: 0.0000, Reward: -0.2656, Avg Response Len: 323.56, Learning Rate: 0.00000001
Epoch:[1/1](2008/2500), Actor Loss: 0.0055, Aux Loss: 0.0000, Reward: -0.6357, Avg Response Len: 236.25, Learning Rate: 0.00000001
Epoch:[1/1](2009/2500), Actor Loss: 0.0007, Aux Loss: 0.0000, Reward: 0.6404, Avg Response Len: 209.62, Learning Rate: 0.00000001
Epoch:[1/1](2010/2500), Actor Loss: 0.0006, Aux Loss: 0.0000, Reward: -0.2248, Avg Response Len: 311.94, Learning Rate: 0.00000001
Epoch:[1/1](2011/2500), Actor Loss: 0.0005, Aux Loss: 0.0000, Reward: -0.1697, Avg Response Len: 343.62, Learning Rate: 0.00000001
Epoch:[1/1](2012/2500), Actor Loss: 0.0007, Aux Loss: 0.0000, Reward: -0.8544, Avg Response Len: 362.69, Learning Rate: 0.00000001
Epoch:[1/1](2013/2500), Actor Loss: 0.0004, Aux Loss: 0.0000, Reward: 0.0714, Avg Response Len: 300.50, Learning Rate: 0.00000001
Epoch:[1/1](2014/2500), Actor Loss: 0.0005, Aux Loss: 0.0000, Reward: -0.2420, Avg Response Len: 343.94, Learning Rate: 0.00000001
Epoch:[1/1](2015/2500), Actor Loss: 0.0008, Aux Loss: 0.0000, Reward: -0.4204, Avg Response Len: 272.44, Learning Rate: 0.00000001
Epoch:[1/1](2016/2500), Actor Loss: 0.0006, Aux Loss: 0.0000, Reward: 0.1515, Avg Response Len: 361.81, Learning Rate: 0.00000001
Epoch:[1/1](2017/2500), Actor Loss: 0.0005, Aux Loss: 0.0000, Reward: 0.0277, Avg Response Len: 396.56, Learning Rate: 0.00000001
Epoch:[1/1](2018/2500), Actor Loss: 0.0080, Aux Loss: 0.0000, Reward: -0.1633, Avg Response Len: 278.00, Learning Rate: 0.00000001
Epoch:[1/1](2019/2500), Actor Loss: 0.0006, Aux Loss: 0.0000, Reward: 0.6437, Avg Response Len: 375.19, Learning Rate: 0.00000001
Epoch:[1/1](2020/2500), Actor Loss: 0.0006, Aux Loss: 0.0000, Reward: -0.5184, Avg Response Len: 365.44, Learning Rate: 0.00000001
Epoch:[1/1](2021/2500), Actor Loss: 0.0003, Aux Loss: 0.0000, Reward: -0.6521, Avg Response Len: 376.25, Learning Rate: 0.00000001
Epoch:[1/1](2022/2500), Actor Loss: 0.0003, Aux Loss: 0.0000, Reward: 0.4359, Avg Response Len: 480.94, Learning Rate: 0.00000001
Epoch:[1/1](2023/2500), Actor Loss: 0.0014, Aux Loss: 0.0000, Reward: 0.0961, Avg Response Len: 226.62, Learning Rate: 0.00000001
Epoch:[1/1](2024/2500), Actor Loss: 0.0004, Aux Loss: 0.0000, Reward: -0.3876, Avg Response Len: 412.88, Learning Rate: 0.00000001
Epoch:[1/1](2025/2500), Actor Loss: 0.0007, Aux Loss: 0.0000, Reward: -1.1254, Avg Response Len: 326.88, Learning Rate: 0.00000001
Epoch:[1/1](2026/2500), Actor Loss: 0.0012, Aux Loss: 0.0000, Reward: 0.2721, Avg Response Len: 210.00, Learning Rate: 0.00000001
Epoch:[1/1](2027/2500), Actor Loss: 0.0003, Aux Loss: 0.0000, Reward: 0.6374, Avg Response Len: 360.12, Learning Rate: 0.00000001
Epoch:[1/1](2028/2500), Actor Loss: 0.0009, Aux Loss: 0.0000, Reward: 0.6069, Avg Response Len: 274.69, Learning Rate: 0.00000001
Epoch:[1/1](2029/2500), Actor Loss: 0.0003, Aux Loss: 0.0000, Reward: 0.4170, Avg Response Len: 467.31, Learning Rate: 0.00000001
Epoch:[1/1](2030/2500), Actor Loss: 0.0003, Aux Loss: 0.0000, Reward: 0.7150, Avg Response Len: 495.81, Learning Rate: 0.00000001
Epoch:[1/1](2031/2500), Actor Loss: 0.0003, Aux Loss: 0.0000, Reward: 1.2478, Avg Response Len: 390.31, Learning Rate: 0.00000001
Epoch:[1/1](2032/2500), Actor Loss: 0.0007, Aux Loss: 0.0000, Reward: 0.1164, Avg Response Len: 336.94, Learning Rate: 0.00000001
Epoch:[1/1](2033/2500), Actor Loss: 0.0028, Aux Loss: 0.0000, Reward: 0.3099, Avg Response Len: 329.62, Learning Rate: 0.00000001
Epoch:[1/1](2034/2500), Actor Loss: 0.0005, Aux Loss: 0.0000, Reward: -0.4581, Avg Response Len: 544.88, Learning Rate: 0.00000001
Epoch:[1/1](2035/2500), Actor Loss: 0.0033, Aux Loss: 0.0000, Reward: -1.1466, Avg Response Len: 190.19, Learning Rate: 0.00000001
Epoch:[1/1](2036/2500), Actor Loss: 0.0005, Aux Loss: 0.0000, Reward: 0.6372, Avg Response Len: 277.94, Learning Rate: 0.00000001
Epoch:[1/1](2037/2500), Actor Loss: 0.0005, Aux Loss: 0.0000, Reward: -0.3746, Avg Response Len: 249.88, Learning Rate: 0.00000001
Epoch:[1/1](2038/2500), Actor Loss: 0.0009, Aux Loss: 0.0000, Reward: -0.5829, Avg Response Len: 55.88, Learning Rate: 0.00000001
Epoch:[1/1](2039/2500), Actor Loss: 0.0010, Aux Loss: 0.0000, Reward: -0.4728, Avg Response Len: 133.62, Learning Rate: 0.00000001
Epoch:[1/1](2040/2500), Actor Loss: 0.0006, Aux Loss: 0.0000, Reward: -0.6093, Avg Response Len: 208.81, Learning Rate: 0.00000001
Epoch:[1/1](2041/2500), Actor Loss: 0.0004, Aux Loss: 0.0000, Reward: -0.3346, Avg Response Len: 340.00, Learning Rate: 0.00000001
Epoch:[1/1](2042/2500), Actor Loss: 0.0003, Aux Loss: 0.0000, Reward: 1.6886, Avg Response Len: 408.44, Learning Rate: 0.00000001
Epoch:[1/1](2043/2500), Actor Loss: 0.0008, Aux Loss: 0.0000, Reward: 0.3628, Avg Response Len: 339.81, Learning Rate: 0.00000001
Epoch:[1/1](2044/2500), Actor Loss: 0.0003, Aux Loss: 0.0000, Reward: -0.4462, Avg Response Len: 534.19, Learning Rate: 0.00000001
Epoch:[1/1](2045/2500), Actor Loss: 0.0006, Aux Loss: 0.0000, Reward: -0.3800, Avg Response Len: 347.81, Learning Rate: 0.00000001
Epoch:[1/1](2046/2500), Actor Loss: 0.0003, Aux Loss: 0.0000, Reward: 0.7235, Avg Response Len: 435.44, Learning Rate: 0.00000001
Epoch:[1/1](2047/2500), Actor Loss: 0.0010, Aux Loss: 0.0000, Reward: 0.6255, Avg Response Len: 288.31, Learning Rate: 0.00000001
Epoch:[1/1](2048/2500), Actor Loss: 0.0004, Aux Loss: 0.0000, Reward: -0.2077, Avg Response Len: 391.62, Learning Rate: 0.00000001
Epoch:[1/1](2049/2500), Actor Loss: 0.0007, Aux Loss: 0.0000, Reward: 0.1679, Avg Response Len: 358.44, Learning Rate: 0.00000001
Epoch:[1/1](2050/2500), Actor Loss: 0.0004, Aux Loss: 0.0000, Reward: -0.6037, Avg Response Len: 536.06, Learning Rate: 0.00000001
Epoch:[1/1](2051/2500), Actor Loss: 0.0007, Aux Loss: 0.0000, Reward: 0.5653, Avg Response Len: 325.31, Learning Rate: 0.00000001
Epoch:[1/1](2052/2500), Actor Loss: 0.0030, Aux Loss: 0.0000, Reward: -0.0077, Avg Response Len: 303.38, Learning Rate: 0.00000001
Epoch:[1/1](2053/2500), Actor Loss: 0.0011, Aux Loss: 0.0000, Reward: -0.2836, Avg Response Len: 274.81, Learning Rate: 0.00000001
Epoch:[1/1](2054/2500), Actor Loss: 0.0004, Aux Loss: 0.0000, Reward: -0.7796, Avg Response Len: 347.56, Learning Rate: 0.00000001
Epoch:[1/1](2055/2500), Actor Loss: 0.0011, Aux Loss: 0.0000, Reward: 0.5052, Avg Response Len: 249.81, Learning Rate: 0.00000001
Epoch:[1/1](2056/2500), Actor Loss: 0.0026, Aux Loss: 0.0000, Reward: 0.7826, Avg Response Len: 344.19, Learning Rate: 0.00000001
Epoch:[1/1](2057/2500), Actor Loss: 0.0005, Aux Loss: 0.0000, Reward: -0.2164, Avg Response Len: 313.44, Learning Rate: 0.00000001
Epoch:[1/1](2058/2500), Actor Loss: 0.0008, Aux Loss: 0.0000, Reward: -0.2815, Avg Response Len: 285.31, Learning Rate: 0.00000001
Epoch:[1/1](2059/2500), Actor Loss: 0.0006, Aux Loss: 0.0000, Reward: -0.1920, Avg Response Len: 312.38, Learning Rate: 0.00000001
Epoch:[1/1](2060/2500), Actor Loss: 0.0010, Aux Loss: 0.0000, Reward: -0.7978, Avg Response Len: 200.38, Learning Rate: 0.00000001
Epoch:[1/1](2061/2500), Actor Loss: 0.0004, Aux Loss: 0.0000, Reward: 0.5707, Avg Response Len: 358.56, Learning Rate: 0.00000001
Epoch:[1/1](2062/2500), Actor Loss: 0.0008, Aux Loss: 0.0000, Reward: 0.4765, Avg Response Len: 402.75, Learning Rate: 0.00000001
Epoch:[1/1](2063/2500), Actor Loss: 0.0005, Aux Loss: 0.0000, Reward: 0.0361, Avg Response Len: 442.88, Learning Rate: 0.00000001
Epoch:[1/1](2064/2500), Actor Loss: 0.0004, Aux Loss: 0.0000, Reward: 0.7333, Avg Response Len: 529.56, Learning Rate: 0.00000001
Epoch:[1/1](2065/2500), Actor Loss: 0.0008, Aux Loss: 0.0000, Reward: 1.0577, Avg Response Len: 244.06, Learning Rate: 0.00000001
Epoch:[1/1](2066/2500), Actor Loss: 0.0003, Aux Loss: 0.0000, Reward: -0.1735, Avg Response Len: 534.19, Learning Rate: 0.00000001
Epoch:[1/1](2067/2500), Actor Loss: 0.0011, Aux Loss: 0.0000, Reward: 0.7205, Avg Response Len: 314.69, Learning Rate: 0.00000001
Epoch:[1/1](2068/2500), Actor Loss: 0.0003, Aux Loss: 0.0000, Reward: -0.4328, Avg Response Len: 412.56, Learning Rate: 0.00000001
Epoch:[1/1](2069/2500), Actor Loss: 0.0030, Aux Loss: 0.0000, Reward: 0.0034, Avg Response Len: 184.31, Learning Rate: 0.00000001
Epoch:[1/1](2070/2500), Actor Loss: 0.0005, Aux Loss: 0.0000, Reward: 0.9873, Avg Response Len: 367.06, Learning Rate: 0.00000001
Epoch:[1/1](2071/2500), Actor Loss: 0.0004, Aux Loss: 0.0000, Reward: 0.0707, Avg Response Len: 403.06, Learning Rate: 0.00000001
Epoch:[1/1](2072/2500), Actor Loss: 0.0007, Aux Loss: 0.0000, Reward: 1.2352, Avg Response Len: 289.50, Learning Rate: 0.00000001
Epoch:[1/1](2073/2500), Actor Loss: 0.0010, Aux Loss: 0.0000, Reward: -0.3753, Avg Response Len: 329.00, Learning Rate: 0.00000001
Epoch:[1/1](2074/2500), Actor Loss: 0.0006, Aux Loss: 0.0000, Reward: -0.4020, Avg Response Len: 213.00, Learning Rate: 0.00000001
Epoch:[1/1](2075/2500), Actor Loss: 0.0004, Aux Loss: 0.0000, Reward: 0.1989, Avg Response Len: 378.25, Learning Rate: 0.00000001
Epoch:[1/1](2076/2500), Actor Loss: 0.0004, Aux Loss: 0.0000, Reward: 0.1386, Avg Response Len: 457.56, Learning Rate: 0.00000001
Epoch:[1/1](2077/2500), Actor Loss: 0.0004, Aux Loss: 0.0000, Reward: 0.7851, Avg Response Len: 314.19, Learning Rate: 0.00000001
Epoch:[1/1](2078/2500), Actor Loss: 0.0004, Aux Loss: 0.0000, Reward: 0.0095, Avg Response Len: 459.44, Learning Rate: 0.00000001
Epoch:[1/1](2079/2500), Actor Loss: 0.0003, Aux Loss: 0.0000, Reward: 0.3307, Avg Response Len: 482.81, Learning Rate: 0.00000001
Epoch:[1/1](2080/2500), Actor Loss: 0.0006, Aux Loss: 0.0000, Reward: -1.0916, Avg Response Len: 242.56, Learning Rate: 0.00000001
Epoch:[1/1](2081/2500), Actor Loss: 0.0002, Aux Loss: 0.0000, Reward: -0.4875, Avg Response Len: 418.75, Learning Rate: 0.00000001
Epoch:[1/1](2082/2500), Actor Loss: 0.0004, Aux Loss: 0.0000, Reward: 0.0428, Avg Response Len: 407.31, Learning Rate: 0.00000001
Epoch:[1/1](2083/2500), Actor Loss: 0.0010, Aux Loss: 0.0000, Reward: -0.4136, Avg Response Len: 323.56, Learning Rate: 0.00000001
Epoch:[1/1](2084/2500), Actor Loss: 0.0011, Aux Loss: 0.0000, Reward: -0.0284, Avg Response Len: 347.25, Learning Rate: 0.00000001
Epoch:[1/1](2085/2500), Actor Loss: 0.0004, Aux Loss: 0.0000, Reward: 0.7932, Avg Response Len: 454.88, Learning Rate: 0.00000001
Epoch:[1/1](2086/2500), Actor Loss: 0.0007, Aux Loss: 0.0000, Reward: -0.4750, Avg Response Len: 126.56, Learning Rate: 0.00000001
Epoch:[1/1](2087/2500), Actor Loss: 0.0005, Aux Loss: 0.0000, Reward: -0.6223, Avg Response Len: 235.06, Learning Rate: 0.00000001
Epoch:[1/1](2088/2500), Actor Loss: 0.0005, Aux Loss: 0.0000, Reward: -0.1047, Avg Response Len: 311.44, Learning Rate: 0.00000001
Epoch:[1/1](2089/2500), Actor Loss: 0.0007, Aux Loss: 0.0000, Reward: 0.5089, Avg Response Len: 272.25, Learning Rate: 0.00000001
Epoch:[1/1](2090/2500), Actor Loss: 0.0004, Aux Loss: 0.0000, Reward: -0.0182, Avg Response Len: 189.56, Learning Rate: 0.00000001
Epoch:[1/1](2091/2500), Actor Loss: 0.0003, Aux Loss: 0.0000, Reward: -1.4277, Avg Response Len: 422.88, Learning Rate: 0.00000001
Epoch:[1/1](2092/2500), Actor Loss: 0.0010, Aux Loss: 0.0000, Reward: 0.8366, Avg Response Len: 129.19, Learning Rate: 0.00000001
Epoch:[1/1](2093/2500), Actor Loss: 0.0004, Aux Loss: 0.0000, Reward: -0.2445, Avg Response Len: 390.12, Learning Rate: 0.00000001
Epoch:[1/1](2094/2500), Actor Loss: 0.0007, Aux Loss: 0.0000, Reward: 0.2728, Avg Response Len: 275.31, Learning Rate: 0.00000001
Epoch:[1/1](2095/2500), Actor Loss: 0.0004, Aux Loss: 0.0000, Reward: 1.0314, Avg Response Len: 438.94, Learning Rate: 0.00000001
Epoch:[1/1](2096/2500), Actor Loss: 0.0005, Aux Loss: 0.0000, Reward: -0.3334, Avg Response Len: 412.81, Learning Rate: 0.00000001
Epoch:[1/1](2097/2500), Actor Loss: 0.0006, Aux Loss: 0.0000, Reward: -0.5319, Avg Response Len: 316.25, Learning Rate: 0.00000001
Epoch:[1/1](2098/2500), Actor Loss: 0.0006, Aux Loss: 0.0000, Reward: -1.2157, Avg Response Len: 483.50, Learning Rate: 0.00000001
Epoch:[1/1](2099/2500), Actor Loss: 0.0006, Aux Loss: 0.0000, Reward: -0.0482, Avg Response Len: 456.81, Learning Rate: 0.00000001
Epoch:[1/1](2100/2500), Actor Loss: 0.0010, Aux Loss: 0.0000, Reward: -0.6864, Avg Response Len: 435.19, Learning Rate: 0.00000001
Epoch:[1/1](2101/2500), Actor Loss: 0.0004, Aux Loss: 0.0000, Reward: -0.1704, Avg Response Len: 391.06, Learning Rate: 0.00000001
Epoch:[1/1](2102/2500), Actor Loss: 0.0008, Aux Loss: 0.0000, Reward: 0.0642, Avg Response Len: 212.25, Learning Rate: 0.00000001
Epoch:[1/1](2103/2500), Actor Loss: 0.0015, Aux Loss: 0.0000, Reward: 0.2750, Avg Response Len: 252.38, Learning Rate: 0.00000001
Epoch:[1/1](2104/2500), Actor Loss: 0.0004, Aux Loss: 0.0000, Reward: 0.2809, Avg Response Len: 526.94, Learning Rate: 0.00000001
Epoch:[1/1](2105/2500), Actor Loss: 0.0006, Aux Loss: 0.0000, Reward: -0.2685, Avg Response Len: 314.94, Learning Rate: 0.00000001
Epoch:[1/1](2106/2500), Actor Loss: 0.0005, Aux Loss: 0.0000, Reward: 0.7427, Avg Response Len: 313.75, Learning Rate: 0.00000001
Epoch:[1/1](2107/2500), Actor Loss: 0.0004, Aux Loss: 0.0000, Reward: 0.0074, Avg Response Len: 438.31, Learning Rate: 0.00000001
Epoch:[1/1](2108/2500), Actor Loss: 0.0010, Aux Loss: 0.0000, Reward: -0.5504, Avg Response Len: 224.69, Learning Rate: 0.00000001
Epoch:[1/1](2109/2500), Actor Loss: 0.0004, Aux Loss: 0.0000, Reward: -0.0166, Avg Response Len: 476.06, Learning Rate: 0.00000001
Epoch:[1/1](2110/2500), Actor Loss: 0.0005, Aux Loss: 0.0000, Reward: 0.0323, Avg Response Len: 424.06, Learning Rate: 0.00000001
Epoch:[1/1](2111/2500), Actor Loss: 0.0004, Aux Loss: 0.0000, Reward: -1.4975, Avg Response Len: 480.75, Learning Rate: 0.00000001
Epoch:[1/1](2112/2500), Actor Loss: 0.0004, Aux Loss: 0.0000, Reward: -0.4886, Avg Response Len: 335.44, Learning Rate: 0.00000001
Epoch:[1/1](2113/2500), Actor Loss: 0.0007, Aux Loss: 0.0000, Reward: 0.1425, Avg Response Len: 251.25, Learning Rate: 0.00000001
Epoch:[1/1](2114/2500), Actor Loss: 0.0006, Aux Loss: 0.0000, Reward: 0.3284, Avg Response Len: 367.94, Learning Rate: 0.00000001
Epoch:[1/1](2115/2500), Actor Loss: 0.0003, Aux Loss: 0.0000, Reward: 0.6747, Avg Response Len: 439.31, Learning Rate: 0.00000001
Epoch:[1/1](2116/2500), Actor Loss: 0.0003, Aux Loss: 0.0000, Reward: 0.2776, Avg Response Len: 313.56, Learning Rate: 0.00000001
Epoch:[1/1](2117/2500), Actor Loss: 0.0007, Aux Loss: 0.0000, Reward: 0.0748, Avg Response Len: 185.00, Learning Rate: 0.00000001
Epoch:[1/1](2118/2500), Actor Loss: 0.0003, Aux Loss: 0.0000, Reward: -0.6961, Avg Response Len: 453.06, Learning Rate: 0.00000001
Epoch:[1/1](2119/2500), Actor Loss: 0.0003, Aux Loss: 0.0000, Reward: 0.4757, Avg Response Len: 428.06, Learning Rate: 0.00000001
Epoch:[1/1](2120/2500), Actor Loss: 0.0005, Aux Loss: 0.0000, Reward: 0.2608, Avg Response Len: 402.69, Learning Rate: 0.00000001
Epoch:[1/1](2121/2500), Actor Loss: 0.0005, Aux Loss: 0.0000, Reward: -0.0364, Avg Response Len: 257.25, Learning Rate: 0.00000001
Epoch:[1/1](2122/2500), Actor Loss: 0.0004, Aux Loss: 0.0000, Reward: 0.5942, Avg Response Len: 272.25, Learning Rate: 0.00000001
Epoch:[1/1](2123/2500), Actor Loss: 0.0004, Aux Loss: 0.0000, Reward: 0.6803, Avg Response Len: 389.81, Learning Rate: 0.00000001
Epoch:[1/1](2124/2500), Actor Loss: 0.0005, Aux Loss: 0.0000, Reward: 0.3783, Avg Response Len: 428.88, Learning Rate: 0.00000001
Epoch:[1/1](2125/2500), Actor Loss: 0.0003, Aux Loss: 0.0000, Reward: 0.0779, Avg Response Len: 431.94, Learning Rate: 0.00000001
Epoch:[1/1](2126/2500), Actor Loss: 0.0006, Aux Loss: 0.0000, Reward: -0.1889, Avg Response Len: 151.88, Learning Rate: 0.00000001
Epoch:[1/1](2127/2500), Actor Loss: 0.0004, Aux Loss: 0.0000, Reward: 0.5483, Avg Response Len: 423.12, Learning Rate: 0.00000001
Epoch:[1/1](2128/2500), Actor Loss: 0.0003, Aux Loss: 0.0000, Reward: -0.2883, Avg Response Len: 505.31, Learning Rate: 0.00000001
Epoch:[1/1](2129/2500), Actor Loss: 0.0003, Aux Loss: 0.0000, Reward: -0.3328, Avg Response Len: 431.12, Learning Rate: 0.00000001
Epoch:[1/1](2130/2500), Actor Loss: 0.0004, Aux Loss: 0.0000, Reward: 0.2654, Avg Response Len: 379.81, Learning Rate: 0.00000001
Epoch:[1/1](2131/2500), Actor Loss: 0.0006, Aux Loss: 0.0000, Reward: 0.2902, Avg Response Len: 281.94, Learning Rate: 0.00000001
Epoch:[1/1](2132/2500), Actor Loss: 0.0003, Aux Loss: 0.0000, Reward: 0.2435, Avg Response Len: 454.88, Learning Rate: 0.00000001
Epoch:[1/1](2133/2500), Actor Loss: 0.0006, Aux Loss: 0.0000, Reward: -0.9825, Avg Response Len: 206.88, Learning Rate: 0.00000001
Epoch:[1/1](2134/2500), Actor Loss: 0.0006, Aux Loss: 0.0000, Reward: -0.7064, Avg Response Len: 415.94, Learning Rate: 0.00000001
Epoch:[1/1](2135/2500), Actor Loss: 0.0004, Aux Loss: 0.0000, Reward: -0.3191, Avg Response Len: 416.88, Learning Rate: 0.00000001
Epoch:[1/1](2136/2500), Actor Loss: 0.0003, Aux Loss: 0.0000, Reward: -0.2146, Avg Response Len: 423.06, Learning Rate: 0.00000001
Epoch:[1/1](2137/2500), Actor Loss: 0.0003, Aux Loss: 0.0000, Reward: -1.8225, Avg Response Len: 628.81, Learning Rate: 0.00000001
Epoch:[1/1](2138/2500), Actor Loss: 0.0011, Aux Loss: 0.0000, Reward: -1.0719, Avg Response Len: 256.44, Learning Rate: 0.00000001
Epoch:[1/1](2139/2500), Actor Loss: 0.0005, Aux Loss: 0.0000, Reward: 0.0284, Avg Response Len: 328.00, Learning Rate: 0.00000001
Epoch:[1/1](2140/2500), Actor Loss: 0.0004, Aux Loss: 0.0000, Reward: -0.2960, Avg Response Len: 425.31, Learning Rate: 0.00000001
Epoch:[1/1](2141/2500), Actor Loss: 0.0005, Aux Loss: 0.0000, Reward: -0.6126, Avg Response Len: 406.00, Learning Rate: 0.00000001
Epoch:[1/1](2142/2500), Actor Loss: 0.0010, Aux Loss: 0.0000, Reward: -0.7710, Avg Response Len: 275.44, Learning Rate: 0.00000001
Epoch:[1/1](2143/2500), Actor Loss: 0.0006, Aux Loss: 0.0000, Reward: 0.6151, Avg Response Len: 249.75, Learning Rate: 0.00000001
Epoch:[1/1](2144/2500), Actor Loss: 0.0005, Aux Loss: 0.0000, Reward: -0.0610, Avg Response Len: 504.12, Learning Rate: 0.00000001
Epoch:[1/1](2145/2500), Actor Loss: 0.0012, Aux Loss: 0.0000, Reward: 0.4657, Avg Response Len: 385.38, Learning Rate: 0.00000001
Epoch:[1/1](2146/2500), Actor Loss: 0.0009, Aux Loss: 0.0000, Reward: 1.0712, Avg Response Len: 305.06, Learning Rate: 0.00000001
Epoch:[1/1](2147/2500), Actor Loss: 0.0007, Aux Loss: 0.0000, Reward: 0.3109, Avg Response Len: 194.31, Learning Rate: 0.00000001
Epoch:[1/1](2148/2500), Actor Loss: 0.0023, Aux Loss: 0.0000, Reward: -0.3178, Avg Response Len: 360.19, Learning Rate: 0.00000001
Epoch:[1/1](2149/2500), Actor Loss: 0.0004, Aux Loss: 0.0000, Reward: -0.0538, Avg Response Len: 399.50, Learning Rate: 0.00000001
Epoch:[1/1](2150/2500), Actor Loss: 0.0007, Aux Loss: 0.0000, Reward: 0.1697, Avg Response Len: 302.19, Learning Rate: 0.00000001
Epoch:[1/1](2151/2500), Actor Loss: 0.0014, Aux Loss: 0.0000, Reward: -0.2311, Avg Response Len: 205.38, Learning Rate: 0.00000001
Epoch:[1/1](2152/2500), Actor Loss: 0.0004, Aux Loss: 0.0000, Reward: -0.2650, Avg Response Len: 310.81, Learning Rate: 0.00000001
Epoch:[1/1](2153/2500), Actor Loss: 0.0006, Aux Loss: 0.0000, Reward: -0.7451, Avg Response Len: 374.25, Learning Rate: 0.00000001
Epoch:[1/1](2154/2500), Actor Loss: 0.0005, Aux Loss: 0.0000, Reward: -0.5250, Avg Response Len: 342.94, Learning Rate: 0.00000001
Epoch:[1/1](2155/2500), Actor Loss: 0.0004, Aux Loss: 0.0000, Reward: 0.0707, Avg Response Len: 184.12, Learning Rate: 0.00000001
Epoch:[1/1](2156/2500), Actor Loss: 0.0005, Aux Loss: 0.0000, Reward: -0.2529, Avg Response Len: 386.06, Learning Rate: 0.00000001
Epoch:[1/1](2157/2500), Actor Loss: 0.0009, Aux Loss: 0.0000, Reward: -1.4081, Avg Response Len: 265.88, Learning Rate: 0.00000001
Epoch:[1/1](2158/2500), Actor Loss: 0.0008, Aux Loss: 0.0000, Reward: 0.4922, Avg Response Len: 281.31, Learning Rate: 0.00000001
Epoch:[1/1](2159/2500), Actor Loss: 0.0003, Aux Loss: 0.0000, Reward: 0.0610, Avg Response Len: 427.94, Learning Rate: 0.00000001
Epoch:[1/1](2160/2500), Actor Loss: 0.0005, Aux Loss: 0.0000, Reward: 0.7396, Avg Response Len: 431.81, Learning Rate: 0.00000001
Epoch:[1/1](2161/2500), Actor Loss: 0.0004, Aux Loss: 0.0000, Reward: -0.5847, Avg Response Len: 389.75, Learning Rate: 0.00000001
Epoch:[1/1](2162/2500), Actor Loss: 0.0022, Aux Loss: 0.0000, Reward: 0.9317, Avg Response Len: 318.69, Learning Rate: 0.00000001
Epoch:[1/1](2163/2500), Actor Loss: 0.0004, Aux Loss: 0.0000, Reward: 0.8237, Avg Response Len: 440.94, Learning Rate: 0.00000001
Epoch:[1/1](2164/2500), Actor Loss: 0.0004, Aux Loss: 0.0000, Reward: -0.2188, Avg Response Len: 389.88, Learning Rate: 0.00000001
Epoch:[1/1](2165/2500), Actor Loss: 0.0012, Aux Loss: 0.0000, Reward: -0.0806, Avg Response Len: 166.75, Learning Rate: 0.00000001
Epoch:[1/1](2166/2500), Actor Loss: 0.0026, Aux Loss: 0.0000, Reward: -0.0335, Avg Response Len: 430.06, Learning Rate: 0.00000001
Epoch:[1/1](2167/2500), Actor Loss: 0.0002, Aux Loss: 0.0000, Reward: 0.9145, Avg Response Len: 510.88, Learning Rate: 0.00000001
Epoch:[1/1](2168/2500), Actor Loss: 0.0039, Aux Loss: 0.0000, Reward: -0.6829, Avg Response Len: 115.06, Learning Rate: 0.00000001
Epoch:[1/1](2169/2500), Actor Loss: 0.0005, Aux Loss: 0.0000, Reward: 0.3038, Avg Response Len: 147.88, Learning Rate: 0.00000001
Epoch:[1/1](2170/2500), Actor Loss: 0.0005, Aux Loss: 0.0000, Reward: 0.9366, Avg Response Len: 373.81, Learning Rate: 0.00000001
Epoch:[1/1](2171/2500), Actor Loss: 0.0013, Aux Loss: 0.0000, Reward: -0.7655, Avg Response Len: 262.81, Learning Rate: 0.00000001
Epoch:[1/1](2172/2500), Actor Loss: 0.0004, Aux Loss: 0.0000, Reward: 0.0744, Avg Response Len: 504.50, Learning Rate: 0.00000001
Epoch:[1/1](2173/2500), Actor Loss: 0.0003, Aux Loss: 0.0000, Reward: 0.4276, Avg Response Len: 349.12, Learning Rate: 0.00000001
Epoch:[1/1](2174/2500), Actor Loss: 0.0006, Aux Loss: 0.0000, Reward: -0.9529, Avg Response Len: 321.56, Learning Rate: 0.00000001
Epoch:[1/1](2175/2500), Actor Loss: 0.0005, Aux Loss: 0.0000, Reward: -0.0717, Avg Response Len: 583.06, Learning Rate: 0.00000001
Epoch:[1/1](2176/2500), Actor Loss: 0.0009, Aux Loss: 0.0000, Reward: 0.3566, Avg Response Len: 175.88, Learning Rate: 0.00000001
Epoch:[1/1](2177/2500), Actor Loss: 0.0003, Aux Loss: 0.0000, Reward: 0.4501, Avg Response Len: 471.44, Learning Rate: 0.00000001
Epoch:[1/1](2178/2500), Actor Loss: 0.0005, Aux Loss: 0.0000, Reward: -0.3220, Avg Response Len: 384.25, Learning Rate: 0.00000001
Epoch:[1/1](2179/2500), Actor Loss: 0.0007, Aux Loss: 0.0000, Reward: 0.0260, Avg Response Len: 267.38, Learning Rate: 0.00000001
Epoch:[1/1](2180/2500), Actor Loss: 0.0006, Aux Loss: 0.0000, Reward: 0.0621, Avg Response Len: 409.88, Learning Rate: 0.00000001
Epoch:[1/1](2181/2500), Actor Loss: 0.0056, Aux Loss: 0.0000, Reward: -0.3622, Avg Response Len: 213.00, Learning Rate: 0.00000001
Epoch:[1/1](2182/2500), Actor Loss: 0.0004, Aux Loss: 0.0000, Reward: -0.0794, Avg Response Len: 398.12, Learning Rate: 0.00000001
Epoch:[1/1](2183/2500), Actor Loss: 0.0004, Aux Loss: 0.0000, Reward: -0.0141, Avg Response Len: 389.88, Learning Rate: 0.00000001
Epoch:[1/1](2184/2500), Actor Loss: 0.0005, Aux Loss: 0.0000, Reward: -0.1307, Avg Response Len: 370.56, Learning Rate: 0.00000001
Epoch:[1/1](2185/2500), Actor Loss: 0.0004, Aux Loss: 0.0000, Reward: 0.2287, Avg Response Len: 350.88, Learning Rate: 0.00000001
Epoch:[1/1](2186/2500), Actor Loss: 0.0022, Aux Loss: 0.0000, Reward: -0.2298, Avg Response Len: 99.44, Learning Rate: 0.00000001
Epoch:[1/1](2187/2500), Actor Loss: 0.0004, Aux Loss: 0.0000, Reward: -0.0337, Avg Response Len: 403.50, Learning Rate: 0.00000001
Epoch:[1/1](2188/2500), Actor Loss: 0.0004, Aux Loss: 0.0000, Reward: 0.5639, Avg Response Len: 356.75, Learning Rate: 0.00000001
Epoch:[1/1](2189/2500), Actor Loss: 0.0009, Aux Loss: 0.0000, Reward: 0.0804, Avg Response Len: 245.06, Learning Rate: 0.00000001
Epoch:[1/1](2190/2500), Actor Loss: 0.0025, Aux Loss: 0.0000, Reward: 0.5099, Avg Response Len: 304.75, Learning Rate: 0.00000001
Epoch:[1/1](2191/2500), Actor Loss: 0.0004, Aux Loss: 0.0000, Reward: -0.8636, Avg Response Len: 476.00, Learning Rate: 0.00000001
Epoch:[1/1](2192/2500), Actor Loss: 0.0005, Aux Loss: 0.0000, Reward: -0.6653, Avg Response Len: 239.44, Learning Rate: 0.00000001
Epoch:[1/1](2193/2500), Actor Loss: 0.0004, Aux Loss: 0.0000, Reward: -0.4719, Avg Response Len: 449.19, Learning Rate: 0.00000001
Epoch:[1/1](2194/2500), Actor Loss: 0.0008, Aux Loss: 0.0000, Reward: 0.5182, Avg Response Len: 313.75, Learning Rate: 0.00000001
Epoch:[1/1](2195/2500), Actor Loss: 0.0004, Aux Loss: 0.0000, Reward: -0.4814, Avg Response Len: 398.06, Learning Rate: 0.00000001
Epoch:[1/1](2196/2500), Actor Loss: 0.0006, Aux Loss: 0.0000, Reward: -1.0958, Avg Response Len: 238.06, Learning Rate: 0.00000001
Epoch:[1/1](2197/2500), Actor Loss: 0.0006, Aux Loss: 0.0000, Reward: -0.5355, Avg Response Len: 278.19, Learning Rate: 0.00000001
Epoch:[1/1](2198/2500), Actor Loss: 0.0004, Aux Loss: 0.0000, Reward: -0.4424, Avg Response Len: 396.31, Learning Rate: 0.00000001
Epoch:[1/1](2199/2500), Actor Loss: 0.0005, Aux Loss: 0.0000, Reward: -0.1944, Avg Response Len: 379.00, Learning Rate: 0.00000001
Epoch:[1/1](2200/2500), Actor Loss: 0.0004, Aux Loss: 0.0000, Reward: 0.4580, Avg Response Len: 410.06, Learning Rate: 0.00000001
Epoch:[1/1](2201/2500), Actor Loss: 0.0006, Aux Loss: 0.0000, Reward: -0.2425, Avg Response Len: 387.62, Learning Rate: 0.00000001
Epoch:[1/1](2202/2500), Actor Loss: 0.0005, Aux Loss: 0.0000, Reward: -0.9075, Avg Response Len: 447.44, Learning Rate: 0.00000001
Epoch:[1/1](2203/2500), Actor Loss: 0.0045, Aux Loss: 0.0000, Reward: -0.6665, Avg Response Len: 358.50, Learning Rate: 0.00000001
Epoch:[1/1](2204/2500), Actor Loss: 0.0018, Aux Loss: 0.0000, Reward: 0.5900, Avg Response Len: 419.12, Learning Rate: 0.00000001
Epoch:[1/1](2205/2500), Actor Loss: 0.0005, Aux Loss: 0.0000, Reward: -0.0184, Avg Response Len: 398.25, Learning Rate: 0.00000001
Epoch:[1/1](2206/2500), Actor Loss: 0.0005, Aux Loss: 0.0000, Reward: -0.4464, Avg Response Len: 294.81, Learning Rate: 0.00000001
Epoch:[1/1](2207/2500), Actor Loss: 0.0005, Aux Loss: 0.0000, Reward: -0.7082, Avg Response Len: 323.62, Learning Rate: 0.00000001
Epoch:[1/1](2208/2500), Actor Loss: 0.0004, Aux Loss: 0.0000, Reward: 0.1347, Avg Response Len: 264.19, Learning Rate: 0.00000001
Epoch:[1/1](2209/2500), Actor Loss: 0.0004, Aux Loss: 0.0000, Reward: -0.0355, Avg Response Len: 426.38, Learning Rate: 0.00000001
Epoch:[1/1](2210/2500), Actor Loss: 0.0004, Aux Loss: 0.0000, Reward: -0.8177, Avg Response Len: 495.38, Learning Rate: 0.00000001
Epoch:[1/1](2211/2500), Actor Loss: 0.0018, Aux Loss: 0.0000, Reward: -1.6073, Avg Response Len: 301.50, Learning Rate: 0.00000001
Epoch:[1/1](2212/2500), Actor Loss: 0.0005, Aux Loss: 0.0000, Reward: -0.3681, Avg Response Len: 340.81, Learning Rate: 0.00000001
Epoch:[1/1](2213/2500), Actor Loss: 0.0011, Aux Loss: 0.0000, Reward: 0.8267, Avg Response Len: 210.88, Learning Rate: 0.00000001
Epoch:[1/1](2214/2500), Actor Loss: 0.0008, Aux Loss: 0.0000, Reward: -0.0325, Avg Response Len: 247.81, Learning Rate: 0.00000001
Epoch:[1/1](2215/2500), Actor Loss: 0.0010, Aux Loss: 0.0000, Reward: -0.5428, Avg Response Len: 293.94, Learning Rate: 0.00000001
Epoch:[1/1](2216/2500), Actor Loss: 0.0021, Aux Loss: 0.0000, Reward: -0.6010, Avg Response Len: 262.88, Learning Rate: 0.00000001
Epoch:[1/1](2217/2500), Actor Loss: 0.0005, Aux Loss: 0.0000, Reward: -0.4143, Avg Response Len: 341.38, Learning Rate: 0.00000001
Epoch:[1/1](2218/2500), Actor Loss: 0.0003, Aux Loss: 0.0000, Reward: 0.1382, Avg Response Len: 351.81, Learning Rate: 0.00000001
Epoch:[1/1](2219/2500), Actor Loss: 0.0016, Aux Loss: 0.0000, Reward: 0.6624, Avg Response Len: 307.94, Learning Rate: 0.00000001
Epoch:[1/1](2220/2500), Actor Loss: 0.0008, Aux Loss: 0.0000, Reward: 0.6096, Avg Response Len: 208.25, Learning Rate: 0.00000001
Epoch:[1/1](2221/2500), Actor Loss: 0.0070, Aux Loss: 0.0000, Reward: -0.4543, Avg Response Len: 413.75, Learning Rate: 0.00000001
Epoch:[1/1](2222/2500), Actor Loss: 0.0004, Aux Loss: 0.0000, Reward: 0.5517, Avg Response Len: 405.31, Learning Rate: 0.00000001
Epoch:[1/1](2223/2500), Actor Loss: 0.0007, Aux Loss: 0.0000, Reward: 0.1128, Avg Response Len: 296.25, Learning Rate: 0.00000001
Epoch:[1/1](2224/2500), Actor Loss: 0.0005, Aux Loss: 0.0000, Reward: -0.6222, Avg Response Len: 366.00, Learning Rate: 0.00000001
Epoch:[1/1](2225/2500), Actor Loss: 0.0005, Aux Loss: 0.0000, Reward: -0.3463, Avg Response Len: 294.06, Learning Rate: 0.00000001
Epoch:[1/1](2226/2500), Actor Loss: 0.0008, Aux Loss: 0.0000, Reward: -0.1636, Avg Response Len: 275.81, Learning Rate: 0.00000001
Epoch:[1/1](2227/2500), Actor Loss: 0.0004, Aux Loss: 0.0000, Reward: 0.0028, Avg Response Len: 471.81, Learning Rate: 0.00000001
Epoch:[1/1](2228/2500), Actor Loss: 0.0004, Aux Loss: 0.0000, Reward: -0.1447, Avg Response Len: 443.56, Learning Rate: 0.00000001
Epoch:[1/1](2229/2500), Actor Loss: 0.0010, Aux Loss: 0.0000, Reward: -0.7675, Avg Response Len: 168.75, Learning Rate: 0.00000001
Epoch:[1/1](2230/2500), Actor Loss: 0.0005, Aux Loss: 0.0000, Reward: -0.0451, Avg Response Len: 449.12, Learning Rate: 0.00000001
Epoch:[1/1](2231/2500), Actor Loss: 0.0010, Aux Loss: 0.0000, Reward: -0.8136, Avg Response Len: 243.31, Learning Rate: 0.00000001
Epoch:[1/1](2232/2500), Actor Loss: 0.0006, Aux Loss: 0.0000, Reward: -0.3051, Avg Response Len: 362.62, Learning Rate: 0.00000001
Epoch:[1/1](2233/2500), Actor Loss: 0.0034, Aux Loss: 0.0000, Reward: 0.7433, Avg Response Len: 279.69, Learning Rate: 0.00000001
Epoch:[1/1](2234/2500), Actor Loss: 0.0004, Aux Loss: 0.0000, Reward: 1.5890, Avg Response Len: 433.38, Learning Rate: 0.00000001
Epoch:[1/1](2235/2500), Actor Loss: 0.0007, Aux Loss: 0.0000, Reward: -0.7475, Avg Response Len: 425.50, Learning Rate: 0.00000001
Epoch:[1/1](2236/2500), Actor Loss: 0.0003, Aux Loss: 0.0000, Reward: -0.0265, Avg Response Len: 441.44, Learning Rate: 0.00000001
Epoch:[1/1](2237/2500), Actor Loss: 0.0004, Aux Loss: 0.0000, Reward: -0.3098, Avg Response Len: 502.31, Learning Rate: 0.00000001
Epoch:[1/1](2238/2500), Actor Loss: 0.0049, Aux Loss: 0.0000, Reward: 0.0895, Avg Response Len: 320.56, Learning Rate: 0.00000001
Epoch:[1/1](2239/2500), Actor Loss: 0.0008, Aux Loss: 0.0000, Reward: -0.5100, Avg Response Len: 231.44, Learning Rate: 0.00000001
Epoch:[1/1](2240/2500), Actor Loss: 0.0005, Aux Loss: 0.0000, Reward: 1.2546, Avg Response Len: 302.62, Learning Rate: 0.00000001
Epoch:[1/1](2241/2500), Actor Loss: 0.0006, Aux Loss: 0.0000, Reward: -0.6342, Avg Response Len: 316.31, Learning Rate: 0.00000001
Epoch:[1/1](2242/2500), Actor Loss: 0.0005, Aux Loss: 0.0000, Reward: -0.9287, Avg Response Len: 313.81, Learning Rate: 0.00000001
Epoch:[1/1](2243/2500), Actor Loss: 0.0006, Aux Loss: 0.0000, Reward: -0.3228, Avg Response Len: 262.69, Learning Rate: 0.00000001
Epoch:[1/1](2244/2500), Actor Loss: 0.0006, Aux Loss: 0.0000, Reward: -0.5122, Avg Response Len: 303.31, Learning Rate: 0.00000001
Epoch:[1/1](2245/2500), Actor Loss: 0.0012, Aux Loss: 0.0000, Reward: 0.1326, Avg Response Len: 159.44, Learning Rate: 0.00000001
Epoch:[1/1](2246/2500), Actor Loss: 0.0017, Aux Loss: 0.0000, Reward: -1.2374, Avg Response Len: 267.06, Learning Rate: 0.00000001
Epoch:[1/1](2247/2500), Actor Loss: 0.0005, Aux Loss: 0.0000, Reward: -0.7314, Avg Response Len: 383.19, Learning Rate: 0.00000001
Epoch:[1/1](2248/2500), Actor Loss: 0.0014, Aux Loss: 0.0000, Reward: 0.4112, Avg Response Len: 268.75, Learning Rate: 0.00000001
Epoch:[1/1](2249/2500), Actor Loss: 0.0005, Aux Loss: 0.0000, Reward: -0.0166, Avg Response Len: 438.88, Learning Rate: 0.00000001
Epoch:[1/1](2250/2500), Actor Loss: 0.0004, Aux Loss: 0.0000, Reward: -0.2347, Avg Response Len: 321.00, Learning Rate: 0.00000001
Epoch:[1/1](2251/2500), Actor Loss: 0.0004, Aux Loss: 0.0000, Reward: 1.6180, Avg Response Len: 354.06, Learning Rate: 0.00000001
Epoch:[1/1](2252/2500), Actor Loss: 0.0005, Aux Loss: 0.0000, Reward: 0.1285, Avg Response Len: 337.19, Learning Rate: 0.00000001
Epoch:[1/1](2253/2500), Actor Loss: 0.0007, Aux Loss: 0.0000, Reward: 0.2998, Avg Response Len: 386.44, Learning Rate: 0.00000001
Epoch:[1/1](2254/2500), Actor Loss: 0.0007, Aux Loss: 0.0000, Reward: -1.0092, Avg Response Len: 250.44, Learning Rate: 0.00000001
Epoch:[1/1](2255/2500), Actor Loss: 0.0005, Aux Loss: 0.0000, Reward: -0.1765, Avg Response Len: 355.19, Learning Rate: 0.00000001
Epoch:[1/1](2256/2500), Actor Loss: 0.0007, Aux Loss: 0.0000, Reward: 0.0058, Avg Response Len: 357.94, Learning Rate: 0.00000001
Epoch:[1/1](2257/2500), Actor Loss: 0.0005, Aux Loss: 0.0000, Reward: 1.0047, Avg Response Len: 366.56, Learning Rate: 0.00000001
Epoch:[1/1](2258/2500), Actor Loss: 0.0004, Aux Loss: 0.0000, Reward: -0.0100, Avg Response Len: 531.94, Learning Rate: 0.00000001
Epoch:[1/1](2259/2500), Actor Loss: 0.0005, Aux Loss: 0.0000, Reward: 0.5085, Avg Response Len: 310.44, Learning Rate: 0.00000001
Epoch:[1/1](2260/2500), Actor Loss: 0.0009, Aux Loss: 0.0000, Reward: -0.2547, Avg Response Len: 216.62, Learning Rate: 0.00000001
Epoch:[1/1](2261/2500), Actor Loss: 0.0005, Aux Loss: 0.0000, Reward: -0.3886, Avg Response Len: 480.44, Learning Rate: 0.00000001
Epoch:[1/1](2262/2500), Actor Loss: 0.0007, Aux Loss: 0.0000, Reward: 0.1739, Avg Response Len: 404.38, Learning Rate: 0.00000001
Epoch:[1/1](2263/2500), Actor Loss: 0.0012, Aux Loss: 0.0000, Reward: 0.2304, Avg Response Len: 132.62, Learning Rate: 0.00000001
Epoch:[1/1](2264/2500), Actor Loss: 0.0004, Aux Loss: 0.0000, Reward: 0.1759, Avg Response Len: 281.12, Learning Rate: 0.00000001
Epoch:[1/1](2265/2500), Actor Loss: 0.0006, Aux Loss: 0.0000, Reward: 0.7293, Avg Response Len: 340.31, Learning Rate: 0.00000001
Epoch:[1/1](2266/2500), Actor Loss: 0.0005, Aux Loss: 0.0000, Reward: -0.0550, Avg Response Len: 318.75, Learning Rate: 0.00000001
Epoch:[1/1](2267/2500), Actor Loss: 0.0045, Aux Loss: 0.0000, Reward: 0.0099, Avg Response Len: 366.56, Learning Rate: 0.00000001
Epoch:[1/1](2268/2500), Actor Loss: 0.0004, Aux Loss: 0.0000, Reward: -1.0828, Avg Response Len: 342.50, Learning Rate: 0.00000001
Epoch:[1/1](2269/2500), Actor Loss: 0.0008, Aux Loss: 0.0000, Reward: 1.4221, Avg Response Len: 234.94, Learning Rate: 0.00000001
Epoch:[1/1](2270/2500), Actor Loss: 0.0032, Aux Loss: 0.0000, Reward: -0.7436, Avg Response Len: 172.88, Learning Rate: 0.00000001
Epoch:[1/1](2271/2500), Actor Loss: 0.0007, Aux Loss: 0.0000, Reward: -0.2970, Avg Response Len: 412.19, Learning Rate: 0.00000001
Epoch:[1/1](2272/2500), Actor Loss: 0.0013, Aux Loss: 0.0000, Reward: -0.1167, Avg Response Len: 163.62, Learning Rate: 0.00000001
Epoch:[1/1](2273/2500), Actor Loss: 0.0011, Aux Loss: 0.0000, Reward: -0.9314, Avg Response Len: 299.06, Learning Rate: 0.00000001
Epoch:[1/1](2274/2500), Actor Loss: 0.0007, Aux Loss: 0.0000, Reward: -0.5388, Avg Response Len: 272.44, Learning Rate: 0.00000001
Epoch:[1/1](2275/2500), Actor Loss: 0.0010, Aux Loss: 0.0000, Reward: 0.1908, Avg Response Len: 222.94, Learning Rate: 0.00000001
Epoch:[1/1](2276/2500), Actor Loss: 0.0008, Aux Loss: 0.0000, Reward: 0.4907, Avg Response Len: 180.38, Learning Rate: 0.00000001
Epoch:[1/1](2277/2500), Actor Loss: 0.0018, Aux Loss: 0.0000, Reward: 0.3563, Avg Response Len: 411.81, Learning Rate: 0.00000001
Epoch:[1/1](2278/2500), Actor Loss: 0.0035, Aux Loss: 0.0000, Reward: -0.0784, Avg Response Len: 266.88, Learning Rate: 0.00000001
Epoch:[1/1](2279/2500), Actor Loss: 0.0006, Aux Loss: 0.0000, Reward: -0.6912, Avg Response Len: 394.94, Learning Rate: 0.00000001
Epoch:[1/1](2280/2500), Actor Loss: 0.0004, Aux Loss: 0.0000, Reward: 0.7495, Avg Response Len: 322.94, Learning Rate: 0.00000001
Epoch:[1/1](2281/2500), Actor Loss: 0.0009, Aux Loss: 0.0000, Reward: 1.0710, Avg Response Len: 336.00, Learning Rate: 0.00000001
Epoch:[1/1](2282/2500), Actor Loss: 0.0008, Aux Loss: 0.0000, Reward: 0.6229, Avg Response Len: 323.19, Learning Rate: 0.00000001
Epoch:[1/1](2283/2500), Actor Loss: 0.0003, Aux Loss: 0.0000, Reward: 0.1382, Avg Response Len: 514.06, Learning Rate: 0.00000001
Epoch:[1/1](2284/2500), Actor Loss: 0.0004, Aux Loss: 0.0000, Reward: -0.4926, Avg Response Len: 284.81, Learning Rate: 0.00000001
Epoch:[1/1](2285/2500), Actor Loss: 0.0003, Aux Loss: 0.0000, Reward: 0.4929, Avg Response Len: 430.12, Learning Rate: 0.00000001
Epoch:[1/1](2286/2500), Actor Loss: 0.0011, Aux Loss: 0.0000, Reward: -0.6237, Avg Response Len: 209.81, Learning Rate: 0.00000001
Epoch:[1/1](2287/2500), Actor Loss: 0.0015, Aux Loss: 0.0000, Reward: -0.1158, Avg Response Len: 300.44, Learning Rate: 0.00000001
Epoch:[1/1](2288/2500), Actor Loss: 0.0003, Aux Loss: 0.0000, Reward: -0.9738, Avg Response Len: 454.38, Learning Rate: 0.00000001
Epoch:[1/1](2289/2500), Actor Loss: 0.0009, Aux Loss: 0.0000, Reward: 0.3892, Avg Response Len: 319.75, Learning Rate: 0.00000001
Epoch:[1/1](2290/2500), Actor Loss: 0.0006, Aux Loss: 0.0000, Reward: 0.1320, Avg Response Len: 323.88, Learning Rate: 0.00000001
Epoch:[1/1](2291/2500), Actor Loss: 0.0029, Aux Loss: 0.0000, Reward: -0.5189, Avg Response Len: 269.94, Learning Rate: 0.00000001
Epoch:[1/1](2292/2500), Actor Loss: 0.0006, Aux Loss: 0.0000, Reward: -0.0735, Avg Response Len: 455.19, Learning Rate: 0.00000001
Epoch:[1/1](2293/2500), Actor Loss: 0.0008, Aux Loss: 0.0000, Reward: -0.5566, Avg Response Len: 353.56, Learning Rate: 0.00000001
Epoch:[1/1](2294/2500), Actor Loss: 0.0006, Aux Loss: 0.0000, Reward: -0.0993, Avg Response Len: 266.31, Learning Rate: 0.00000001
Epoch:[1/1](2295/2500), Actor Loss: 0.0006, Aux Loss: 0.0000, Reward: 0.7704, Avg Response Len: 288.19, Learning Rate: 0.00000001
Epoch:[1/1](2296/2500), Actor Loss: 0.0017, Aux Loss: 0.0000, Reward: -0.4598, Avg Response Len: 218.00, Learning Rate: 0.00000001
Epoch:[1/1](2297/2500), Actor Loss: 0.0008, Aux Loss: 0.0000, Reward: -0.4927, Avg Response Len: 248.44, Learning Rate: 0.00000001
Epoch:[1/1](2298/2500), Actor Loss: 0.0010, Aux Loss: 0.0000, Reward: -0.7537, Avg Response Len: 90.12, Learning Rate: 0.00000001
Epoch:[1/1](2299/2500), Actor Loss: 0.0008, Aux Loss: 0.0000, Reward: 0.3298, Avg Response Len: 278.56, Learning Rate: 0.00000001
Epoch:[1/1](2300/2500), Actor Loss: 0.0005, Aux Loss: 0.0000, Reward: 0.4249, Avg Response Len: 317.38, Learning Rate: 0.00000001
Epoch:[1/1](2301/2500), Actor Loss: 0.0005, Aux Loss: 0.0000, Reward: 0.3659, Avg Response Len: 374.00, Learning Rate: 0.00000001
Epoch:[1/1](2302/2500), Actor Loss: 0.0003, Aux Loss: 0.0000, Reward: -0.0130, Avg Response Len: 459.94, Learning Rate: 0.00000001
Epoch:[1/1](2303/2500), Actor Loss: 0.0004, Aux Loss: 0.0000, Reward: -0.5737, Avg Response Len: 447.00, Learning Rate: 0.00000001
Epoch:[1/1](2304/2500), Actor Loss: 0.0005, Aux Loss: 0.0000, Reward: -0.4048, Avg Response Len: 325.06, Learning Rate: 0.00000001
Epoch:[1/1](2305/2500), Actor Loss: 0.0003, Aux Loss: 0.0000, Reward: 0.4458, Avg Response Len: 448.62, Learning Rate: 0.00000001
Epoch:[1/1](2306/2500), Actor Loss: 0.0007, Aux Loss: 0.0000, Reward: 0.1285, Avg Response Len: 203.31, Learning Rate: 0.00000001
Epoch:[1/1](2307/2500), Actor Loss: 0.0011, Aux Loss: 0.0000, Reward: 0.7251, Avg Response Len: 245.19, Learning Rate: 0.00000001
Epoch:[1/1](2308/2500), Actor Loss: 0.0006, Aux Loss: 0.0000, Reward: -0.2643, Avg Response Len: 281.12, Learning Rate: 0.00000001
Epoch:[1/1](2309/2500), Actor Loss: 0.0004, Aux Loss: 0.0000, Reward: -0.7993, Avg Response Len: 406.94, Learning Rate: 0.00000001
Epoch:[1/1](2310/2500), Actor Loss: 0.0003, Aux Loss: 0.0000, Reward: -0.3993, Avg Response Len: 495.69, Learning Rate: 0.00000001
Epoch:[1/1](2311/2500), Actor Loss: 0.0006, Aux Loss: 0.0000, Reward: 0.6989, Avg Response Len: 362.19, Learning Rate: 0.00000001
Epoch:[1/1](2312/2500), Actor Loss: 0.0021, Aux Loss: 0.0000, Reward: -0.7862, Avg Response Len: 159.81, Learning Rate: 0.00000001
Epoch:[1/1](2313/2500), Actor Loss: 0.0006, Aux Loss: 0.0000, Reward: -0.6388, Avg Response Len: 111.06, Learning Rate: 0.00000001
Epoch:[1/1](2314/2500), Actor Loss: 0.0008, Aux Loss: 0.0000, Reward: 0.4727, Avg Response Len: 234.19, Learning Rate: 0.00000001
Epoch:[1/1](2315/2500), Actor Loss: 0.0004, Aux Loss: 0.0000, Reward: 0.7705, Avg Response Len: 450.25, Learning Rate: 0.00000001
Epoch:[1/1](2316/2500), Actor Loss: 0.0008, Aux Loss: 0.0000, Reward: -0.0685, Avg Response Len: 235.31, Learning Rate: 0.00000001
Epoch:[1/1](2317/2500), Actor Loss: 0.0003, Aux Loss: 0.0000, Reward: 0.4184, Avg Response Len: 482.19, Learning Rate: 0.00000001
Epoch:[1/1](2318/2500), Actor Loss: 0.0007, Aux Loss: 0.0000, Reward: -0.2759, Avg Response Len: 219.31, Learning Rate: 0.00000001
Epoch:[1/1](2319/2500), Actor Loss: 0.0004, Aux Loss: 0.0000, Reward: -0.4490, Avg Response Len: 225.19, Learning Rate: 0.00000001
Epoch:[1/1](2320/2500), Actor Loss: 0.0021, Aux Loss: 0.0000, Reward: 0.8842, Avg Response Len: 266.94, Learning Rate: 0.00000001
Epoch:[1/1](2321/2500), Actor Loss: 0.0005, Aux Loss: 0.0000, Reward: -0.7820, Avg Response Len: 462.75, Learning Rate: 0.00000001
Epoch:[1/1](2322/2500), Actor Loss: 0.0015, Aux Loss: 0.0000, Reward: -0.0603, Avg Response Len: 242.69, Learning Rate: 0.00000001
Epoch:[1/1](2323/2500), Actor Loss: 0.0003, Aux Loss: 0.0000, Reward: -1.2602, Avg Response Len: 566.62, Learning Rate: 0.00000001
Epoch:[1/1](2324/2500), Actor Loss: 0.0006, Aux Loss: 0.0000, Reward: 0.1226, Avg Response Len: 292.44, Learning Rate: 0.00000001
Epoch:[1/1](2325/2500), Actor Loss: 0.0007, Aux Loss: 0.0000, Reward: -1.7667, Avg Response Len: 387.06, Learning Rate: 0.00000001
Epoch:[1/1](2326/2500), Actor Loss: 0.0007, Aux Loss: 0.0000, Reward: -0.0117, Avg Response Len: 249.50, Learning Rate: 0.00000001
Epoch:[1/1](2327/2500), Actor Loss: 0.0003, Aux Loss: 0.0000, Reward: -0.8183, Avg Response Len: 436.19, Learning Rate: 0.00000001
Epoch:[1/1](2328/2500), Actor Loss: 0.0021, Aux Loss: 0.0000, Reward: -0.2024, Avg Response Len: 206.94, Learning Rate: 0.00000001
Epoch:[1/1](2329/2500), Actor Loss: 0.0004, Aux Loss: 0.0000, Reward: -0.3307, Avg Response Len: 401.94, Learning Rate: 0.00000001
Epoch:[1/1](2330/2500), Actor Loss: 0.0004, Aux Loss: 0.0000, Reward: -0.9700, Avg Response Len: 396.56, Learning Rate: 0.00000001
Epoch:[1/1](2331/2500), Actor Loss: 0.0019, Aux Loss: 0.0000, Reward: 0.5175, Avg Response Len: 199.69, Learning Rate: 0.00000001
Epoch:[1/1](2332/2500), Actor Loss: 0.0004, Aux Loss: 0.0000, Reward: -0.1303, Avg Response Len: 435.81, Learning Rate: 0.00000001
Epoch:[1/1](2333/2500), Actor Loss: 0.0003, Aux Loss: 0.0000, Reward: 0.2619, Avg Response Len: 472.44, Learning Rate: 0.00000001
Epoch:[1/1](2334/2500), Actor Loss: 0.0005, Aux Loss: 0.0000, Reward: 0.9022, Avg Response Len: 343.88, Learning Rate: 0.00000001
Epoch:[1/1](2335/2500), Actor Loss: 0.0004, Aux Loss: 0.0000, Reward: 0.1676, Avg Response Len: 405.12, Learning Rate: 0.00000001
Epoch:[1/1](2336/2500), Actor Loss: 0.0004, Aux Loss: 0.0000, Reward: -0.3462, Avg Response Len: 437.81, Learning Rate: 0.00000001
Epoch:[1/1](2337/2500), Actor Loss: 0.0006, Aux Loss: 0.0000, Reward: -0.0160, Avg Response Len: 365.88, Learning Rate: 0.00000001
Epoch:[1/1](2338/2500), Actor Loss: 0.0003, Aux Loss: 0.0000, Reward: -0.5984, Avg Response Len: 355.25, Learning Rate: 0.00000001
Epoch:[1/1](2339/2500), Actor Loss: 0.0004, Aux Loss: 0.0000, Reward: 0.8871, Avg Response Len: 481.44, Learning Rate: 0.00000001
Epoch:[1/1](2340/2500), Actor Loss: 0.0008, Aux Loss: 0.0000, Reward: -1.0823, Avg Response Len: 235.25, Learning Rate: 0.00000001
Epoch:[1/1](2341/2500), Actor Loss: 0.0005, Aux Loss: 0.0000, Reward: 0.2961, Avg Response Len: 366.25, Learning Rate: 0.00000001
Epoch:[1/1](2342/2500), Actor Loss: 0.0020, Aux Loss: 0.0000, Reward: -1.0211, Avg Response Len: 196.56, Learning Rate: 0.00000001
Epoch:[1/1](2343/2500), Actor Loss: 0.0004, Aux Loss: 0.0000, Reward: 1.0867, Avg Response Len: 376.12, Learning Rate: 0.00000001
Epoch:[1/1](2344/2500), Actor Loss: 0.0524, Aux Loss: 0.0000, Reward: 0.8875, Avg Response Len: 206.88, Learning Rate: 0.00000001
Epoch:[1/1](2345/2500), Actor Loss: 0.0006, Aux Loss: 0.0000, Reward: 1.0473, Avg Response Len: 273.25, Learning Rate: 0.00000001
Epoch:[1/1](2346/2500), Actor Loss: 0.0008, Aux Loss: 0.0000, Reward: 0.2515, Avg Response Len: 346.06, Learning Rate: 0.00000001
Epoch:[1/1](2347/2500), Actor Loss: 0.0009, Aux Loss: 0.0000, Reward: 0.8770, Avg Response Len: 266.81, Learning Rate: 0.00000001
Epoch:[1/1](2348/2500), Actor Loss: 0.0004, Aux Loss: 0.0000, Reward: -0.1831, Avg Response Len: 525.12, Learning Rate: 0.00000001
Epoch:[1/1](2349/2500), Actor Loss: 0.0013, Aux Loss: 0.0000, Reward: -0.1335, Avg Response Len: 251.19, Learning Rate: 0.00000001
Epoch:[1/1](2350/2500), Actor Loss: 0.0004, Aux Loss: 0.0000, Reward: 0.5200, Avg Response Len: 387.69, Learning Rate: 0.00000001
Epoch:[1/1](2351/2500), Actor Loss: 0.0003, Aux Loss: 0.0000, Reward: -0.7682, Avg Response Len: 306.50, Learning Rate: 0.00000001
Epoch:[1/1](2352/2500), Actor Loss: 0.0007, Aux Loss: 0.0000, Reward: 0.4676, Avg Response Len: 195.50, Learning Rate: 0.00000001
Epoch:[1/1](2353/2500), Actor Loss: 0.0003, Aux Loss: 0.0000, Reward: 0.0850, Avg Response Len: 398.06, Learning Rate: 0.00000001
Epoch:[1/1](2354/2500), Actor Loss: 0.0003, Aux Loss: 0.0000, Reward: -0.4550, Avg Response Len: 379.69, Learning Rate: 0.00000001
Epoch:[1/1](2355/2500), Actor Loss: 0.0004, Aux Loss: 0.0000, Reward: 1.1740, Avg Response Len: 372.94, Learning Rate: 0.00000001
Epoch:[1/1](2356/2500), Actor Loss: 0.0007, Aux Loss: 0.0000, Reward: -1.1083, Avg Response Len: 193.38, Learning Rate: 0.00000001
Epoch:[1/1](2357/2500), Actor Loss: 0.0007, Aux Loss: 0.0000, Reward: -0.5037, Avg Response Len: 178.50, Learning Rate: 0.00000001
Epoch:[1/1](2358/2500), Actor Loss: 0.0008, Aux Loss: 0.0000, Reward: 0.0889, Avg Response Len: 205.44, Learning Rate: 0.00000001
Epoch:[1/1](2359/2500), Actor Loss: 0.0006, Aux Loss: 0.0000, Reward: -1.0721, Avg Response Len: 344.62, Learning Rate: 0.00000001
Epoch:[1/1](2360/2500), Actor Loss: 0.0004, Aux Loss: 0.0000, Reward: 1.0007, Avg Response Len: 409.75, Learning Rate: 0.00000001
Epoch:[1/1](2361/2500), Actor Loss: 0.0008, Aux Loss: 0.0000, Reward: -0.1837, Avg Response Len: 294.75, Learning Rate: 0.00000001
Epoch:[1/1](2362/2500), Actor Loss: 0.0004, Aux Loss: 0.0000, Reward: 0.5784, Avg Response Len: 412.00, Learning Rate: 0.00000001
Epoch:[1/1](2363/2500), Actor Loss: 0.0004, Aux Loss: 0.0000, Reward: -0.1601, Avg Response Len: 393.88, Learning Rate: 0.00000001
Epoch:[1/1](2364/2500), Actor Loss: 0.0011, Aux Loss: 0.0000, Reward: -1.3536, Avg Response Len: 198.00, Learning Rate: 0.00000001
Epoch:[1/1](2365/2500), Actor Loss: 0.0008, Aux Loss: 0.0000, Reward: -0.3939, Avg Response Len: 362.94, Learning Rate: 0.00000001
Epoch:[1/1](2366/2500), Actor Loss: 0.0009, Aux Loss: 0.0000, Reward: 0.4366, Avg Response Len: 275.56, Learning Rate: 0.00000001
Epoch:[1/1](2367/2500), Actor Loss: 0.0006, Aux Loss: 0.0000, Reward: -0.2079, Avg Response Len: 240.38, Learning Rate: 0.00000001
Epoch:[1/1](2368/2500), Actor Loss: 0.0003, Aux Loss: 0.0000, Reward: 0.5600, Avg Response Len: 376.38, Learning Rate: 0.00000001
Epoch:[1/1](2369/2500), Actor Loss: 0.0009, Aux Loss: 0.0000, Reward: -1.5136, Avg Response Len: 294.94, Learning Rate: 0.00000001
Epoch:[1/1](2370/2500), Actor Loss: 0.0006, Aux Loss: 0.0000, Reward: -0.4268, Avg Response Len: 420.81, Learning Rate: 0.00000001
Epoch:[1/1](2371/2500), Actor Loss: 0.0004, Aux Loss: 0.0000, Reward: 0.3508, Avg Response Len: 392.19, Learning Rate: 0.00000001
Epoch:[1/1](2372/2500), Actor Loss: 0.0008, Aux Loss: 0.0000, Reward: -0.4187, Avg Response Len: 315.75, Learning Rate: 0.00000001
Epoch:[1/1](2373/2500), Actor Loss: 0.0003, Aux Loss: 0.0000, Reward: 0.4421, Avg Response Len: 473.75, Learning Rate: 0.00000001
Epoch:[1/1](2374/2500), Actor Loss: 0.0008, Aux Loss: 0.0000, Reward: -0.6158, Avg Response Len: 145.75, Learning Rate: 0.00000001
Epoch:[1/1](2375/2500), Actor Loss: 0.0018, Aux Loss: 0.0000, Reward: 0.4730, Avg Response Len: 467.69, Learning Rate: 0.00000001
Epoch:[1/1](2376/2500), Actor Loss: 0.0004, Aux Loss: 0.0000, Reward: 0.7518, Avg Response Len: 342.44, Learning Rate: 0.00000001
Epoch:[1/1](2377/2500), Actor Loss: 0.0004, Aux Loss: 0.0000, Reward: -0.7786, Avg Response Len: 334.94, Learning Rate: 0.00000001
Epoch:[1/1](2378/2500), Actor Loss: 0.0005, Aux Loss: 0.0000, Reward: -0.1258, Avg Response Len: 278.19, Learning Rate: 0.00000001
Epoch:[1/1](2379/2500), Actor Loss: 0.0007, Aux Loss: 0.0000, Reward: 0.8913, Avg Response Len: 581.94, Learning Rate: 0.00000001
Epoch:[1/1](2380/2500), Actor Loss: 0.0006, Aux Loss: 0.0000, Reward: -0.0142, Avg Response Len: 230.31, Learning Rate: 0.00000001
Epoch:[1/1](2381/2500), Actor Loss: 0.0010, Aux Loss: 0.0000, Reward: 0.1491, Avg Response Len: 99.62, Learning Rate: 0.00000001
Epoch:[1/1](2382/2500), Actor Loss: 0.0005, Aux Loss: 0.0000, Reward: -1.0766, Avg Response Len: 357.56, Learning Rate: 0.00000001
Epoch:[1/1](2383/2500), Actor Loss: 0.0007, Aux Loss: 0.0000, Reward: -0.0495, Avg Response Len: 431.75, Learning Rate: 0.00000001
Epoch:[1/1](2384/2500), Actor Loss: 0.0004, Aux Loss: 0.0000, Reward: 0.0481, Avg Response Len: 473.94, Learning Rate: 0.00000001
Epoch:[1/1](2385/2500), Actor Loss: 0.0004, Aux Loss: 0.0000, Reward: -0.0772, Avg Response Len: 282.94, Learning Rate: 0.00000001
Epoch:[1/1](2386/2500), Actor Loss: 0.0003, Aux Loss: 0.0000, Reward: -0.0746, Avg Response Len: 511.50, Learning Rate: 0.00000001
Epoch:[1/1](2387/2500), Actor Loss: 0.0016, Aux Loss: 0.0000, Reward: -0.5276, Avg Response Len: 343.38, Learning Rate: 0.00000001
Epoch:[1/1](2388/2500), Actor Loss: 0.0009, Aux Loss: 0.0000, Reward: 0.0208, Avg Response Len: 222.50, Learning Rate: 0.00000001
Epoch:[1/1](2389/2500), Actor Loss: 0.0005, Aux Loss: 0.0000, Reward: 0.6722, Avg Response Len: 333.62, Learning Rate: 0.00000001
Epoch:[1/1](2390/2500), Actor Loss: 0.0006, Aux Loss: 0.0000, Reward: 0.2739, Avg Response Len: 267.94, Learning Rate: 0.00000001
Epoch:[1/1](2391/2500), Actor Loss: 0.0003, Aux Loss: 0.0000, Reward: -0.4851, Avg Response Len: 435.25, Learning Rate: 0.00000001
Epoch:[1/1](2392/2500), Actor Loss: 0.0006, Aux Loss: 0.0000, Reward: -0.4273, Avg Response Len: 331.94, Learning Rate: 0.00000001
Epoch:[1/1](2393/2500), Actor Loss: 0.0004, Aux Loss: 0.0000, Reward: 1.1606, Avg Response Len: 366.19, Learning Rate: 0.00000001
Epoch:[1/1](2394/2500), Actor Loss: 0.0014, Aux Loss: 0.0000, Reward: 0.5899, Avg Response Len: 206.62, Learning Rate: 0.00000001
Epoch:[1/1](2395/2500), Actor Loss: 0.0022, Aux Loss: 0.0000, Reward: -1.0524, Avg Response Len: 308.12, Learning Rate: 0.00000001
Epoch:[1/1](2396/2500), Actor Loss: 0.0004, Aux Loss: 0.0000, Reward: 0.3885, Avg Response Len: 273.56, Learning Rate: 0.00000001
Epoch:[1/1](2397/2500), Actor Loss: 0.0003, Aux Loss: 0.0000, Reward: -0.2557, Avg Response Len: 456.75, Learning Rate: 0.00000001
Epoch:[1/1](2398/2500), Actor Loss: 0.0005, Aux Loss: 0.0000, Reward: -0.6241, Avg Response Len: 278.31, Learning Rate: 0.00000001
Epoch:[1/1](2399/2500), Actor Loss: 0.0009, Aux Loss: 0.0000, Reward: 0.4724, Avg Response Len: 182.62, Learning Rate: 0.00000001
Epoch:[1/1](2400/2500), Actor Loss: 0.0007, Aux Loss: 0.0000, Reward: 0.6686, Avg Response Len: 274.56, Learning Rate: 0.00000001
Epoch:[1/1](2401/2500), Actor Loss: 0.0006, Aux Loss: 0.0000, Reward: -0.1551, Avg Response Len: 187.06, Learning Rate: 0.00000001
Epoch:[1/1](2402/2500), Actor Loss: 0.0005, Aux Loss: 0.0000, Reward: 0.8283, Avg Response Len: 373.94, Learning Rate: 0.00000001
Epoch:[1/1](2403/2500), Actor Loss: 0.0005, Aux Loss: 0.0000, Reward: 0.3350, Avg Response Len: 295.88, Learning Rate: 0.00000001
Epoch:[1/1](2404/2500), Actor Loss: 0.0003, Aux Loss: 0.0000, Reward: 1.1106, Avg Response Len: 480.56, Learning Rate: 0.00000001
Epoch:[1/1](2405/2500), Actor Loss: 0.0006, Aux Loss: 0.0000, Reward: -0.5818, Avg Response Len: 265.38, Learning Rate: 0.00000001
Epoch:[1/1](2406/2500), Actor Loss: 0.0004, Aux Loss: 0.0000, Reward: -0.6012, Avg Response Len: 410.94, Learning Rate: 0.00000001
Epoch:[1/1](2407/2500), Actor Loss: 0.0007, Aux Loss: 0.0000, Reward: 0.3074, Avg Response Len: 270.12, Learning Rate: 0.00000001
Epoch:[1/1](2408/2500), Actor Loss: 0.0028, Aux Loss: 0.0000, Reward: -0.7282, Avg Response Len: 208.75, Learning Rate: 0.00000001
Epoch:[1/1](2409/2500), Actor Loss: 0.0004, Aux Loss: 0.0000, Reward: -0.5424, Avg Response Len: 406.75, Learning Rate: 0.00000001
Epoch:[1/1](2410/2500), Actor Loss: 0.0006, Aux Loss: 0.0000, Reward: -1.0248, Avg Response Len: 412.62, Learning Rate: 0.00000001
Epoch:[1/1](2411/2500), Actor Loss: 0.0007, Aux Loss: 0.0000, Reward: 1.6120, Avg Response Len: 400.06, Learning Rate: 0.00000001
Epoch:[1/1](2412/2500), Actor Loss: 0.0005, Aux Loss: 0.0000, Reward: -1.1262, Avg Response Len: 342.75, Learning Rate: 0.00000001
Epoch:[1/1](2413/2500), Actor Loss: 0.0014, Aux Loss: 0.0000, Reward: -0.3309, Avg Response Len: 65.69, Learning Rate: 0.00000001
Epoch:[1/1](2414/2500), Actor Loss: 0.0004, Aux Loss: 0.0000, Reward: 0.1038, Avg Response Len: 367.62, Learning Rate: 0.00000001
Epoch:[1/1](2415/2500), Actor Loss: 0.0011, Aux Loss: 0.0000, Reward: -0.2672, Avg Response Len: 293.12, Learning Rate: 0.00000001
Epoch:[1/1](2416/2500), Actor Loss: 0.0008, Aux Loss: 0.0000, Reward: -0.1394, Avg Response Len: 349.50, Learning Rate: 0.00000001
Epoch:[1/1](2417/2500), Actor Loss: 0.0009, Aux Loss: 0.0000, Reward: -1.1732, Avg Response Len: 211.50, Learning Rate: 0.00000001
Epoch:[1/1](2418/2500), Actor Loss: 0.0011, Aux Loss: 0.0000, Reward: -0.8083, Avg Response Len: 301.69, Learning Rate: 0.00000001
Epoch:[1/1](2419/2500), Actor Loss: 0.0005, Aux Loss: 0.0000, Reward: -0.2361, Avg Response Len: 318.88, Learning Rate: 0.00000001
Epoch:[1/1](2420/2500), Actor Loss: 0.0011, Aux Loss: 0.0000, Reward: -0.9864, Avg Response Len: 123.44, Learning Rate: 0.00000001
Epoch:[1/1](2421/2500), Actor Loss: 0.0004, Aux Loss: 0.0000, Reward: -0.4592, Avg Response Len: 379.06, Learning Rate: 0.00000001
Epoch:[1/1](2422/2500), Actor Loss: 0.0007, Aux Loss: 0.0000, Reward: 0.1103, Avg Response Len: 353.31, Learning Rate: 0.00000001
Epoch:[1/1](2423/2500), Actor Loss: 0.0007, Aux Loss: 0.0000, Reward: -0.7836, Avg Response Len: 262.69, Learning Rate: 0.00000001
Epoch:[1/1](2424/2500), Actor Loss: 0.0004, Aux Loss: 0.0000, Reward: 0.3692, Avg Response Len: 370.12, Learning Rate: 0.00000001
Epoch:[1/1](2425/2500), Actor Loss: 0.0005, Aux Loss: 0.0000, Reward: -0.7811, Avg Response Len: 407.19, Learning Rate: 0.00000001
Epoch:[1/1](2426/2500), Actor Loss: 0.0009, Aux Loss: 0.0000, Reward: -0.6929, Avg Response Len: 255.94, Learning Rate: 0.00000001
Epoch:[1/1](2427/2500), Actor Loss: 0.0005, Aux Loss: 0.0000, Reward: 0.1132, Avg Response Len: 183.44, Learning Rate: 0.00000001
Epoch:[1/1](2428/2500), Actor Loss: 0.0003, Aux Loss: 0.0000, Reward: 0.1736, Avg Response Len: 386.56, Learning Rate: 0.00000001
Epoch:[1/1](2429/2500), Actor Loss: 0.0010, Aux Loss: 0.0000, Reward: -0.2684, Avg Response Len: 205.94, Learning Rate: 0.00000001
Epoch:[1/1](2430/2500), Actor Loss: 0.0004, Aux Loss: 0.0000, Reward: -0.0885, Avg Response Len: 327.62, Learning Rate: 0.00000001
Epoch:[1/1](2431/2500), Actor Loss: 0.0004, Aux Loss: 0.0000, Reward: 0.6049, Avg Response Len: 410.12, Learning Rate: 0.00000001
Epoch:[1/1](2432/2500), Actor Loss: 0.0005, Aux Loss: 0.0000, Reward: 0.0579, Avg Response Len: 391.75, Learning Rate: 0.00000001
Epoch:[1/1](2433/2500), Actor Loss: 0.0013, Aux Loss: 0.0000, Reward: -0.5699, Avg Response Len: 254.19, Learning Rate: 0.00000001
Epoch:[1/1](2434/2500), Actor Loss: 0.0003, Aux Loss: 0.0000, Reward: 0.5644, Avg Response Len: 602.12, Learning Rate: 0.00000001
Epoch:[1/1](2435/2500), Actor Loss: 0.0008, Aux Loss: 0.0000, Reward: 0.1696, Avg Response Len: 230.00, Learning Rate: 0.00000001
Epoch:[1/1](2436/2500), Actor Loss: 0.0006, Aux Loss: 0.0000, Reward: -0.4807, Avg Response Len: 264.25, Learning Rate: 0.00000001
Epoch:[1/1](2437/2500), Actor Loss: 0.0006, Aux Loss: 0.0000, Reward: 0.0787, Avg Response Len: 373.38, Learning Rate: 0.00000001
Epoch:[1/1](2438/2500), Actor Loss: 0.0015, Aux Loss: 0.0000, Reward: 0.7419, Avg Response Len: 336.25, Learning Rate: 0.00000001
Epoch:[1/1](2439/2500), Actor Loss: 0.0003, Aux Loss: 0.0000, Reward: 0.4121, Avg Response Len: 360.50, Learning Rate: 0.00000001
Epoch:[1/1](2440/2500), Actor Loss: 0.0012, Aux Loss: 0.0000, Reward: 0.1755, Avg Response Len: 183.31, Learning Rate: 0.00000001
Epoch:[1/1](2441/2500), Actor Loss: 0.0004, Aux Loss: 0.0000, Reward: -0.0459, Avg Response Len: 434.19, Learning Rate: 0.00000001
Epoch:[1/1](2442/2500), Actor Loss: 0.0007, Aux Loss: 0.0000, Reward: -0.0396, Avg Response Len: 236.25, Learning Rate: 0.00000001
Epoch:[1/1](2443/2500), Actor Loss: 0.0008, Aux Loss: 0.0000, Reward: 0.8660, Avg Response Len: 331.00, Learning Rate: 0.00000001
Epoch:[1/1](2444/2500), Actor Loss: 0.0007, Aux Loss: 0.0000, Reward: -0.2041, Avg Response Len: 300.25, Learning Rate: 0.00000001
Epoch:[1/1](2445/2500), Actor Loss: 0.0003, Aux Loss: 0.0000, Reward: 0.6432, Avg Response Len: 403.88, Learning Rate: 0.00000001
Epoch:[1/1](2446/2500), Actor Loss: 0.0006, Aux Loss: 0.0000, Reward: -0.6303, Avg Response Len: 219.38, Learning Rate: 0.00000001
Epoch:[1/1](2447/2500), Actor Loss: 0.0003, Aux Loss: 0.0000, Reward: 0.3349, Avg Response Len: 455.81, Learning Rate: 0.00000001
Epoch:[1/1](2448/2500), Actor Loss: 0.0004, Aux Loss: 0.0000, Reward: -0.1510, Avg Response Len: 417.75, Learning Rate: 0.00000001
Epoch:[1/1](2449/2500), Actor Loss: 0.0004, Aux Loss: 0.0000, Reward: 0.7223, Avg Response Len: 409.62, Learning Rate: 0.00000001
Epoch:[1/1](2450/2500), Actor Loss: 0.0003, Aux Loss: 0.0000, Reward: -0.7693, Avg Response Len: 372.31, Learning Rate: 0.00000001
Epoch:[1/1](2451/2500), Actor Loss: 0.0006, Aux Loss: 0.0000, Reward: -0.4270, Avg Response Len: 291.38, Learning Rate: 0.00000001
Epoch:[1/1](2452/2500), Actor Loss: 0.0016, Aux Loss: 0.0000, Reward: 0.1612, Avg Response Len: 149.56, Learning Rate: 0.00000001
Epoch:[1/1](2453/2500), Actor Loss: 0.0003, Aux Loss: 0.0000, Reward: 0.0994, Avg Response Len: 456.19, Learning Rate: 0.00000001
Epoch:[1/1](2454/2500), Actor Loss: 0.0008, Aux Loss: 0.0000, Reward: -0.9411, Avg Response Len: 243.94, Learning Rate: 0.00000001
Epoch:[1/1](2455/2500), Actor Loss: 0.0005, Aux Loss: 0.0000, Reward: -1.0192, Avg Response Len: 336.75, Learning Rate: 0.00000001
Epoch:[1/1](2456/2500), Actor Loss: 0.0004, Aux Loss: 0.0000, Reward: 0.5376, Avg Response Len: 364.06, Learning Rate: 0.00000001
Epoch:[1/1](2457/2500), Actor Loss: 0.0024, Aux Loss: 0.0000, Reward: 0.6394, Avg Response Len: 295.69, Learning Rate: 0.00000001
Epoch:[1/1](2458/2500), Actor Loss: 0.0035, Aux Loss: 0.0000, Reward: 1.0785, Avg Response Len: 258.62, Learning Rate: 0.00000001
Epoch:[1/1](2459/2500), Actor Loss: 0.0004, Aux Loss: 0.0000, Reward: -0.0164, Avg Response Len: 353.19, Learning Rate: 0.00000001
Epoch:[1/1](2460/2500), Actor Loss: 0.0011, Aux Loss: 0.0000, Reward: 0.4580, Avg Response Len: 236.75, Learning Rate: 0.00000001
Epoch:[1/1](2461/2500), Actor Loss: 0.0005, Aux Loss: 0.0000, Reward: -0.7472, Avg Response Len: 347.38, Learning Rate: 0.00000001
Epoch:[1/1](2462/2500), Actor Loss: 0.0004, Aux Loss: 0.0000, Reward: -0.6782, Avg Response Len: 184.69, Learning Rate: 0.00000001
Epoch:[1/1](2463/2500), Actor Loss: 0.0003, Aux Loss: 0.0000, Reward: 0.4940, Avg Response Len: 394.81, Learning Rate: 0.00000001
Epoch:[1/1](2464/2500), Actor Loss: 0.0004, Aux Loss: 0.0000, Reward: 1.0329, Avg Response Len: 523.81, Learning Rate: 0.00000001
Epoch:[1/1](2465/2500), Actor Loss: 0.0006, Aux Loss: 0.0000, Reward: 1.0302, Avg Response Len: 427.75, Learning Rate: 0.00000001
Epoch:[1/1](2466/2500), Actor Loss: 0.0004, Aux Loss: 0.0000, Reward: -0.3384, Avg Response Len: 372.62, Learning Rate: 0.00000001
Epoch:[1/1](2467/2500), Actor Loss: 0.0004, Aux Loss: 0.0000, Reward: -0.1090, Avg Response Len: 496.06, Learning Rate: 0.00000001
Epoch:[1/1](2468/2500), Actor Loss: 0.0011, Aux Loss: 0.0000, Reward: 0.4810, Avg Response Len: 339.75, Learning Rate: 0.00000001
Epoch:[1/1](2469/2500), Actor Loss: 0.0003, Aux Loss: 0.0000, Reward: 0.0360, Avg Response Len: 245.81, Learning Rate: 0.00000001
Epoch:[1/1](2470/2500), Actor Loss: 0.0004, Aux Loss: 0.0000, Reward: -0.3007, Avg Response Len: 65.19, Learning Rate: 0.00000001
Epoch:[1/1](2471/2500), Actor Loss: 0.0005, Aux Loss: 0.0000, Reward: 0.6192, Avg Response Len: 378.56, Learning Rate: 0.00000001
Epoch:[1/1](2472/2500), Actor Loss: 0.0004, Aux Loss: 0.0000, Reward: -0.4908, Avg Response Len: 270.25, Learning Rate: 0.00000001
Epoch:[1/1](2473/2500), Actor Loss: 0.0005, Aux Loss: 0.0000, Reward: 0.0330, Avg Response Len: 383.69, Learning Rate: 0.00000001
Epoch:[1/1](2474/2500), Actor Loss: 0.0004, Aux Loss: 0.0000, Reward: -0.1727, Avg Response Len: 456.38, Learning Rate: 0.00000001
Epoch:[1/1](2475/2500), Actor Loss: 0.0015, Aux Loss: 0.0000, Reward: -0.3564, Avg Response Len: 295.75, Learning Rate: 0.00000001
Epoch:[1/1](2476/2500), Actor Loss: 0.0003, Aux Loss: 0.0000, Reward: -1.6078, Avg Response Len: 301.19, Learning Rate: 0.00000001
Epoch:[1/1](2477/2500), Actor Loss: 0.0004, Aux Loss: 0.0000, Reward: -0.6792, Avg Response Len: 416.12, Learning Rate: 0.00000001
Epoch:[1/1](2478/2500), Actor Loss: 0.0015, Aux Loss: 0.0000, Reward: -0.6893, Avg Response Len: 320.81, Learning Rate: 0.00000001
Epoch:[1/1](2479/2500), Actor Loss: 0.0011, Aux Loss: 0.0000, Reward: -0.1213, Avg Response Len: 222.81, Learning Rate: 0.00000001
Epoch:[1/1](2480/2500), Actor Loss: 0.0005, Aux Loss: 0.0000, Reward: 0.4560, Avg Response Len: 429.06, Learning Rate: 0.00000001
Epoch:[1/1](2481/2500), Actor Loss: 0.0006, Aux Loss: 0.0000, Reward: -0.3128, Avg Response Len: 498.62, Learning Rate: 0.00000001
Epoch:[1/1](2482/2500), Actor Loss: 0.0013, Aux Loss: 0.0000, Reward: 0.1371, Avg Response Len: 166.94, Learning Rate: 0.00000001
Epoch:[1/1](2483/2500), Actor Loss: 0.0004, Aux Loss: 0.0000, Reward: -0.4640, Avg Response Len: 340.00, Learning Rate: 0.00000001
Epoch:[1/1](2484/2500), Actor Loss: 0.0004, Aux Loss: 0.0000, Reward: 0.4095, Avg Response Len: 462.19, Learning Rate: 0.00000001
Epoch:[1/1](2485/2500), Actor Loss: 0.0077, Aux Loss: 0.0000, Reward: -0.2559, Avg Response Len: 330.12, Learning Rate: 0.00000001
Epoch:[1/1](2486/2500), Actor Loss: 0.0076, Aux Loss: 0.0000, Reward: -0.8807, Avg Response Len: 376.19, Learning Rate: 0.00000001
Epoch:[1/1](2487/2500), Actor Loss: 0.0013, Aux Loss: 0.0000, Reward: -0.1333, Avg Response Len: 193.31, Learning Rate: 0.00000001
Epoch:[1/1](2488/2500), Actor Loss: 0.0024, Aux Loss: 0.0000, Reward: -0.0292, Avg Response Len: 372.94, Learning Rate: 0.00000001
Epoch:[1/1](2489/2500), Actor Loss: 0.0013, Aux Loss: 0.0000, Reward: -0.1225, Avg Response Len: 304.19, Learning Rate: 0.00000001
Epoch:[1/1](2490/2500), Actor Loss: 0.0007, Aux Loss: 0.0000, Reward: 0.0359, Avg Response Len: 169.56, Learning Rate: 0.00000001
Epoch:[1/1](2491/2500), Actor Loss: 0.0033, Aux Loss: 0.0000, Reward: -0.2075, Avg Response Len: 191.44, Learning Rate: 0.00000001
Epoch:[1/1](2492/2500), Actor Loss: 0.0005, Aux Loss: 0.0000, Reward: 0.6081, Avg Response Len: 376.75, Learning Rate: 0.00000001
Epoch:[1/1](2493/2500), Actor Loss: 0.0006, Aux Loss: 0.0000, Reward: 0.4936, Avg Response Len: 389.25, Learning Rate: 0.00000001
Epoch:[1/1](2494/2500), Actor Loss: 0.0005, Aux Loss: 0.0000, Reward: -0.3092, Avg Response Len: 280.75, Learning Rate: 0.00000001
Epoch:[1/1](2495/2500), Actor Loss: 0.0018, Aux Loss: 0.0000, Reward: -0.0892, Avg Response Len: 237.94, Learning Rate: 0.00000001
Epoch:[1/1](2496/2500), Actor Loss: 0.0004, Aux Loss: 0.0000, Reward: 1.2316, Avg Response Len: 399.50, Learning Rate: 0.00000001
Epoch:[1/1](2497/2500), Actor Loss: 0.0008, Aux Loss: 0.0000, Reward: 0.6866, Avg Response Len: 244.00, Learning Rate: 0.00000001
Epoch:[1/1](2498/2500), Actor Loss: 0.0007, Aux Loss: 0.0000, Reward: -0.2568, Avg Response Len: 303.69, Learning Rate: 0.00000001
Epoch:[1/1](2499/2500), Actor Loss: 0.0004, Aux Loss: 0.0000, Reward: 0.4086, Avg Response Len: 183.19, Learning Rate: 0.00000001
Epoch:[1/1](2500/2500), Actor Loss: 0.0011, Aux Loss: 0.0000, Reward: 0.0711, Avg Response Len: 183.75, Learning Rate: 0.00000001
swanlab: Experiment MiniMind-GRPO-Epoch-1-BS-2-LR-8e-08 has completed
swanlab: 🏠 View project at https://swanlab.cn/@lanze/MiniMind-GRPO
swanlab: 🚀 View run at https://swanlab.cn/@lanze/MiniMind-GRPO/runs/48vtjgldxt7fiiudntyr6
